{
  "main": {
    "brx": {
      "identity": {
        "version": {
          "_number": "$Revision: 13701 $",
          "_cldrVersion": "32"
        },
        "language": "brx"
      },
      "localeDisplayNames": {
        "languages": {
          "aa": "aa",
          "ab": "अब्खाज़ियन्",
          "ace": "अचेहनी",
          "ach": "अकोली",
          "ada": "अडांगमे",
          "ady": "अडीगे",
          "ae": "अवस्तन्",
          "af": "अफ्रीकी",
          "afh": "अफ्रीहीली",
          "agq": "agq",
          "ain": "ऐनू",
          "ak": "अकन",
          "akk": "अकाडिनी",
          "ale": "अलुट",
          "alt": "alt",
          "am": "अम्हारिक्",
          "an": "आर्गोनी",
          "ang": "पुरानी अंग्रेज़ी",
          "anp": "अंगीका",
          "ar": "अरबी",
          "ar-001": "अरबी (दुनिया)",
          "arc": "अरामाईक",
          "arn": "arn",
          "arp": "अरापाहो",
          "arw": "अरावाक",
          "as": "असामी",
          "asa": "asa",
          "ast": "ast",
          "av": "अवारिक्",
          "awa": "अवधी",
          "ay": "आयमारा",
          "az": "अज़रबैजानी",
          "az-alt-short": "az",
          "ba": "बशख़िर्",
          "bal": "बलूची",
          "ban": "बालिनी",
          "bas": "बास्क़्",
          "be": "बैलोरूसियन्",
          "bej": "बेजा",
          "bem": "बेंबा",
          "bez": "bez",
          "bg": "बल्गैरियन्",
          "bho": "भोजपुरी",
          "bi": "बिस्लामा",
          "bik": "बिकोल्",
          "bin": "बिनी",
          "bla": "सीकसीका",
          "bm": "बांबारा",
          "bn": "बंगला",
          "bo": "तिब्बती",
          "br": "ब्रटों",
          "bra": "ब्रज",
          "brx": "बड़ो",
          "bs": "बोस्नियाई",
          "bua": "बुरियात",
          "bug": "बुगीनी",
          "byn": "ब्लीन",
          "ca": "कातालान्",
          "cad": "काद्दौ",
          "car": "कारीब्",
          "cch": "आत्सम",
          "ce": "चेचेन्",
          "ceb": "चेबुआनो",
          "cgg": "cgg",
          "ch": "चामोरो",
          "chb": "चीबचा",
          "chg": "चगताई",
          "chk": "चुकेसे",
          "chm": "मारी",
          "chn": "चीनूक् जार्गन्",
          "cho": "चौक्टो",
          "chp": "चिपेवियान्",
          "chr": "चीरोकी",
          "chy": "शायान्",
          "ckb": "ckb",
          "co": "कोर्सीकन्",
          "cop": "कॉप्टीक्",
          "cr": "क्री",
          "crh": "तुर्की क्रिमिया",
          "crs": "crs",
          "cs": "चेक्",
          "csb": "काशुबियान्",
          "cu": "चर्च स्लाविक्",
          "cv": "चुवाश्",
          "cy": "वैल्श्",
          "da": "डैनीश्",
          "dak": "डकौटा",
          "dar": "दर्गवा",
          "dav": "dav",
          "de": "ज़र्मन",
          "de-AT": "जर्मन (ऑस्ट्रिया)",
          "de-CH": "उच्च स्तरिय स्वीस जर्मन",
          "del": "दलावार्",
          "den": "स्लेव्",
          "dgr": "डोगरीब्",
          "din": "डींगका",
          "dje": "dje",
          "doi": "डोगरी",
          "dsb": "सोर्बियन्",
          "dua": "डुआला",
          "dum": "मध्य डच",
          "dv": "दीवेही",
          "dyo": "dyo",
          "dyu": "द्युआला",
          "dz": "भुटानी",
          "dzg": "dzg",
          "ebu": "ebu",
          "ee": "एवे",
          "efi": "एफीक्",
          "egy": "प्राचीन मिस्री",
          "eka": "एकाजुक",
          "el": "ग्रीक",
          "elx": "एलामी",
          "en": "अंग्रेज़ी",
          "en-AU": "अंग्रेज़ी (ऑस्ट्रेलिया का)",
          "en-CA": "अंग्रेज़ी (कनाडाई)",
          "en-GB": "अंग्रेजी (ब्रिटिश)",
          "en-GB-alt-short": "अंग्रेज़ी (GB)",
          "en-US": "अंग्रेज़ी (अमरिकी)",
          "en-US-alt-short": "अंग्रेज़ी (US)",
          "enm": "मध्य अंग्रेज़ी",
          "eo": "एस्पेरान्तो",
          "es": "स्पैनिश",
          "es-419": "लैटिन अमरिकी स्पैनिश",
          "es-ES": "ईवेरियाई स्पैनिश",
          "es-MX": "स्पैनिश (मैक्सिको)",
          "et": "ऐस्टोनियन्",
          "eu": "बास्क्",
          "ewo": "एवौंडो",
          "fa": "फार्सी",
          "fan": "फाँग्",
          "fat": "फाँटी",
          "ff": "फुलाह्",
          "fi": "फिनिश्",
          "fil": "फिलिपिनो",
          "fj": "फ़ीजी",
          "fo": "फिरोज़ी",
          "fon": "फोन",
          "fr": "फ्रांसीसी",
          "fr-CA": "फ्रांसीसी (कनाडाई)",
          "fr-CH": "फ्रांसीसी (स्वीस)",
          "frc": "frc",
          "frm": "मध्य फ्रांसीसी",
          "fro": "पुरानी फ्रांसीसी",
          "frr": "उत्तरी फ्रीज़ियन्",
          "frs": "पूर्वी फ्रीज़ियन्",
          "fur": "फ्रीउलीअन्",
          "fy": "पश्चीमी फ्रीज़ियन्",
          "ga": "आईरिश",
          "gaa": "गा",
          "gan": "gan",
          "gay": "गायो",
          "gba": "ग्बाया",
          "gd": "स्कॉट्स् गैलिक्",
          "gez": "गीज़्",
          "gil": "गीलबर्टी",
          "gl": "गैलिशियन्",
          "gmh": "मध्य उच्चस्तरी जर्मन",
          "gn": "गुआरानी",
          "goh": "पुरानी उच्चस्तरी जर्मन",
          "gon": "गाँडी",
          "gor": "गोरंटालो",
          "got": "गॉथिक",
          "grb": "ग्रेबो",
          "grc": "प्राचीन यूनानी",
          "gsw": "स्वीस जर्मन",
          "gu": "गुजराती",
          "guz": "guz",
          "gv": "मैंक्स",
          "gwi": "ग्वीचलीन",
          "ha": "हउसा",
          "hai": "हईडा",
          "hak": "hak",
          "haw": "हवाईअन",
          "he": "हिब्रु",
          "hi": "हिंदी",
          "hil": "हीलीगैनोन",
          "hit": "हीत्ती",
          "hmn": "ह्मौंग",
          "ho": "हीरी मोटु",
          "hr": "क्रोएशन्",
          "hsb": "ऊपरी सौर्बियन",
          "hsn": "hsn",
          "ht": "हाईशीयन्",
          "hu": "हंगैरीयन्",
          "hup": "हूपा",
          "hy": "अरमेनियन्",
          "hz": "हेरेरो",
          "ia": "ईन्टरलिंग्वा",
          "iba": "ईबान्",
          "ibb": "ibb",
          "id": "इन्डोनेशियन्",
          "ie": "ईन्टरलिंग्वे",
          "ig": "ईग्बो",
          "ii": "सीचुआन् यी",
          "ik": "इनुपियाक़्",
          "ilo": "ईलोको",
          "inh": "ईंगुष",
          "io": "ईडो",
          "is": "आईस्लैंडिक्",
          "it": "ईटालियन्",
          "iu": "इनूक्टीटूत्",
          "ja": "जापानी",
          "jbo": "लोजबान",
          "jgo": "jgo",
          "jmc": "jmc",
          "jpr": "यहुदी फ़ारसी",
          "jrb": "यहुदी अरबी",
          "jv": "जावानीस",
          "ka": "जॉर्जियन्",
          "kaa": "कारा कलपक",
          "kab": "काबील्",
          "kac": "कचीन्",
          "kaj": "जु",
          "kam": "कंबा",
          "kaw": "कावी",
          "kbd": "कबार्डी भाषा",
          "kcg": "त्याप्",
          "kde": "kde",
          "kea": "kea",
          "kfo": "कोरो",
          "kg": "कॉंगो",
          "kha": "ख़ासी",
          "kho": "ख़ोतानी",
          "khq": "khq",
          "ki": "किकुयु",
          "kj": "कुआनयामा",
          "kk": "क़ज़ाख़्",
          "kkj": "kkj",
          "kl": "कलालीसुत",
          "kln": "kln",
          "km": "ख्मेर",
          "kmb": "कींबुंडु",
          "kn": "कन्नड्",
          "ko": "कोरीयन्",
          "kok": "कोंकणी",
          "kos": "कोस्राईयन्",
          "kpe": "क्पेले",
          "kr": "कनुरी",
          "krc": "कराचय् बलकार्",
          "krl": "करेलियन्",
          "kru": "कुरुख़्",
          "ks": "कश्मिरी",
          "ksb": "ksb",
          "ksf": "ksf",
          "ksh": "ksh",
          "ku": "कुर्दी",
          "kum": "कुमीक्",
          "kut": "कुतेनाई",
          "kv": "कोमी",
          "kw": "कौर्नवॉली",
          "ky": "किरग़ीज़्",
          "la": "लैटीन्",
          "lad": "लाड़ीनो",
          "lag": "lag",
          "lah": "लाह्डां",
          "lam": "लांबा",
          "lb": "लुक्समबुर्गी",
          "lez": "लेज़गीयान",
          "lg": "गांडा",
          "li": "लींबुर्गी",
          "lkt": "lkt",
          "ln": "लिंगाला",
          "lo": "लाओसीयन्",
          "lol": "मोंगो",
          "lou": "lou",
          "loz": "लोज़ी",
          "lrc": "lrc",
          "lt": "लिथुआनियन्",
          "lu": "लुबा कटांगा",
          "lua": "लुबा लुलुआ",
          "lui": "लुईसेनो",
          "lun": "लुंडा",
          "luo": "लुओ",
          "lus": "लुशाई",
          "luy": "luy",
          "lv": "लाटवियन् (लैट्टीश)",
          "mad": "मादुरी",
          "mag": "मघी",
          "mai": "मैथीली",
          "mak": "मक्सर",
          "man": "मांडींगो",
          "mas": "मसाई",
          "mdf": "मोक्षा",
          "mdr": "मंदार",
          "men": "मेंदे",
          "mer": "mer",
          "mfe": "mfe",
          "mg": "मालागासी",
          "mga": "मध्य आईरीश भाषा",
          "mgh": "mgh",
          "mgo": "mgo",
          "mh": "मार्शली",
          "mi": "माओरी",
          "mic": "मीकमाक",
          "min": "मिनंगकाबाउ",
          "mk": "मैसेडोनियन्",
          "ml": "मलयालम",
          "mn": "मोंगोलियन",
          "mnc": "मांचु",
          "mni": "मणीपुरी",
          "moh": "मोहोक",
          "mos": "मोस्सी",
          "mr": "मराठी",
          "ms": "मलाय",
          "mt": "मालटीज़्",
          "mua": "mua",
          "mul": "mul",
          "mus": "क्रीक",
          "mwl": "मीरांडी",
          "mwr": "मारवाड़ी",
          "my": "बर्मी",
          "myv": "ऐर्ज़िया",
          "mzn": "mzn",
          "na": "नाऊरू",
          "nan": "nan",
          "nap": "नेआपोलिटन",
          "naq": "naq",
          "nb": "नोर्वेगी बोकमाल",
          "nd": "उत्तर न्दबेले",
          "nds": "नीजी स्तरिय जर्मन",
          "nds-NL": "नीजी स्तरिय जर्मन (नेदरलैण्ड)",
          "ne": "नेपाली",
          "new": "नेवारी",
          "ng": "न्डोंगा",
          "nia": "नियास",
          "niu": "नियुइआन",
          "nl": "डच्",
          "nl-BE": "फ्लेमी",
          "nmg": "nmg",
          "nn": "नॉर्वेजियन् नीनॉर्स्क्",
          "nnh": "nnh",
          "no": "नॉर्वेजीयन्",
          "nog": "नोगाई",
          "non": "पुरानी नॉर्स्",
          "nqo": "न्गको",
          "nr": "दक्षिणी न्दबेले",
          "nso": "nso",
          "nus": "nus",
          "nv": "नावाहो",
          "nwc": "पुरानी नेवारी",
          "ny": "न्यानजा",
          "nym": "न्यामवेज़ी",
          "nyn": "न्यानकोले",
          "nyo": "न्यौरो",
          "nzi": "न्ज़ीमा",
          "oc": "ओक्सीतान",
          "oj": "ओहीबवा",
          "om": "ओरोमो (अफ़ान)",
          "or": "उड़िया",
          "os": "ओस्सेटी",
          "osa": "ओसेज",
          "ota": "तुर्की ओटोमान",
          "pa": "पंजाबी",
          "pag": "पांगासीनन",
          "pal": "पहलवी",
          "pam": "पंपंगा",
          "pap": "पापीआमेन्तो",
          "pau": "पालाऊ",
          "pcm": "pcm",
          "peo": "पुरानी फ़ारसी",
          "phn": "फीनीसी",
          "pi": "पाली",
          "pl": "पोलिश",
          "pon": "पोहनपी",
          "prg": "prg",
          "pro": "पुरानी प्रोवाँसाल",
          "ps": "पख़्तु",
          "pt": "पुर्तगाली",
          "pt-BR": "पुर्तगाली (ब्राज़ील)",
          "pt-PT": "पुर्तगाली (पुर्तगाल)",
          "qu": "क्वेचुआ",
          "quc": "quc",
          "raj": "राजस्थानी",
          "rap": "रापानुई",
          "rar": "रारोटोंगा",
          "rm": "रेह्टो-रोमान्स",
          "rn": "किरून्दी",
          "ro": "रूमानीयन्",
          "ro-MD": "मोल्डेवियन्",
          "rof": "rof",
          "rom": "रुमानी",
          "root": "रुट",
          "ru": "रुसी",
          "rup": "आरोमानी",
          "rw": "किन्यारुआण्डा",
          "rwk": "rwk",
          "sa": "संस्कृत्",
          "sad": "संडावे",
          "sah": "यकुट्",
          "sam": "समारीती आरामाईक़",
          "saq": "saq",
          "sas": "सासक",
          "sat": "संताली",
          "sba": "sba",
          "sbp": "sbp",
          "sc": "सार्दीनी",
          "scn": "सीसीलीअन",
          "sco": "स्कॉट",
          "sd": "सिंधी",
          "se": "उत्तरी सामी",
          "seh": "seh",
          "sel": "सेलकुप",
          "ses": "ses",
          "sg": "सांग्रो",
          "sga": "पुरानी आईरीश",
          "sh": "सर्बो-क्रोएशन्",
          "shi": "shi",
          "shn": "शान",
          "si": "सींहाला",
          "sid": "सीदामो",
          "sk": "स्लोवाक्",
          "sl": "स्लोवेनियन्",
          "sm": "सामोअन",
          "sma": "पश्चीमी सामी",
          "smj": "लुले सामी",
          "smn": "ईनारी सामी",
          "sms": "स्कोल्ट् सामी",
          "sn": "शोना",
          "snk": "सोनिंगके",
          "so": "सोमाली",
          "sog": "सोगडीयन",
          "sq": "आल्बेनियन्",
          "sr": "सर्बियन्",
          "srn": "स्रनान् टॉंगो",
          "srr": "सेरेर",
          "ss": "स्वाटि",
          "ssy": "ssy",
          "st": "st",
          "su": "सुन्दानी",
          "suk": "सुकुमा",
          "sus": "सुसु",
          "sux": "सुमेरिअन",
          "sv": "स्वीडिश",
          "sw": "स्वाहिली",
          "sw-CD": "स्वाहिली (कॉंगो किनशासा)",
          "swb": "swb",
          "syc": "पारंपरीक सिरिआक",
          "syr": "सिरिआक",
          "ta": "तमिळ",
          "te": "तेलुगु",
          "tem": "तीमने",
          "teo": "teo",
          "ter": "तेरेनो",
          "tet": "तेतुम",
          "tg": "ताजिक्",
          "th": "थाई",
          "ti": "तिग्रीन्या",
          "tig": "टीग्रे",
          "tiv": "टीव्",
          "tk": "तुर्कमेन",
          "tkl": "टोकेलौ",
          "tl": "तागालोग",
          "tlh": "क्लींगदन",
          "tli": "ट्लिंगीत",
          "tmh": "तमाशेक",
          "tn": "त्स्वाना",
          "to": "टॉंगा",
          "tog": "न्यासा टॉंगा",
          "tpi": "तोक पिसीन",
          "tr": "तुर्की",
          "trv": "trv",
          "ts": "सोंगा",
          "tsi": "त्सीमशीआन्",
          "tt": "टाटर्",
          "tum": "टुँबुका",
          "tvl": "टुवालु",
          "tw": "ट्वी",
          "twq": "twq",
          "ty": "टाहिटि",
          "tyv": "टुवी",
          "tzm": "tzm",
          "udm": "उड़मुर्त",
          "ug": "उईग़ुर",
          "uga": "उगारिती",
          "uk": "यूक्रेनियन्",
          "umb": "उंबुंडु",
          "und": "अज्ञात या अवैध भाषा",
          "ur": "ऊर्दु",
          "uz": "उज़बेक्",
          "vai": "वाई",
          "ve": "वेंडा",
          "vi": "वियेतनामी",
          "vo": "वोलापोक",
          "vot": "वोटीक",
          "vun": "vun",
          "wa": "वालुन",
          "wae": "wae",
          "wal": "वालामो",
          "war": "वारय",
          "was": "वाशो",
          "wo": "वोलोफ",
          "wuu": "wuu",
          "xal": "कालमीक",
          "xh": "ख़ोसा",
          "xog": "xog",
          "yao": "याओ",
          "yap": "यापीज़",
          "yav": "yav",
          "ybb": "ybb",
          "yi": "यीद्दीश",
          "yo": "योरूबा",
          "yue": "yue",
          "za": "ज़ुआंग",
          "zap": "ज़ापोतेक",
          "zbl": "ब्लीस चिन्ह",
          "zen": "ज़ेनागा",
          "zgh": "zgh",
          "zh": "चीनी",
          "zh-Hans": "चीनी (सरलीकृत)",
          "zh-Hant": "चीनी (पारम्परिक)",
          "zu": "ज़ुलू",
          "zun": "ज़ुनी",
          "zxx": "रिक्त",
          "zza": "ज़ाज़ा"
        }
      }
    }
  }
}
