{
  "main": {
    "brx": {
      "identity": {
        "version": {
          "_number": "$Revision: 13701 $",
          "_cldrVersion": "32"
        },
        "language": "brx"
      },
      "localeDisplayNames": {
        "scripts": {
          "Adlm": "Adlm",
          "Aghb": "Aghb",
          "Ahom": "Ahom",
          "Arab": "अरबी",
          "Armi": "शहनशाही आरामाईक",
          "Armn": "अर्मेनियाई",
          "Avst": "अवस्तन्",
          "Bali": "बाली",
          "Bamu": "Bamu",
          "Bass": "Bass",
          "Batk": "बटकी",
          "Beng": "बंगाली",
          "Bhks": "Bhks",
          "Blis": "ब्लीस चीन्ह",
          "Bopo": "बोपोमोफो",
          "Brah": "ब्रह्मी",
          "Brai": "ब्रेल",
          "Bugi": "बुगीनी",
          "Buhd": "बुहीद",
          "Cakm": "Cakm",
          "Cans": "युनीफाईड कैनेडियन अबॉरीजीनल सीलैबीक्स",
          "Cari": "कारियन",
          "Cham": "कॅम",
          "Cher": "चिरूकी",
          "Cirt": "सिर्थ",
          "Copt": "कॉप्ट",
          "Cprt": "सीप्रीओट्",
          "Cyrl": "सिरिलिक्",
          "Cyrs": "पुरानी चर्च सिरिलिक्",
          "Deva": "देवनागरी",
          "Dsrt": "देसेरट्",
          "Dupl": "Dupl",
          "Egyd": "मीस्री डैमोटीक्",
          "Egyh": "मीस्री हैरैटीक्",
          "Egyp": "मीस्री हैरोग्लीफ़्",
          "Elba": "Elba",
          "Ethi": "ईथोपियाई",
          "Geok": "जोर्जीयन खुतसुरी",
          "Geor": "जोर्जीयन",
          "Glag": "ग्लैगोलिटीक",
          "Gonm": "Gonm",
          "Goth": "गौथीक",
          "Gran": "Gran",
          "Grek": "ग्रीक",
          "Gujr": "गुजराती",
          "Guru": "गुरमुखी",
          "Hanb": "Hanb",
          "Hang": "हंगुल",
          "Hani": "हान",
          "Hano": "हानुनु",
          "Hans": "सरलीकृत हान",
          "Hans-alt-stand-alone": "Hans",
          "Hant": "पारम्परिक हान",
          "Hant-alt-stand-alone": "Hant",
          "Hatr": "Hatr",
          "Hebr": "हिब्रू",
          "Hira": "हीरागाना",
          "Hluw": "Hluw",
          "Hmng": "पाहवाह ह्मौंग",
          "Hrkt": "काताकाना या हीरागाना",
          "Hung": "पुरानी हंगैरीयन",
          "Inds": "सिन्धु",
          "Ital": "पुरानी इटैलियन",
          "Jamo": "Jamo",
          "Java": "जावानीस",
          "Jpan": "जापानी",
          "Kali": "कायाह ली",
          "Kana": "काताकाना",
          "Khar": "खरोष्टी",
          "Khmr": "ख्मेर",
          "Khoj": "Khoj",
          "Knda": "कन्नड़",
          "Kore": "कोरियाई",
          "Kthi": "Kthi",
          "Lana": "लाना",
          "Laoo": "लाओ",
          "Latf": "फ्रैक्तुर लैटिन",
          "Latg": "गैलीक लैटिन",
          "Latn": "लैटिन",
          "Lepc": "लेपचा",
          "Limb": "लिम्बु",
          "Lina": "लीनीयर ए",
          "Linb": "लीनीयर बी",
          "Lisu": "Lisu",
          "Lyci": "लीसीयन",
          "Lydi": "लीडीयन",
          "Mahj": "Mahj",
          "Mand": "मांडे",
          "Mani": "मानीकी",
          "Marc": "Marc",
          "Maya": "माया हीरोग्लीफ्",
          "Mend": "Mend",
          "Merc": "Merc",
          "Mero": "मेरोईटीक्",
          "Mlym": "मलयालम्",
          "Modi": "Modi",
          "Mong": "मंगोलियाई",
          "Moon": "मुन्",
          "Mroo": "Mroo",
          "Mtei": "मेतेई मयेक",
          "Mult": "Mult",
          "Mymr": "म्यानमार्",
          "Narb": "Narb",
          "Nbat": "Nbat",
          "Newa": "Newa",
          "Nkoo": "न्गको",
          "Nshu": "Nshu",
          "Ogam": "ओगहैम",
          "Olck": "ओल चीकी",
          "Orkh": "ओरखोन",
          "Orya": "उड़िया",
          "Osge": "Osge",
          "Osma": "ओस्मानिया",
          "Palm": "Palm",
          "Pauc": "Pauc",
          "Perm": "पुरानी पर्मीक्",
          "Phag": "फाग्स पा",
          "Phli": "Phli",
          "Phlp": "Phlp",
          "Phlv": "बुक (सालटर) पहलवी",
          "Phnx": "फोनीशीयन",
          "Plrd": "पौलार्ड़ फोनेटीक",
          "Prti": "Prti",
          "Rjng": "रेजेंग",
          "Roro": "रोंगोरोंगो",
          "Runr": "रूनिक",
          "Samr": "समारती",
          "Sara": "सराती",
          "Sarb": "Sarb",
          "Saur": "सौराष्ट्र",
          "Sgnw": "सांकेतिक लेख",
          "Shaw": "शेवियन",
          "Shrd": "Shrd",
          "Sidd": "Sidd",
          "Sind": "Sind",
          "Sinh": "सिंहाली",
          "Sora": "Sora",
          "Soyo": "Soyo",
          "Sund": "सूडानी",
          "Sylo": "सील्होटी नागरी",
          "Syrc": "सीरीआक",
          "Syre": "एस्ट्रांगलो सीरीआक",
          "Syrj": "पश्चीमी सीरीआक",
          "Syrn": "पूर्वी सीरीआक",
          "Tagb": "तागबानवा",
          "Takr": "Takr",
          "Tale": "ताई ले",
          "Talu": "नया ताई लुए",
          "Taml": "तमीळ",
          "Tang": "Tang",
          "Tavt": "Tavt",
          "Telu": "तेलुगु",
          "Teng": "तेंगवार",
          "Tfng": "तीफीनाग़",
          "Tglg": "टागालॉग",
          "Thaa": "थाना",
          "Thai": "थाई",
          "Tibt": "तिब्बती",
          "Tirh": "Tirh",
          "Ugar": "ऊगारीटीक",
          "Vaii": "वाई",
          "Visp": "वीज़ीबल बोली",
          "Wara": "Wara",
          "Xpeo": "पुरानी फारसी",
          "Xsux": "सुमेरो अक्काड़ी कुनेईफॉर्म",
          "Yiii": "यी",
          "Zanb": "Zanb",
          "Zinh": "विरासत",
          "Zmth": "Zmth",
          "Zsye": "Zsye",
          "Zsym": "Zsym",
          "Zxxx": "अलिखित",
          "Zyyy": "आम",
          "Zzzz": "अज्ञात या अवैध लिपि"
        }
      }
    }
  }
}
