{
  "main": {
    "brx": {
      "identity": {
        "version": {
          "_number": "$Revision: 13701 $",
          "_cldrVersion": "32"
        },
        "language": "brx"
      },
      "localeDisplayNames": {
        "territories": {
          "001": "दुनिया",
          "002": "अफ्रीका",
          "003": "उत्तर अमरिका",
          "005": "दक्षिण अमरिका",
          "009": "ओशेआनिया",
          "011": "पश्चिमी अफ्रीका",
          "013": "मध्य अमरिका",
          "014": "पूर्वी अफ्रीका",
          "015": "उत्तरी अफ्रीका",
          "017": "मध्य अफ्रीका",
          "018": "दक्षिणी अफ्रीका",
          "019": "अमरिकाज़्",
          "021": "उत्तरी अमरिका",
          "029": "कैरिबियन",
          "030": "पूर्वी एशिया",
          "034": "दक्षिणी एशिया",
          "035": "दक्षिण-पूर्वी एशिया",
          "039": "दक्षिणी यूरोप",
          "053": "ऑस्ट्रेलिया एवं न्यूजीलैंड",
          "054": "मेलीनेशिया",
          "057": "माईक्रोनेशिया",
          "061": "पोलीनेशिया",
          "142": "एशिया",
          "143": "मध्य एशिया",
          "145": "पश्चिमी ऐशिया",
          "150": "यूरोप",
          "151": "पूर्वी यूरोप",
          "154": "उत्तरी यूरोप",
          "155": "पश्चिमी यूरोप्",
          "202": "202",
          "419": "लैटिन अमरिका एवं करीबी",
          "AC": "AC",
          "AD": "ऍन्डोरा",
          "AE": "संयुक्त अरब अमीरात",
          "AF": "अफ़ग़ानिस्तान",
          "AG": "एन्टिगुआ एवं बारबूडा",
          "AI": "एंगीला",
          "AL": "अल्बानिया",
          "AM": "आर्मेनिया",
          "AO": "अंगोला",
          "AQ": "अंटार्कटिका",
          "AR": "अर्जेण्टिना",
          "AS": "अमरिकी समोआ",
          "AT": "ऑस्ट्रिया",
          "AU": "ऑस्ट्रेलिया",
          "AW": "अरूबा",
          "AX": "आलाँड द्वीप",
          "AZ": "अज़रबैजान",
          "BA": "बोसनिया हर्ज़ेगोविना",
          "BB": "बारबाडोस",
          "BD": "बंगलादेश",
          "BE": "बेल्जियम",
          "BF": "बुर्किना फासो",
          "BG": "बल्गैरिया",
          "BH": "बहरैन",
          "BI": "बुरुंडी",
          "BJ": "बेनेँ",
          "BL": "सेँ बार्थेलेमी",
          "BM": "बरमूडा",
          "BN": "ब्रूनइ",
          "BO": "बोलीविया",
          "BQ": "BQ",
          "BR": "ब्राज़ील",
          "BS": "बहामा",
          "BT": "भूटान",
          "BV": "बुवे द्वीप",
          "BW": "बोत्स्वाना",
          "BY": "बेलारूस",
          "BZ": "बेलिज़",
          "CA": "कैनाडा",
          "CC": "कोकोस द्वीप",
          "CD": "कॉंगो किनशासा",
          "CD-alt-variant": "CD",
          "CF": "सेंट्रल अफ्रीकन रिपब्लिक",
          "CG": "कॉंगो ब्राज़्ज़ावील",
          "CG-alt-variant": "CG",
          "CH": "स्वित्ज़रलैंड",
          "CI": "आईवरी कोस्ट",
          "CI-alt-variant": "CI",
          "CK": "कुक द्वीप",
          "CL": "चिली",
          "CM": "कोमेरान",
          "CN": "चीन",
          "CO": "कोलम्बिया",
          "CP": "CP",
          "CR": "कोस्टारीका",
          "CU": "क्यूबा",
          "CV": "कैप वेर्दे",
          "CW": "CW",
          "CX": "क्रिस्मस द्वीप",
          "CY": "साइप्रस",
          "CZ": "चेक गणराज्य",
          "CZ-alt-variant": "CZ",
          "DE": "जर्मनी",
          "DG": "DG",
          "DJ": "द्जिबूती",
          "DK": "डेनमार्क",
          "DM": "डोमिनिका",
          "DO": "डोमिनिकन गणराज्य",
          "DZ": "अल्जीरिया",
          "EA": "EA",
          "EC": "एक्वाडोर",
          "EE": "एस्टोनिया",
          "EG": "मिस्र",
          "EH": "पश्चिमी सहारा",
          "ER": "एरिट्रिया",
          "ES": "स्पेन",
          "ET": "इथिओपिया",
          "EU": "यूरोपीय संघ",
          "EZ": "EZ",
          "FI": "फिनलैंड",
          "FJ": "फिजी",
          "FK": "फ़ॉल्कलैंड द्वीप",
          "FK-alt-variant": "FK",
          "FM": "माइक्रोनेशिया",
          "FO": "फरो द्वीप",
          "FR": "फ्राँस",
          "GA": "गैबॉन",
          "GB": "ब्रितन",
          "GB-alt-short": "GB",
          "GD": "ग्रेनडा",
          "GE": "जॉर्जिया",
          "GF": "फ्राँसीसी गिआना",
          "GG": "गेर्नसे",
          "GH": "घाना",
          "GI": "जिब्राल्टर",
          "GL": "ग्रीनलैण्ड",
          "GM": "गाम्बिया",
          "GN": "गिनी",
          "GP": "ग्वादलुप",
          "GQ": "इक्वेटोरियल गिनी",
          "GR": "ग्रीस",
          "GS": "दक्षिण जोर्जिया एवं दक्षिण सैंडवीच द्वीप",
          "GT": "गोतेदाला",
          "GU": "गुआम",
          "GW": "गीनी-बिसाउ",
          "GY": "गुयाना",
          "HK": "हाँगकाँग विशेष प्रशासनिक क्षेत्र चीन",
          "HK-alt-short": "HK",
          "HM": "हर्ड द्वीप एवं मैकडोनॉल्ड द्वीप",
          "HN": "हौण्डूरास",
          "HR": "क्रोएशिया",
          "HT": "हाइती",
          "HU": "हंगरी",
          "IC": "IC",
          "ID": "इंडोनेशिया",
          "IE": "आयरलैंड",
          "IL": "इस्राइल",
          "IM": "आईल ऑफ़ मैन",
          "IN": "भारत",
          "IO": "ब्रिटिश हिंद महासागरिय क्षेत्र",
          "IQ": "ईराक़",
          "IR": "ईरान",
          "IS": "आइसलैंड",
          "IT": "इटली",
          "JE": "जर्सी",
          "JM": "जमाइका",
          "JO": "जॉर्डन",
          "JP": "जापान",
          "KE": "केन्या",
          "KG": "किर्गिज़",
          "KH": "कम्बोडिया",
          "KI": "किरिबाती",
          "KM": "कोमोरोज़",
          "KN": "सेंट किट्स एवं नेविस",
          "KP": "उत्तर कोरिया",
          "KR": "दक्षिण कोरिया",
          "KW": "कुवैत",
          "KY": "केमैन द्वीप",
          "KZ": "कज़ाखस्तान",
          "LA": "लाओस",
          "LB": "लेबनोन",
          "LC": "सेंट लूसिया",
          "LI": "लिक्टैनस्टाईन",
          "LK": "श्री लँका",
          "LR": "लाइबेरिया",
          "LS": "लसोथो",
          "LT": "लिथुआनिया",
          "LU": "लक्समबर्ग",
          "LV": "लाट्वीया",
          "LY": "लीबिया",
          "MA": "मोरोक्को",
          "MC": "मोनाको",
          "MD": "मोल्डेविया",
          "ME": "मोंटेनेग्रो",
          "MF": "सेँ मार्टेँ",
          "MG": "मदागास्कर",
          "MH": "मार्शल द्वीप",
          "MK": "मैसेडोनिया",
          "MK-alt-variant": "MK",
          "ML": "माली",
          "MM": "म्यानमार",
          "MN": "मंगोलिया",
          "MO": "मकाओ विशेष प्रशासनिक क्षेत्र (चीन)",
          "MO-alt-short": "MO",
          "MP": "उत्तरी मारियाना द्वीप",
          "MQ": "मार्टीनिक",
          "MR": "मॉरिटेनिया",
          "MS": "मॉंसेरा",
          "MT": "माल्टा",
          "MU": "मॉरिस",
          "MV": "मालदीव",
          "MW": "मलावी",
          "MX": "मैक्सिको",
          "MY": "मलेशिया",
          "MZ": "मोज़ाम्बिक",
          "NA": "नामीबिया",
          "NC": "न्यू कैलेडोनिया",
          "NE": "नाइजेर",
          "NF": "नॉरफ़ॉक द्वीप",
          "NG": "नाइजीरिया",
          "NI": "निकारागुआ",
          "NL": "नेदरलैण्ड",
          "NO": "नॉर्वे",
          "NP": "नेपाल",
          "NR": "नाउरू",
          "NU": "नीयूए",
          "NZ": "न्यूज़ीलैंड",
          "OM": "ओमान",
          "PA": "पनामा",
          "PE": "पेरू",
          "PF": "फ्राँसीसी पॉलिनीशिया",
          "PG": "पापुआ न्यू गिनी",
          "PH": "फिलीपिन्स",
          "PK": "पाकिस्तान",
          "PL": "पोलैण्ड",
          "PM": "सेँ पीएर एवं मि‍केलॉं",
          "PN": "पिटकेर्न",
          "PR": "पुएर्टो रीको",
          "PS": "फ़िलिस्तीन",
          "PS-alt-short": "PS",
          "PT": "पुर्तगाल",
          "PW": "पलाऊ",
          "PY": "पारागुए",
          "QA": "क़तार",
          "QO": "बाहरिय ओशेआनिया",
          "RE": "रेयूनियॉं",
          "RO": "रोमानिया",
          "RS": "सर्बिया",
          "RU": "रूस",
          "RW": "रूआण्डा",
          "SA": "सऊदी अरब",
          "SB": "सॉलोमन द्वीप",
          "SC": "सेशेल्स",
          "SD": "सूदान",
          "SE": "स्वीडन",
          "SG": "सिंगापुर",
          "SH": "सेण्‍ट हेलेना",
          "SI": "स्लोवेनिया",
          "SJ": "स्वाल्बार्ड एवं यान मायेन",
          "SK": "स्लोवाकिया",
          "SL": "सियेरा लेओन",
          "SM": "सैन मरीनो",
          "SN": "सेनेगाल",
          "SO": "सोमालिया",
          "SR": "सुरिनाम",
          "SS": "SS",
          "ST": "साउँ-तोमे एवं प्रिंसिप",
          "SV": "ऍल साल्वाडोर",
          "SX": "SX",
          "SY": "सीरिया",
          "SZ": "स्वाज़ीलैंड",
          "TA": "TA",
          "TC": "तुर्की एवं कैकोज़ द्वीप",
          "TD": "चाड",
          "TF": "फ्राँसीसी उत्तरी क्षेत्रों",
          "TG": "टोगो",
          "TH": "थाइलैण्ड",
          "TJ": "ताजिकिस्तान",
          "TK": "टोकेलौ",
          "TL": "पूर्वी तिमोर",
          "TL-alt-variant": "TL",
          "TM": "तुर्कमेनीस्तान",
          "TN": "त्युनिशिया",
          "TO": "टॉंगा",
          "TR": "तुर्की",
          "TT": "ट्रिनिडाड एवं टोबैगो",
          "TV": "तुवालु",
          "TW": "ताइवान",
          "TZ": "तंज़ानिया",
          "UA": "यूक्रेन",
          "UG": "युगाँडा",
          "UM": "युनाइटेड स्टेट्स के छोटे बाहरिय द्वीप",
          "UN": "UN",
          "US": "संयुक्त राज्य अमरिका",
          "US-alt-short": "US",
          "UY": "युरूगुए",
          "UZ": "उज़बेकिस्तान",
          "VA": "वैटिकन",
          "VC": "सेंट विंसंट एवं दी ग्रनाडीन्स्",
          "VE": "वेनेज़ुएला",
          "VG": "ब्रिटिश वर्जीन आईलंड्स",
          "VI": "यु.एस. वर्जीन आईलंड्स",
          "VN": "वियतनाम",
          "VU": "वानाऊटु",
          "WF": "वॉलेस एवं फ़्यूचूना",
          "WS": "समोआ",
          "XK": "XK",
          "YE": "यमन",
          "YT": "मैयौट",
          "ZA": "दक्षिण अफ्रीका",
          "ZM": "ज़ाम्बिया",
          "ZW": "ज़ीम्बाब्वे",
          "ZZ": "अज्ञात या अवैध प्रदेश"
        }
      }
    }
  }
}
