{
  "main": {
    "ca-ES-VALENCIA": {
      "identity": {
        "version": {
          "_number": "$Revision: 13133 $",
          "_cldrVersion": "32"
        },
        "language": "ca",
        "territory": "ES",
        "variant": "VALENCIA"
      },
      "localeDisplayNames": {
        "localeDisplayPattern": {
          "localePattern": "{0} ({1})",
          "localeSeparator": "{0}, {1}",
          "localeKeyTypePattern": "{0}: {1}"
        },
        "keys": {
          "calendar": "calendari",
          "cf": "format de moneda",
          "colAlternate": "Ordenació sense tenir en compte els símbols",
          "colBackwards": "Ordenació per accents invertida",
          "colCaseFirst": "Ordenació per majúscules i minúscules",
          "colCaseLevel": "Ordenació per detecció de majúscules",
          "collation": "ordenació",
          "colNormalization": "Ordenació normalitzada",
          "colNumeric": "Ordenació numèrica",
          "colStrength": "Força de l’ordenació",
          "currency": "moneda",
          "hc": "sistema horari (12h o 24h)",
          "lb": "estil de salt de línia",
          "ms": "Sistema de mesures",
          "numbers": "xifres",
          "timezone": "Zona horària",
          "va": "Variant local",
          "x": "ús privat"
        },
        "types": {
          "calendar": {
            "buddhist": "calendari budista",
            "chinese": "calendari xinès",
            "coptic": "calendari copte",
            "dangi": "calendari dangi",
            "ethiopic": "calendari etíop",
            "ethiopic-amete-alem": "calendari etíop amete-alem",
            "gregorian": "calendari gregorià",
            "hebrew": "calendari hebreu",
            "indian": "calendari hindú",
            "islamic": "calendari islàmic",
            "islamic-civil": "calendari civil islàmic",
            "islamic-rgsa": "islamic-rgsa",
            "islamic-tbla": "islamic-tbla",
            "islamic-umalqura": "calendari islàmic (Umm al-Qura)",
            "iso8601": "calendari ISO-8601",
            "japanese": "calendari japonès",
            "persian": "calendari persa",
            "roc": "calendari de la República de Xina"
          },
          "cf": {
            "account": "format de moneda comptable",
            "standard": "format de moneda estàndard"
          },
          "colAlternate": {
            "non-ignorable": "Ordena els símbols",
            "shifted": "Ordena sense tenir en compte els símbols"
          },
          "colBackwards": {
            "no": "Ordena els accents de manera normal",
            "yes": "Ordena amb ordre invers dels accents"
          },
          "colCaseFirst": {
            "lower": "Mostra primer les minúscules",
            "no": "Ordena per tipus de lletra normal",
            "upper": "Ordena amb majúscules primer"
          },
          "colCaseLevel": {
            "no": "Ordena sense distingir majúscules i minúscules",
            "yes": "Ordena amb detecció de majúscules i minúscules"
          },
          "collation": {
            "big5han": "ordre del xinès tradicional - Big5",
            "compat": "ordenació anterior, per a compatibilitat",
            "dictionary": "ordenació de diccionari",
            "ducet": "ordenació Unicode predeterminada",
            "emoji": "emoji",
            "eor": "normes europees d’ordenació",
            "gb2312han": "ordre del xinès simplificat - GB2312",
            "phonebook": "ordre de la guia telefònica",
            "phonetic": "Ordenació fonètica",
            "pinyin": "ordre pinyin",
            "reformed": "ordenació reformada",
            "search": "cerca de propòsit general",
            "searchjl": "cerca per consonant inicial del hangul",
            "standard": "ordenació estàndard",
            "stroke": "ordre dels traços",
            "traditional": "ordre tradicional",
            "unihan": "ordenació per quantitat de traços radicals",
            "zhuyin": "zhuyin"
          },
          "colNormalization": {
            "no": "Ordena sense normalització",
            "yes": "Ordena per caràcters Unicode normalitzats"
          },
          "colNumeric": {
            "no": "Ordena els dígits individualment",
            "yes": "Ordena els dígits numèricament"
          },
          "colStrength": {
            "identical": "Ordena-ho tot",
            "primary": "Ordena només les lletres de base",
            "quaternary": "Ordena per accents/majúscules/amplada/kana",
            "secondary": "Ordena els accents",
            "tertiary": "Ordena per accent/majúscules/amplada"
          },
          "d0": {
            "fwidth": "amplada completa",
            "hwidth": "amplada mitjana",
            "npinyin": "Numèric"
          },
          "hc": {
            "h11": "sistema de 12 hores (0–11)",
            "h12": "sistema de 12 hores (1–12)",
            "h23": "sistema de 24 hores (0–23)",
            "h24": "sistema de 24 hores (1–24)"
          },
          "lb": {
            "loose": "salt de línia flexible",
            "normal": "salt de línia normal",
            "strict": "salt de línia estricte"
          },
          "m0": {
            "bgn": "BGN",
            "ungegn": "UNGEGN"
          },
          "ms": {
            "metric": "sistema mètric",
            "uksystem": "sistema imperial d’unitats",
            "ussystem": "sistema d’unitats dels EUA"
          },
          "numbers": {
            "ahom": "ahom",
            "arab": "xifres indoaràbigues",
            "arabext": "xifres indoaràbigues ampliades",
            "armn": "nombres armenis",
            "armnlow": "nombres armenis en minúscula",
            "bali": "dígits balinesos",
            "beng": "dígits bengalins",
            "brah": "brah",
            "cakm": "cakm",
            "cham": "dígits txams",
            "cyrl": "cyrl",
            "deva": "dígits devanagaris",
            "ethi": "nombres etiòpics",
            "finance": "Numerals financers",
            "fullwide": "dígits d’amplada completa",
            "geor": "nombres georgians",
            "gonm": "gonm",
            "grek": "nombres grecs",
            "greklow": "nombres grecs en minúscula",
            "gujr": "dígits gujarati",
            "guru": "dígits gurmukhi",
            "hanidec": "nombres decimals xinesos",
            "hans": "nombres xinesos simplificats",
            "hansfin": "numerals financers xinesos simplificats",
            "hant": "numerals xinesos tradicionals",
            "hantfin": "numerals financers xinesos tradicionals",
            "hebr": "numerals hebreus",
            "hmng": "hmng",
            "java": "dígits javanesos",
            "jpan": "numerals japonesos",
            "jpanfin": "numerals financers japonesos",
            "kali": "dígits kayah",
            "khmr": "dígits khmer",
            "knda": "dígits kannada",
            "lana": "dígits tai tham hora",
            "lanatham": "dígits tai tham tham",
            "laoo": "dígits lao",
            "latn": "dígits aràbics",
            "lepc": "dígits lepcha",
            "limb": "dígits limbu",
            "mathbold": "mathbold",
            "mathdbl": "mathdbl",
            "mathmono": "mathmono",
            "mathsanb": "mathsanb",
            "mathsans": "mathsans",
            "mlym": "dígits malaiàlam",
            "modi": "modi",
            "mong": "dígits mongols",
            "mroo": "mroo",
            "mtei": "dígits meitei mayek",
            "mymr": "dígits de Myanmar",
            "mymrshan": "dígits shan de Myanmar",
            "mymrtlng": "mymrtlng",
            "native": "Dígits natius",
            "nkoo": "dígits n’ko",
            "olck": "dígits ol chiki",
            "orya": "dígits oriya",
            "osma": "osma",
            "roman": "nombres romans",
            "romanlow": "nombres romans en minúscula",
            "saur": "dígits saurashtra",
            "shrd": "shrd",
            "sind": "sind",
            "sinh": "sinh",
            "sora": "sora",
            "sund": "dígits sudanesos",
            "takr": "takr",
            "talu": "dígits tai lue nous",
            "taml": "nombres tamils tradicionals",
            "tamldec": "dígits tamils",
            "telu": "dígits telugu",
            "thai": "dígits thai",
            "tibt": "dígits tibetans",
            "tirh": "tirh",
            "traditional": "Numerals tradicionals",
            "vaii": "dígits vai",
            "wara": "wara"
          }
        },
        "codePatterns": {
          "language": "Idioma: {0}",
          "script": "Escriptura: {0}",
          "territory": "Regió: {0}"
        }
      }
    }
  }
}
