{
  "main": {
    "en-AG": {
      "identity": {
        "version": {
          "_number": "$Revision: 13133 $",
          "_cldrVersion": "32"
        },
        "language": "en",
        "territory": "AG"
      },
      "localeDisplayNames": {
        "localeDisplayPattern": {
          "localePattern": "{0} ({1})",
          "localeSeparator": "{0}, {1}",
          "localeKeyTypePattern": "{0}: {1}"
        },
        "keys": {
          "calendar": "Calendar",
          "cf": "Currency Format",
          "colAlternate": "Ignore Symbols Sorting",
          "colBackwards": "Reversed Accent Sorting",
          "colCaseFirst": "Uppercase/Lowercase Ordering",
          "colCaseLevel": "Case Sensitive Sorting",
          "collation": "Sort Order",
          "colNormalization": "Normalised Sorting",
          "colNumeric": "Numeric Sorting",
          "colReorder": "Script/Block Reordering",
          "colStrength": "Sorting Strength",
          "currency": "Currency",
          "d0": "Transform Destination",
          "em": "Emoji Presentation Style",
          "fw": "First day of week",
          "h0": "Mixed-in Language",
          "hc": "Hour Cycle (12 vs 24)",
          "i0": "Input Method",
          "k0": "Keyboard",
          "kv": "Highest Ignored",
          "lb": "Line Break Style",
          "lw": "Line Breaks In Words Setting",
          "m0": "Transform Rules",
          "ms": "Measurement System",
          "numbers": "Numbers",
          "rg": "Region For Supplemental Data",
          "s0": "Transform Source",
          "sd": "Region Subdivision",
          "ss": "Sentence Break Suppressions Type",
          "t0": "Machine Translated",
          "timezone": "Time Zone",
          "va": "Locale Variant",
          "x": "Private-Use",
          "x0": "Private-Use Transform"
        },
        "types": {
          "calendar": {
            "buddhist": "Buddhist Calendar",
            "chinese": "Chinese Calendar",
            "coptic": "Coptic Calendar",
            "dangi": "Dangi Calendar",
            "ethiopic": "Ethiopic Calendar",
            "ethiopic-amete-alem": "Ethiopic Amete Alem Calendar",
            "gregorian": "Gregorian Calendar",
            "hebrew": "Hebrew Calendar",
            "indian": "Indian National Calendar",
            "islamic": "Islamic Calendar",
            "islamic-civil": "Islamic Calendar (tabular, civil epoch)",
            "islamic-rgsa": "Islamic Calendar (Saudi Arabia, sighting)",
            "islamic-tbla": "Islamic Calendar (tabular, astronomical epoch)",
            "islamic-umalqura": "Islamic Calendar (Umm al-Qura)",
            "iso8601": "ISO-8601 Calendar",
            "japanese": "Japanese Calendar",
            "persian": "Persian Calendar",
            "roc": "Minguo Calendar"
          },
          "cf": {
            "account": "Accounting Currency Format",
            "standard": "Standard Currency Format"
          },
          "colAlternate": {
            "non-ignorable": "Sort Symbols",
            "shifted": "Sort Ignoring Symbols"
          },
          "colBackwards": {
            "no": "Sort Accents Normally",
            "yes": "Sort Accents Reversed"
          },
          "colCaseFirst": {
            "lower": "Sort Lowercase First",
            "no": "Sort Normal Case Order",
            "upper": "Sort Uppercase First"
          },
          "colCaseLevel": {
            "no": "Sort Case Insensitive",
            "yes": "Sort Case Sensitive"
          },
          "collation": {
            "big5han": "Traditional Chinese Sort Order - Big5",
            "compat": "Previous Sort Order, for compatibility",
            "dictionary": "Dictionary Sort Order",
            "ducet": "Default Unicode Sort Order",
            "emoji": "Emoji Sort Order",
            "eor": "European Ordering Rules",
            "gb2312han": "Simplified Chinese Sort Order - GB2312",
            "phonebook": "Phonebook Sort Order",
            "phonetic": "Phonetic Sort Order",
            "pinyin": "Pinyin Sort Order",
            "reformed": "Reformed Sort Order",
            "search": "General-Purpose Search",
            "searchjl": "Search By Hangul Initial Consonant",
            "standard": "Standard Sort Order",
            "stroke": "Stroke Sort Order",
            "traditional": "Traditional Sort Order",
            "unihan": "Radical-Stroke Sort Order",
            "zhuyin": "Zhuyin Sort Order"
          },
          "colNormalization": {
            "no": "Sort Without Normalisation",
            "yes": "Sort Unicode Normalised"
          },
          "colNumeric": {
            "no": "Sort Digits Individually",
            "yes": "Sort Digits Numerically"
          },
          "colStrength": {
            "identical": "Sort All",
            "primary": "Sort Base Letters Only",
            "quaternary": "Sort Accents/Case/Width/Kana",
            "secondary": "Sort Accents",
            "tertiary": "Sort Accents/Case/Width"
          },
          "d0": {
            "accents": "To Accented Characters From ASCII Sequence",
            "ascii": "To ASCII",
            "casefold": "To Casefolded",
            "charname": "To Unicode Character Names",
            "fcc": "To Unicode FCC",
            "fcd": "To Unicode FCD",
            "fwidth": "To Fullwidth",
            "hex": "To Hexadecimal Codes",
            "hwidth": "To Halfwidth",
            "lower": "To Lowercase",
            "nfc": "To Unicode NFC",
            "nfd": "To Unicode NFD",
            "nfkc": "To Unicode NFKC",
            "nfkd": "To Unicode NFKD",
            "npinyin": "To Pinyin With Numeric Tones",
            "null": "No Change",
            "publish": "To Publishing Characters From ASCII",
            "remove": "To Empty String",
            "title": "To Titlecase",
            "upper": "To Uppercase"
          },
          "em": {
            "default": "Use Default Presentation For Emoji Characters",
            "emoji": "Prefer Emoji Presentation For Emoji Characters",
            "text": "Prefer Text Presentation For Emoji Characters"
          },
          "fw": {
            "fri": "First Day of Week Is Friday",
            "mon": "First Day of Week Is Monday",
            "sat": "First Day of Week Is Saturday",
            "sun": "First Day of Week Is Sunday",
            "thu": "First Day of Week Is Thursday",
            "tue": "First Day of Week Is Tuesday",
            "wed": "First Day of Week Is Wednesday"
          },
          "h0": {
            "hybrid": "Hybrid Language"
          },
          "hc": {
            "h11": "12 Hour System (0–11)",
            "h12": "12 Hour System (1–12)",
            "h23": "24 Hour System (0–23)",
            "h24": "24 Hour System (1–24)"
          },
          "i0": {
            "handwrit": "Handwriting Input Method",
            "pinyin": "Pinyin Input Method",
            "und": "Unspecified Input Method",
            "wubi": "Wubi Input Method"
          },
          "k0": {
            "101key": "101-Key Keyboard",
            "102key": "102-Key Keyboard",
            "600dpi": "600 dpi Keyboard",
            "768dpi": "768 dpi Keyboard",
            "android": "Android Keyboard",
            "azerty": "AZERTY-Based Keyboard",
            "chromeos": "ChromeOS Keyboard",
            "colemak": "Colemak Keyboard",
            "dvorak": "Dvorak Keyboard",
            "dvorakl": "Dvorak Left-Handed Keyboard",
            "dvorakr": "Dvorak Right-Handed Keyboard",
            "el220": "Greek 220 Keyboard",
            "el319": "Greek 319 Keyboard",
            "extended": "Keyboard With Many Extra Characters",
            "googlevk": "Google Virtual Keyboard",
            "isiri": "Persian ISIRI Keyboard",
            "legacy": "Legacy Keyboard",
            "lt1205": "Lithuanian LST 1205 Keyboard",
            "lt1582": "Lithuanian LST 1582 Keyboard",
            "nutaaq": "Inuktitut Nutaaq Keyboard",
            "osx": "macOS Keyboard",
            "patta": "Thai Pattachote Keyboard",
            "qwerty": "QWERTY-Based Keyboard",
            "qwertz": "QWERTZ-Based Keyboard",
            "ta99": "Tamil 99 Keyboard",
            "und": "Unspecified Keyboard",
            "var": "Keyboard Variant",
            "viqr": "Vietnamese VIQR Keyboard",
            "windows": "Windows Keyboard"
          },
          "kr": {
            "currency": "Currency",
            "digit": "Digits",
            "punct": "Punctuation",
            "space": "Whitespace",
            "symbol": "Symbol"
          },
          "kv": {
            "currency": "Ignore Symbols affects spaces, punctuation, all symbols",
            "punct": "Ignore Symbols affects spaces and punctuation only",
            "space": "Ignore Symbols affects spaces only",
            "symbol": "Ignore Symbols affects spaces, punctuation, non-currency symbols"
          },
          "lb": {
            "loose": "Loose Line Break Style",
            "normal": "Normal Line Break Style",
            "strict": "Strict Line Break Style"
          },
          "lw": {
            "breakall": "Allow Line Breaks In All Words",
            "keepall": "Prevent Line Breaks In All Words",
            "normal": "Normal Line Breaks For Words"
          },
          "m0": {
            "alaloc": "US ALA-LOC Transliteration",
            "bgn": "US BGN Transliteration",
            "buckwalt": "Buckwalter Arabic Transliteration",
            "din": "German DIN Transliteration",
            "gost": "CIS GOST Transliteration",
            "iso": "ISO Transliteration",
            "mcst": "Korean MCST Transliteration",
            "mns": "Mongolian National Standard Transliteration",
            "prprname": "Personal Name Transliteration Variant",
            "satts": "Standard Arabic Technical Transliteration",
            "ungegn": "UN GEGN Transliteration"
          },
          "ms": {
            "metric": "Metric System",
            "uksystem": "Imperial Measurement System",
            "ussystem": "US Measurement System"
          },
          "numbers": {
            "adlm": "Adlam Digits",
            "ahom": "Ahom Digits",
            "arab": "Arabic-Indic Digits",
            "arabext": "Extended Arabic-Indic Digits",
            "arabext-alt-short": "X Arabic-Indic Digits",
            "armn": "Armenian Numerals",
            "armnlow": "Armenian Lowercase Numerals",
            "bali": "Balinese Digits",
            "beng": "Bangla Digits",
            "bhks": "Bhaiksuki Digits",
            "brah": "Brahmi Digits",
            "cakm": "Chakma Digits",
            "cham": "Cham Digits",
            "cyrl": "Cyrillic Numerals",
            "deva": "Devanagari Digits",
            "ethi": "Ethiopic Numerals",
            "finance": "Financial Numerals",
            "fullwide": "Full-Width Digits",
            "geor": "Georgian Numerals",
            "gonm": "Masaram Gondi digits",
            "grek": "Greek Numerals",
            "greklow": "Greek Lowercase Numerals",
            "gujr": "Gujarati Digits",
            "guru": "Gurmukhi Digits",
            "hanidays": "Chinese Calendar Day-of-Month Numerals",
            "hanidec": "Chinese Decimal Numerals",
            "hans": "Simplified Chinese Numerals",
            "hansfin": "Simplified Chinese Financial Numerals",
            "hant": "Traditional Chinese Numerals",
            "hantfin": "Traditional Chinese Financial Numerals",
            "hebr": "Hebrew Numerals",
            "hmng": "Pahawh Hmong Digits",
            "java": "Javanese Digits",
            "jpan": "Japanese Numerals",
            "jpanfin": "Japanese Financial Numerals",
            "kali": "Kayah Li Digits",
            "khmr": "Khmer Digits",
            "knda": "Kannada Digits",
            "lana": "Tai Tham Hora Digits",
            "lanatham": "Tai Tham Tham Digits",
            "laoo": "Lao Digits",
            "latn": "Western Digits",
            "lepc": "Lepcha Digits",
            "limb": "Limbu Digits",
            "mathbold": "Mathematical Bold Digits",
            "mathdbl": "Mathematical Double-Struck Digits",
            "mathmono": "Mathematical Monospace Digits",
            "mathsanb": "Mathematical Sans-Serif Bold Digits",
            "mathsans": "Mathematical Sans-Serif Digits",
            "mlym": "Malayalam Digits",
            "modi": "Modi Digits",
            "mong": "Mongolian Digits",
            "mroo": "Mro Digits",
            "mtei": "Meetei Mayek Digits",
            "mymr": "Myanmar Digits",
            "mymrshan": "Myanmar Shan Digits",
            "mymrtlng": "Myanmar Tai Laing Digits",
            "native": "Native Digits",
            "newa": "Newa Digits",
            "nkoo": "N’Ko Digits",
            "olck": "Ol Chiki Digits",
            "orya": "Odia Digits",
            "osma": "Osmanya Digits",
            "roman": "Roman Numerals",
            "romanlow": "Roman Lowercase Numerals",
            "saur": "Saurashtra Digits",
            "shrd": "Sharada Digits",
            "sind": "Khudawadi Digits",
            "sinh": "Sinhala Lith Digits",
            "sora": "Sora Sompeng Digits",
            "sund": "Sundanese Digits",
            "takr": "Takri Digits",
            "talu": "New Tai Lue Digits",
            "taml": "Traditional Tamil Numerals",
            "tamldec": "Tamil Digits",
            "telu": "Telugu Digits",
            "thai": "Thai Digits",
            "tibt": "Tibetan Digits",
            "tirh": "Tirhuta Digits",
            "traditional": "Traditional Numerals",
            "vaii": "Vai Digits",
            "wara": "Warang Citi Digits"
          },
          "s0": {
            "accents": "From Accented Characters To ASCII Sequence",
            "ascii": "From ASCII",
            "hex": "From Hexadecimal Codes",
            "npinyin": "From Pinyin With Numeric Tones",
            "publish": "From Publishing Punctuation To ASCII",
            "zawgyi": "From Zawgyi Myanmar Encoding"
          },
          "ss": {
            "none": "Sentence Breaks Without Abbreviation Handling",
            "standard": "Suppress Sentence Breaks After Standard Abbreviations"
          },
          "t0": {
            "und": "Unspecified Machine Translation"
          },
          "va": {
            "posix": "POSIX Compliant Locale"
          }
        },
        "codePatterns": {
          "language": "Language: {0}",
          "script": "Script: {0}",
          "territory": "Region: {0}"
        }
      }
    }
  }
}
