{
  "main": {
    "el": {
      "identity": {
        "version": {
          "_number": "$Revision: 13705 $",
          "_cldrVersion": "32"
        },
        "language": "el"
      },
      "localeDisplayNames": {
        "localeDisplayPattern": {
          "localePattern": "{0} ({1})",
          "localeSeparator": "{0}, {1}",
          "localeKeyTypePattern": "{0}: {1}"
        },
        "keys": {
          "calendar": "Ημερολόγιο",
          "cf": "Μορφή νομίσματος",
          "colAlternate": "Ταξινόμηση με αγνόηση συμβόλων",
          "colBackwards": "Ταξινόμηση με αντεστραμμένο τονισμό",
          "colCaseFirst": "Ταξινόμηση με κεφαλαίους/πεζούς χαρακτήρες",
          "colCaseLevel": "Ταξινόμηση με διάκριση χαρακτήρων",
          "collation": "Σειρά ταξινόμησης",
          "colNormalization": "Κανονικοποιημένη ταξινόμηση",
          "colNumeric": "Αριθμητική ταξινόμηση",
          "colStrength": "Ισχύς ταξινόμησης",
          "currency": "Νόμισμα",
          "hc": "Κύκλος ωρών (12 ή 24)",
          "lb": "Στιλ αλλαγής γραμμών",
          "ms": "Σύστημα μέτρησης",
          "numbers": "Αριθμοί",
          "timezone": "Ζώνη ώρας",
          "va": "Παραλλαγή τοπικών ρυθμίσεων",
          "x": "Προσωπική χρήση"
        },
        "types": {
          "calendar": {
            "buddhist": "Βουδιστικό ημερολόγιο",
            "chinese": "Κινεζικό ημερολόγιο",
            "coptic": "Κοπτικό ημερολόγιο",
            "dangi": "Κορεατικό ημερολόγιο ντάνγκι",
            "ethiopic": "Αιθιοπικό ημερολόγιο",
            "ethiopic-amete-alem": "Αιθιοπικό ημερολόγιο Άμετ Άλεμ",
            "gregorian": "Γρηγοριανό ημερολόγιο",
            "hebrew": "Εβραϊκό ημερολόγιο",
            "indian": "Ινδικό εθνικό ημερολόγιο",
            "islamic": "Ισλαμικό ημερολόγιο",
            "islamic-civil": "Ισλαμικό ημερολόγιο (σε μορφή πίνακα, αστικό εποχής)",
            "islamic-rgsa": "Ισλαμικό ημερολόγιο (Σαουδική Αραβία, θέαση)",
            "islamic-tbla": "Ισλαμικό ημερολόγιο (δομημένο, αστρονομική εποχή)",
            "islamic-umalqura": "Ισλαμικό ημερολόγιο (Umm al-Qura)",
            "iso8601": "Ημερολόγιο ISO-8601",
            "japanese": "Ιαπωνικό ημερολόγιο",
            "persian": "Περσικό ημερολόγιο",
            "roc": "Ημερολόγιο της Δημοκρατίας της Κίνας"
          },
          "cf": {
            "account": "Λογιστική μορφή νομίσματος",
            "standard": "Τυπική μορφή νομίσματος"
          },
          "colAlternate": {
            "non-ignorable": "Ταξινόμηση συμβόλων",
            "shifted": "Ταξινόμηση με αγνόηση συμβόλων"
          },
          "colBackwards": {
            "no": "Κανονικά ταξινόμηση τόνων",
            "yes": "Αντίστροφη ταξινόμηση τόνων"
          },
          "colCaseFirst": {
            "lower": "Ταξινόμηση πεζών χαρακτήρων πρώτα",
            "no": "Κανονική ταξινόμηση χαρακτήρων",
            "upper": "Ταξινόμηση κεφαλαίων χαρακτήρων πρώτα"
          },
          "colCaseLevel": {
            "no": "Ταξινόμηση με διάκριση χαρακτήρων",
            "yes": "Ταξινόμηση χαρακτήρων διάκρισης"
          },
          "collation": {
            "big5han": "Σειρά ταξινόμησης Παραδοσιακών Κινεζικών - Big5",
            "compat": "Προηγούμενη σειρά ταξινόμησης, για συμβατότητα",
            "dictionary": "Σειρά ταξινόμησης ημερολογίου",
            "ducet": "Προεπιλεγμένη σειρά ταξινόμησης Unicode",
            "emoji": "emoji",
            "eor": "Ευρωπαϊκοί κανόνες ταξινόμησης",
            "gb2312han": "Σειρά ταξινόμησης Απλουστευμένων Κινεζικών - GB2312",
            "phonebook": "Σειρά ταξινόμησης τηλεφωνικού καταλόγου",
            "phonetic": "Φωνητική σειρά ταξινόμησης",
            "pinyin": "Σειρά ταξινόμησης Πινγίν",
            "reformed": "Ανασχηματισμένη σειρά ταξινόμησης",
            "search": "Αναζήτηση γενικού τύπου",
            "searchjl": "Αναζήτηση κατά αρχικό σύμφωνο Χανγκούλ",
            "standard": "Τυπική σειρά ταξινόμησης",
            "stroke": "Σειρά ταξινόμησης κινήσεων",
            "traditional": "Παραδοσιακή σειρά ταξινόμησης",
            "unihan": "Σειρά ταξινόμησης ριζικής αρίθμησης",
            "zhuyin": "zhuyin"
          },
          "colNormalization": {
            "no": "Ταξινόμηση χωρίς κανονικοποίηση",
            "yes": "Κανονικοποιημένη ταξινόμηση Unicode"
          },
          "colNumeric": {
            "no": "Μεμονωμένη ταξινόμηση ψηφίων",
            "yes": "Αριθμητική ταξινόμηση ψηφίων"
          },
          "colStrength": {
            "identical": "Ταξινόμηση όλων",
            "primary": "Ταξινόμηση μόνο βασικών χαρακτήρων",
            "quaternary": "Ταξινόμηση τόνων/χαρακτήρων διάκρισης/χαρακτήρων μεγάλου μεγέθους/χαρακτήρων Κάνα",
            "secondary": "Ταξινόμηση τόνων",
            "tertiary": "Ταξινόμηση τόνων/χαρακτήρων διάκρισης/χαρακτήρων μεγάλου μεγέθους"
          },
          "d0": {
            "fwidth": "Πλήρους πλάτους",
            "hwidth": "Μισού πλάτους",
            "npinyin": "Αριθμητικό"
          },
          "hc": {
            "h11": "12ωρο σύστημα (0–11)",
            "h12": "12ωρο σύστημα (1–12)",
            "h23": "24ωρο σύστημα (0–23)",
            "h24": "24ωρο σύστημα (1–24)"
          },
          "lb": {
            "loose": "Χαλαρό στιλ αλλαγής γραμμών",
            "normal": "Κανονικό στιλ αλλαγής γραμμών",
            "strict": "Στενό στιλ αλλαγής γραμμών"
          },
          "m0": {
            "bgn": "Μεταγραφή BGN ΗΠΑ",
            "ungegn": "Μεταγραφή GEGN ΟΗΕ"
          },
          "ms": {
            "metric": "Μετρικό σύστημα",
            "uksystem": "Αγγλοσαξονικό σύστημα μέτρησης",
            "ussystem": "Αμερικανικό σύστημα μέτρησης"
          },
          "numbers": {
            "ahom": "ahom",
            "arab": "Αραβικο-ινδικά ψηφία",
            "arabext": "Εκτεταμένα αραβικο-ινδικά ψηφία",
            "armn": "Αρμενικά αριθμητικά",
            "armnlow": "Πεζά αρμενικά αριθμητικά",
            "bali": "bali",
            "beng": "Βεγγαλικά ψηφία",
            "brah": "brah",
            "cakm": "cakm",
            "cham": "cham",
            "cyrl": "cyrl",
            "deva": "Ψηφία Ντεβαναγκάρι",
            "ethi": "Αιθιοπικά αριθμητικά",
            "finance": "Οικονομικά αριθμητικά",
            "fullwide": "Ψηφία πλήρους πλάτους",
            "geor": "Γεωργιανά αριθμητικά",
            "gonm": "gonm",
            "grek": "Ελληνικά αριθμητικά",
            "greklow": "Ελληνικά αριθμητικά πεζά",
            "gujr": "Γκουτζαρατικά ψηφία",
            "guru": "Ψηφία Γκουρμούκι",
            "hanidec": "Κινεζικά δεκαδικά αριθμητικά",
            "hans": "Απλοποιημένα κινεζικά αριθμητικά",
            "hansfin": "Απλοποιημένα κινεζικά οικονομικά αριθμητικά",
            "hant": "Παραδοσιακά κινεζικά αριθμητικά",
            "hantfin": "Παραδοσιακά κινεζικά οικονομικά αριθμητικά",
            "hebr": "Εβραϊκά αριθμητικά",
            "hmng": "hmng",
            "java": "java",
            "jpan": "Ιαπωνικά αριθμητικά",
            "jpanfin": "Ιαπωνικά οικονομικά αριθμητικά",
            "kali": "kali",
            "khmr": "Ψηφία Χμερ",
            "knda": "Ψηφία Κανάντα",
            "lana": "lana",
            "lanatham": "lanatham",
            "laoo": "Λαοϊκά ψηφία",
            "latn": "Ψηφία της Δύσης",
            "lepc": "lepc",
            "limb": "limb",
            "mathbold": "mathbold",
            "mathdbl": "mathdbl",
            "mathmono": "mathmono",
            "mathsanb": "mathsanb",
            "mathsans": "mathsans",
            "mlym": "Μαλαγιαλαμικά ψηφία",
            "modi": "modi",
            "mong": "Μογγολικά ψηφία",
            "mroo": "mroo",
            "mtei": "mtei",
            "mymr": "Ψηφία Μιανμάρ",
            "mymrshan": "mymrshan",
            "mymrtlng": "mymrtlng",
            "native": "Εγγενή ψηφία",
            "nkoo": "nkoo",
            "olck": "olck",
            "orya": "Οριγικά ψηφία",
            "osma": "osma",
            "roman": "Λατινικά αριθμητικά",
            "romanlow": "Πεζά λατινικά αριθμητικά",
            "saur": "saur",
            "shrd": "shrd",
            "sind": "sind",
            "sinh": "sinh",
            "sora": "sora",
            "sund": "sund",
            "takr": "takr",
            "talu": "talu",
            "taml": "Ταμιλικά αριθμητικά",
            "tamldec": "Ταμιλικά ψηφία",
            "telu": "Τελουγκουϊκά ψηφία",
            "thai": "Ταϊλανδικά ψηφία",
            "tibt": "Θιβετανικά ψηφία",
            "tirh": "tirh",
            "traditional": "Παραδοσιακά αριθμητικά",
            "vaii": "Ψηφία Βάι",
            "wara": "wara"
          }
        },
        "codePatterns": {
          "language": "Γλώσσα: {0}",
          "script": "Γραφή: {0}",
          "territory": "Περιοχή: {0}"
        }
      }
    }
  }
}
