{
  "main": {
    "el-CY": {
      "identity": {
        "version": {
          "_number": "$Revision: 13133 $",
          "_cldrVersion": "32"
        },
        "language": "el",
        "territory": "CY"
      },
      "localeDisplayNames": {
        "scripts": {
          "Adlm": "Adlm",
          "Aghb": "Aghb",
          "Ahom": "Ahom",
          "Arab": "Αραβικό",
          "Arab-alt-variant": "Περσικό-Αραβικό",
          "Armi": "Αυτοκρατορικό Αραμαϊκό",
          "Armn": "Αρμενικό",
          "Avst": "Αβεστάν",
          "Bali": "Μπαλινίζ",
          "Bamu": "Bamu",
          "Bass": "Bass",
          "Batk": "Μπατάκ",
          "Beng": "Μπενγκάλι",
          "Bhks": "Bhks",
          "Blis": "Σύμβολα Bliss",
          "Bopo": "Μποπομόφο",
          "Brah": "Μπραχμί",
          "Brai": "Μπράιγ",
          "Bugi": "Μπούγκις",
          "Buhd": "Μπουχίντ",
          "Cakm": "Τσάκμα",
          "Cans": "Ενοποιημένοι Καναδεζικοί Συλλαβισμοί Ιθαγενών",
          "Cari": "Καριάν",
          "Cham": "Τσαμ",
          "Cher": "Τσερόκι",
          "Cirt": "Σερθ",
          "Copt": "Κοπτικό",
          "Cprt": "Κυπριακό",
          "Cyrl": "Κυριλλικό",
          "Cyrs": "Παλαιό Εκκλησιαστικό Σλαβικό Κυριλλικό",
          "Deva": "Ντεβαναγκάρι",
          "Dsrt": "Ντεσερέ",
          "Dupl": "Dupl",
          "Egyd": "Λαϊκό Αιγυπτιακό",
          "Egyh": "Ιερατικό Αιγυπτιακό",
          "Egyp": "Αιγυπτιακά Ιερογλυφικά",
          "Elba": "Elba",
          "Ethi": "Αιθιοπικό",
          "Geok": "Γεωργιανό Κχουτσούρι",
          "Geor": "Γεωργιανό",
          "Glag": "Γκλαγκολιτικό",
          "Gonm": "Gonm",
          "Goth": "Γοτθικό",
          "Gran": "Gran",
          "Grek": "Ελληνικό",
          "Gujr": "Γκουγιαράτι",
          "Guru": "Γκουρμουκχί",
          "Hanb": "Χανμπ",
          "Hang": "Χανγκούλ",
          "Hani": "Χαν",
          "Hano": "Χανούνου",
          "Hans": "Απλοποιημένο",
          "Hans-alt-stand-alone": "Απλοποιημένο Χαν",
          "Hant": "Παραδοσιακό",
          "Hant-alt-stand-alone": "Παραδοσιακό Χαν",
          "Hatr": "Hatr",
          "Hebr": "Εβραϊκό",
          "Hira": "Χιραγκάνα",
          "Hluw": "Hluw",
          "Hmng": "Παχάχ Χμονγκ",
          "Hrkt": "Κατακάνα ή Χιραγκάνα",
          "Hung": "Παλαιό Ουγγρικό",
          "Inds": "Ίνδους",
          "Ital": "Παλαιό Ιταλικό",
          "Jamo": "Τζάμο",
          "Java": "Ιαβανεζικό",
          "Jpan": "Ιαπωνικό",
          "Kali": "Καγιάχ Λι",
          "Kana": "Κατακάνα",
          "Khar": "Καρόσθι",
          "Khmr": "Χμερ",
          "Khoj": "Khoj",
          "Knda": "Κανάντα",
          "Kore": "Κορεατικό",
          "Kthi": "Καϊθί",
          "Lana": "Λάννα",
          "Laoo": "Λάος",
          "Latf": "Φράκτουρ Λατινικό",
          "Latg": "Γαελικό Λατινικό",
          "Latn": "Λατινικό",
          "Lepc": "Λέπτσα",
          "Limb": "Λιμπού",
          "Lina": "Γραμμικό Α",
          "Linb": "Γραμμικό Β",
          "Lisu": "Lisu",
          "Lyci": "Λυκιανικό",
          "Lydi": "Λυδιανικό",
          "Mahj": "Mahj",
          "Mand": "Μανδαϊκό",
          "Mani": "Μανιχαϊκό",
          "Marc": "Marc",
          "Maya": "Ιερογλυφικά Μάγια",
          "Mend": "Mend",
          "Merc": "Merc",
          "Mero": "Μεροϊτικό",
          "Mlym": "Μαλαγιάλαμ",
          "Modi": "Modi",
          "Mong": "Μογγολικό",
          "Moon": "Μουν",
          "Mroo": "Mroo",
          "Mtei": "Μεϊτέι Μάγεκ",
          "Mult": "Mult",
          "Mymr": "Μιανμάρ",
          "Narb": "Narb",
          "Nbat": "Nbat",
          "Newa": "Newa",
          "Nkoo": "Ν’Κο",
          "Nshu": "Nshu",
          "Ogam": "Όγκχαμ",
          "Olck": "Ολ Τσίκι",
          "Orkh": "Όρκχον",
          "Orya": "Όντια",
          "Osge": "Osge",
          "Osma": "Οσμάνγια",
          "Palm": "Palm",
          "Pauc": "Pauc",
          "Perm": "Παλαιό Περμικό",
          "Phag": "Παγκς-πα",
          "Phli": "Επιγραφικό Παχλάβι",
          "Phlp": "Ψάλτερ Παχλάβι",
          "Phlv": "Μπουκ Παχλαβί",
          "Phnx": "Φοινικικό",
          "Plrd": "Φωνητικό Πόλαρντ",
          "Prti": "Επιγραφικό Παρθιάν",
          "Rjng": "Ρετζάνγκ",
          "Roro": "Ρονγκορόνγκο",
          "Runr": "Ρουνίκ",
          "Samr": "Σαμαριτικό",
          "Sara": "Σαράθι",
          "Sarb": "Sarb",
          "Saur": "Σαουράστρα",
          "Sgnw": "Νοηματική γραφή",
          "Shaw": "Σαβιανό",
          "Shrd": "Shrd",
          "Sidd": "Sidd",
          "Sind": "Sind",
          "Sinh": "Σινχάλα",
          "Sora": "Sora",
          "Soyo": "Soyo",
          "Sund": "Σουνδανικό",
          "Sylo": "Συλότι Νάγκρι",
          "Syrc": "Συριακό",
          "Syre": "Εστραντζέλο Συριακό",
          "Syrj": "Δυτικό Συριακό",
          "Syrn": "Ανατολικό Συριακό",
          "Tagb": "Ταγκμάνγουα",
          "Takr": "Takr",
          "Tale": "Τάι Λε",
          "Talu": "Νέο Τάι Λούε",
          "Taml": "Ταμίλ",
          "Tang": "Tang",
          "Tavt": "Τάι Βιέτ",
          "Telu": "Τελούγκου",
          "Teng": "Τεγνγουάρ",
          "Tfng": "Τιφινάγκ",
          "Tglg": "Ταγκαλόγκ",
          "Thaa": "Θαανά",
          "Thai": "Ταϊλανδικό",
          "Tibt": "Θιβετιανό",
          "Tirh": "Tirh",
          "Ugar": "Ουγκαριτικό",
          "Vaii": "Βάι",
          "Visp": "Ορατή ομιλία",
          "Wara": "Wara",
          "Xpeo": "Παλαιό Περσικό",
          "Xsux": "Σούμερο-Ακάντιαν Κουνεϊφόρμ",
          "Yiii": "Γι",
          "Zanb": "Zanb",
          "Zinh": "Κληρονομημένο",
          "Zmth": "Μαθηματική σημειογραφία",
          "Zsye": "Emoji",
          "Zsym": "Σύμβολα",
          "Zxxx": "Άγραφο",
          "Zyyy": "Κοινό",
          "Zzzz": "Άγνωστη γραφή"
        }
      }
    }
  }
}
