{
  "main": {
    "as": {
      "identity": {
        "version": {
          "_number": "$Revision: 13705 $",
          "_cldrVersion": "32"
        },
        "language": "as"
      },
      "localeDisplayNames": {
        "languages": {
          "aa": "aa",
          "ab": "ab",
          "ace": "ace",
          "ada": "ada",
          "ady": "ady",
          "af": "af",
          "agq": "agq",
          "ain": "ain",
          "ak": "ak",
          "ale": "ale",
          "alt": "alt",
          "am": "am",
          "an": "an",
          "anp": "anp",
          "ar": "ar",
          "ar-001": "ar (001)",
          "arn": "arn",
          "arp": "arp",
          "as": "অসমীয়া",
          "asa": "asa",
          "ast": "ast",
          "av": "av",
          "awa": "awa",
          "ay": "ay",
          "az": "az",
          "az-alt-short": "az",
          "ba": "ba",
          "ban": "ban",
          "bas": "bas",
          "be": "be",
          "bem": "bem",
          "bez": "bez",
          "bg": "bg",
          "bho": "bho",
          "bi": "bi",
          "bin": "bin",
          "bla": "bla",
          "bm": "bm",
          "bn": "bn",
          "bo": "bo",
          "br": "br",
          "brx": "brx",
          "bs": "bs",
          "bug": "bug",
          "byn": "byn",
          "ca": "ca",
          "ce": "ce",
          "ceb": "ceb",
          "cgg": "cgg",
          "ch": "ch",
          "chk": "chk",
          "chm": "chm",
          "cho": "cho",
          "chr": "chr",
          "chy": "chy",
          "ckb": "ckb",
          "co": "co",
          "crs": "crs",
          "cs": "cs",
          "cu": "cu",
          "cv": "cv",
          "cy": "cy",
          "da": "da",
          "dak": "dak",
          "dar": "dar",
          "dav": "dav",
          "de": "de",
          "de-AT": "de (অস্ট্রিয়া)",
          "de-CH": "de (সুইজর্লণ্ড)",
          "dgr": "dgr",
          "dje": "dje",
          "dsb": "dsb",
          "dua": "dua",
          "dv": "dv",
          "dyo": "dyo",
          "dz": "dz",
          "dzg": "dzg",
          "ebu": "ebu",
          "ee": "ee",
          "efi": "efi",
          "eka": "eka",
          "el": "el",
          "en": "en",
          "en-AU": "en (অস্ট্রেলিয়া)",
          "en-CA": "en (CA)",
          "en-GB": "en (সংযুক্ত ৰাজ্য)",
          "en-GB-alt-short": "en (যুক্তরাজ্য)",
          "en-US": "en (যুক্তৰাষ্ট্ৰ)",
          "en-US-alt-short": "en (US)",
          "eo": "eo",
          "es": "es",
          "es-419": "লেটিন আমেৰিকান স্পেনিচ",
          "es-ES": "es (স্পেন)",
          "es-MX": "es (MX)",
          "et": "et",
          "eu": "eu",
          "ewo": "ewo",
          "fa": "fa",
          "ff": "ff",
          "fi": "fi",
          "fil": "fil",
          "fj": "fj",
          "fo": "fo",
          "fon": "fon",
          "fr": "fr",
          "fr-CA": "fr (CA)",
          "fr-CH": "fr (সুইজর্লণ্ড)",
          "frc": "frc",
          "fur": "fur",
          "fy": "fy",
          "ga": "ga",
          "gaa": "gaa",
          "gan": "gan",
          "gd": "gd",
          "gez": "gez",
          "gil": "gil",
          "gl": "gl",
          "gn": "gn",
          "gor": "gor",
          "gsw": "gsw",
          "gu": "gu",
          "guz": "guz",
          "gv": "gv",
          "gwi": "gwi",
          "ha": "ha",
          "hak": "hak",
          "haw": "haw",
          "he": "he",
          "hi": "hi",
          "hil": "hil",
          "hmn": "hmn",
          "hr": "hr",
          "hsb": "hsb",
          "hsn": "hsn",
          "ht": "ht",
          "hu": "hu",
          "hup": "hup",
          "hy": "hy",
          "hz": "hz",
          "ia": "ia",
          "iba": "iba",
          "ibb": "ibb",
          "id": "id",
          "ig": "ig",
          "ii": "ii",
          "ilo": "ilo",
          "inh": "inh",
          "io": "io",
          "is": "is",
          "it": "it",
          "iu": "iu",
          "ja": "ja",
          "jbo": "jbo",
          "jgo": "jgo",
          "jmc": "jmc",
          "jv": "jv",
          "ka": "ka",
          "kab": "kab",
          "kac": "kac",
          "kaj": "kaj",
          "kam": "kam",
          "kbd": "kbd",
          "kcg": "kcg",
          "kde": "kde",
          "kea": "kea",
          "kfo": "kfo",
          "kha": "kha",
          "khq": "khq",
          "ki": "ki",
          "kj": "kj",
          "kk": "kk",
          "kkj": "kkj",
          "kl": "kl",
          "kln": "kln",
          "km": "km",
          "kmb": "kmb",
          "kn": "kn",
          "ko": "ko",
          "kok": "kok",
          "kpe": "kpe",
          "kr": "kr",
          "krc": "krc",
          "krl": "krl",
          "kru": "kru",
          "ks": "ks",
          "ksb": "ksb",
          "ksf": "ksf",
          "ksh": "ksh",
          "ku": "ku",
          "kum": "kum",
          "kv": "kv",
          "kw": "kw",
          "ky": "ky",
          "la": "la",
          "lad": "lad",
          "lag": "lag",
          "lb": "lb",
          "lez": "lez",
          "lg": "lg",
          "li": "li",
          "lkt": "lkt",
          "ln": "ln",
          "lo": "lo",
          "lou": "lou",
          "loz": "loz",
          "lrc": "lrc",
          "lt": "lt",
          "lu": "lu",
          "lua": "lua",
          "lun": "lun",
          "luo": "luo",
          "lus": "lus",
          "luy": "luy",
          "lv": "lv",
          "mad": "mad",
          "mag": "mag",
          "mai": "mai",
          "mak": "mak",
          "mas": "mas",
          "mdf": "mdf",
          "men": "men",
          "mer": "mer",
          "mfe": "mfe",
          "mg": "mg",
          "mgh": "mgh",
          "mgo": "mgo",
          "mh": "mh",
          "mi": "mi",
          "mic": "mic",
          "min": "min",
          "mk": "mk",
          "ml": "ml",
          "mn": "mn",
          "mni": "mni",
          "moh": "moh",
          "mos": "mos",
          "mr": "mr",
          "ms": "ms",
          "mt": "mt",
          "mua": "mua",
          "mul": "mul",
          "mus": "mus",
          "mwl": "mwl",
          "my": "my",
          "myv": "myv",
          "mzn": "mzn",
          "na": "na",
          "nan": "nan",
          "nap": "nap",
          "naq": "naq",
          "nb": "nb",
          "nd": "nd",
          "nds-NL": "nds (নেদারল্যান্ডস)",
          "ne": "ne",
          "new": "new",
          "ng": "ng",
          "nia": "nia",
          "niu": "niu",
          "nl": "nl",
          "nl-BE": "nl (বেলজিয়াম)",
          "nmg": "nmg",
          "nn": "nn",
          "nnh": "nnh",
          "nog": "nog",
          "nqo": "nqo",
          "nr": "nr",
          "nso": "nso",
          "nus": "nus",
          "nv": "nv",
          "ny": "ny",
          "nyn": "nyn",
          "oc": "oc",
          "om": "om",
          "or": "or",
          "os": "os",
          "pa": "pa",
          "pag": "pag",
          "pam": "pam",
          "pap": "pap",
          "pau": "pau",
          "pcm": "pcm",
          "pl": "pl",
          "prg": "prg",
          "ps": "ps",
          "pt": "pt",
          "pt-BR": "pt (ব্রাজিল)",
          "pt-PT": "pt (পর্তুগাল)",
          "qu": "qu",
          "quc": "quc",
          "rap": "rap",
          "rar": "rar",
          "rm": "rm",
          "rn": "rn",
          "ro": "ro",
          "ro-MD": "ro (মোল্দাভিয়া)",
          "rof": "rof",
          "root": "root",
          "ru": "ru",
          "rup": "rup",
          "rw": "rw",
          "rwk": "rwk",
          "sa": "sa",
          "sad": "sad",
          "sah": "sah",
          "saq": "saq",
          "sat": "sat",
          "sba": "sba",
          "sbp": "sbp",
          "sc": "sc",
          "scn": "scn",
          "sco": "sco",
          "sd": "sd",
          "se": "se",
          "seh": "seh",
          "ses": "ses",
          "sg": "sg",
          "shi": "shi",
          "shn": "shn",
          "si": "si",
          "sk": "sk",
          "sl": "sl",
          "sm": "sm",
          "sma": "sma",
          "smj": "smj",
          "smn": "smn",
          "sms": "sms",
          "sn": "sn",
          "snk": "snk",
          "so": "so",
          "sq": "sq",
          "sr": "sr",
          "srn": "srn",
          "ss": "ss",
          "ssy": "ssy",
          "st": "st",
          "su": "su",
          "suk": "suk",
          "sv": "sv",
          "sw": "sw",
          "sw-CD": "sw (কঙ্গো - কিনসাসা)",
          "swb": "swb",
          "syr": "syr",
          "ta": "ta",
          "te": "te",
          "tem": "tem",
          "teo": "teo",
          "tet": "tet",
          "tg": "tg",
          "th": "th",
          "ti": "ti",
          "tig": "tig",
          "tk": "tk",
          "tlh": "tlh",
          "tn": "tn",
          "to": "to",
          "tpi": "tpi",
          "tr": "tr",
          "trv": "trv",
          "ts": "ts",
          "tt": "tt",
          "tum": "tum",
          "tvl": "tvl",
          "twq": "twq",
          "ty": "ty",
          "tyv": "tyv",
          "tzm": "tzm",
          "udm": "udm",
          "ug": "ug",
          "uk": "uk",
          "umb": "umb",
          "und": "und",
          "ur": "ur",
          "uz": "uz",
          "vai": "vai",
          "ve": "ve",
          "vi": "vi",
          "vo": "vo",
          "vun": "vun",
          "wa": "wa",
          "wae": "wae",
          "wal": "wal",
          "war": "war",
          "wo": "wo",
          "wuu": "wuu",
          "xal": "xal",
          "xh": "xh",
          "xog": "xog",
          "yav": "yav",
          "ybb": "ybb",
          "yi": "yi",
          "yo": "yo",
          "yue": "yue",
          "zgh": "zgh",
          "zh": "zh",
          "zh-Hans": "zh (Hans)",
          "zh-Hant": "zh (Hant)",
          "zu": "zu",
          "zun": "zun",
          "zxx": "zxx",
          "zza": "zza"
        }
      }
    }
  }
}
