{
  "main": {
    "as": {
      "identity": {
        "version": {
          "_number": "$Revision: 13705 $",
          "_cldrVersion": "32"
        },
        "language": "as"
      },
      "localeDisplayNames": {
        "territories": {
          "001": "001",
          "002": "002",
          "003": "003",
          "005": "005",
          "009": "009",
          "011": "011",
          "013": "013",
          "014": "014",
          "015": "015",
          "017": "017",
          "018": "018",
          "019": "019",
          "021": "021",
          "029": "029",
          "030": "030",
          "034": "034",
          "035": "035",
          "039": "039",
          "053": "অস্ট্রেলেশিয়া",
          "054": "ম্যালেনেশিয়া",
          "057": "মাইক্রোনেশিয়ান অঞ্চল (অনুবাদ সংকেত: সতর্কতা, ডানদিকে তথ্য প্যানেল দেখুন।)",
          "061": "061",
          "142": "142",
          "143": "143",
          "145": "145",
          "150": "150",
          "151": "151",
          "154": "154",
          "155": "155",
          "202": "202",
          "419": "419",
          "AC": "অ্যাসেনশন আইল্যান্ড",
          "AD": "এ্যান্ডোরা",
          "AE": "UAE",
          "AF": "আফগানিস্তান",
          "AG": "AG",
          "AI": "এ্যাঙ্গুইলা",
          "AL": "আল্বেনিয়া",
          "AM": "আরমেনিয়া",
          "AO": "অ্যাঙ্গোলা",
          "AQ": "এন্টাৰ্টিকা",
          "AR": "আর্জিণ্টিনা",
          "AS": "আমেরিকান সামোয়া",
          "AT": "অস্ট্রিয়া",
          "AU": "অস্ট্রেলিয়া",
          "AW": "AW",
          "AX": "আলে্যান্ড দ্বীপপুঞ্জ",
          "AZ": "আজেরবাইজান",
          "BA": "বসনিয়া ও হারজেগোভিনা",
          "BB": "BB",
          "BD": "বাংলাদেশ",
          "BE": "বেলজিয়াম",
          "BF": "বুর্কিনা ফাসো",
          "BG": "বুলগেরিয়া",
          "BH": "বাহরাইন",
          "BI": "বুরুন্ডি",
          "BJ": "বেনিন",
          "BL": "BL",
          "BM": "BM",
          "BN": "ব্রুনেই",
          "BO": "বোলিভিয়া",
          "BQ": "BQ",
          "BR": "ব্রাজিল",
          "BS": "BS",
          "BT": "ভুটান",
          "BV": "বভেট দ্বীপ",
          "BW": "বোট্স্বানা",
          "BY": "বেলারুশ",
          "BZ": "BZ",
          "CA": "CA",
          "CC": "কোকোস (কিলিং) দ্বীপপুঞ্জ",
          "CD": "কঙ্গো - কিনসাসা",
          "CD-alt-variant": "কঙ্গো (DRC)",
          "CF": "মধ্য আফ্রিকান প্রজাতন্ত্র",
          "CG": "কঙ্গো - ব্রাজাভিল",
          "CG-alt-variant": "কঙ্গো (প্রজাতন্ত্র)",
          "CH": "সুইজর্লণ্ড",
          "CI": "আইভরি কোস্ট",
          "CI-alt-variant": "CI",
          "CK": "কুক দ্বীপপুঞ্জ",
          "CL": "চিলি",
          "CM": "ক্যামেরুন",
          "CN": "চীন",
          "CO": "কলোমবিয়া",
          "CP": "ক্লিপারটন দ্বীপ",
          "CR": "CR",
          "CU": "CU",
          "CV": "কেপ ভার্দে",
          "CW": "CW",
          "CX": "ক্রিস্টমাস দ্বীপ",
          "CY": "সাইপ্রাসদ্বিপ",
          "CZ": "CZ",
          "CZ-alt-variant": "চেক প্রজাতন্ত্র",
          "DE": "জাৰ্মানি",
          "DG": "দিয়েগো গার্সিয়া",
          "DJ": "জিবুতি",
          "DK": "ডেন্মার্ক্",
          "DM": "DM",
          "DO": "DO",
          "DZ": "আলজেরিয়া",
          "EA": "কিউটা & ম্লিলা",
          "EC": "ইকোয়াডর",
          "EE": "এস্তোনিয়াদেশ",
          "EG": "মিশর",
          "EH": "পশ্চিম সাহারা",
          "ER": "ইরিত্রিয়া",
          "ES": "স্পেন",
          "ET": "ইথিওপিয়া",
          "EU": "EU",
          "EZ": "EZ",
          "FI": "ফিনল্যাণ্ড",
          "FJ": "ফিজি",
          "FK": "ফকল্যান্ড দ্বীপপুঞ্জ",
          "FK-alt-variant": "FK",
          "FM": "মাইক্রোনেশিয়া",
          "FO": "ফারো দ্বীপপুঞ্জ",
          "FR": "ফ্ৰান্স",
          "GA": "গাবোনবাদ্যযন্ত্র",
          "GB": "সংযুক্ত ৰাজ্য",
          "GB-alt-short": "যুক্তরাজ্য",
          "GD": "GD",
          "GE": "জর্জিয়া",
          "GF": "একটি দেশের নাম",
          "GG": "গেঁজি",
          "GH": "ঘানা",
          "GI": "জিব্রালটার",
          "GL": "GL",
          "GM": "গাম্বিয়াদেশ",
          "GN": "গিনি",
          "GP": "GP",
          "GQ": "নিরক্ষীয় গিনি",
          "GR": "গ্রীস",
          "GS": "দক্ষিণ জৰ্জিয়া আৰু দক্ষিণ চেণ্ডৱিচ্‌ দ্বীপপুঞ্জ",
          "GT": "GT",
          "GU": "গুয়াম",
          "GW": "গিনি-বিসাউ",
          "GY": "গায়ানা",
          "HK": "হংকং এসএআর চীন",
          "HK-alt-short": "হংকং",
          "HM": "হাৰ্ড দ্বীপ আৰু মেক্‌ডোনাল্ড দ্বীপ",
          "HN": "HN",
          "HR": "ক্রোয়েশিয়া",
          "HT": "HT",
          "HU": "হাঙ্গেরি",
          "IC": "ক্যানারি দ্বীপপুঞ্জ",
          "ID": "ইন্দোনেশিয়া",
          "IE": "আয়ারল্যাণ্ড",
          "IL": "ইস্রায়েল",
          "IM": "আইল অফ ম্যান",
          "IN": "ভারত",
          "IO": "ব্ৰিটিশ্ব ইণ্ডিয়ান মহাসাগৰৰ অঞ্চল",
          "IQ": "ইরাক",
          "IR": "ইরান",
          "IS": "আইস্ল্যাণ্ড",
          "IT": "ইটালি",
          "JE": "জার্সি",
          "JM": "JM",
          "JO": "জর্ডন",
          "JP": "জাপান",
          "KE": "কেনিয়া",
          "KG": "কিরগিজস্তান",
          "KH": "কাম্বোজ",
          "KI": "কিরিবাতি",
          "KM": "কমোরোস",
          "KN": "KN",
          "KP": "উত্তর কোরিয়া",
          "KR": "দক্ষিণ কোরিয়া",
          "KW": "কুয়েত",
          "KY": "KY",
          "KZ": "কাজাকস্থান",
          "LA": "লাত্তস",
          "LB": "লেবানন",
          "LC": "LC",
          "LI": "লিচেনস্টেইন",
          "LK": "শ্রীলংকা",
          "LR": "লাইবেরিয়া",
          "LS": "লেসোথো",
          "LT": "লিত্ভা",
          "LU": "লাক্সেমবার্গ",
          "LV": "ল্যাট্ভিআ",
          "LY": "লিবিয়া",
          "MA": "মরক্কো",
          "MC": "মোনাকো",
          "MD": "মোল্দাভিয়া",
          "ME": "মন্টিনিগ্রো",
          "MF": "MF",
          "MG": "ম্যাডাগ্যাস্কার",
          "MH": "মার্শাল দ্বীপপুঞ্জ",
          "MK": "ম্যাসাডোনিয়া",
          "MK-alt-variant": "MK",
          "ML": "মালি",
          "MM": "মায়ানমার (বার্মা)",
          "MN": "মঙ্গোলিআ",
          "MO": "ম্যাকাও এসএআর চীন",
          "MO-alt-short": "ম্যাকা",
          "MP": "উত্তর মারিয়ানা দ্বীপপুঞ্জ",
          "MQ": "MQ",
          "MR": "মরিতানিয়া",
          "MS": "MS",
          "MT": "মালটা",
          "MU": "মরিশাস",
          "MV": "মালদ্বীপ",
          "MW": "মালাউই",
          "MX": "MX",
          "MY": "মাল্যাশিয়া",
          "MZ": "মোজাম্বিক",
          "NA": "নামিবিয়া",
          "NC": "নতুন ক্যালেডোনিয়া",
          "NE": "নাইজারনদী",
          "NF": "নরফোক দ্বীপ",
          "NG": "নাইজিরিয়াদেশ",
          "NI": "NI",
          "NL": "নেদারল্যান্ডস",
          "NO": "নরত্তএদেশ",
          "NP": "নেপাল",
          "NR": "নাউরু",
          "NU": "নিউই",
          "NZ": "নিউজিল্যান্ড",
          "OM": "ওমান",
          "PA": "PA",
          "PE": "পেরু",
          "PF": "ফরাসি পলিনেশিয়া",
          "PG": "পাপুয়া নিউ গিনি",
          "PH": "ফিলিপাইন",
          "PK": "পাকিস্তান",
          "PL": "পোল্যান্ড",
          "PM": "PM",
          "PN": "পিটকেয়ার্ন দ্বীপপুঞ্জ",
          "PR": "PR",
          "PS": "ফিলিস্তিন অঞ্চল",
          "PS-alt-short": "ফিলিস্তিন",
          "PT": "পর্তুগাল",
          "PW": "পালাউ",
          "PY": "প্যারাগুয়ে",
          "QA": "কাতার",
          "QO": "QO",
          "RE": "সাক্ষাৎ",
          "RO": "রুমানিয়া",
          "RS": "সার্বিয়া",
          "RU": "রাশিয়া",
          "RW": "রুয়ান্ডা",
          "SA": "সৌদি আরব",
          "SB": "সলোমান দ্বীপপুঞ্জ",
          "SC": "সিসিলি",
          "SD": "সুদান",
          "SE": "সুইডেন",
          "SG": "সিঙ্গাপুর",
          "SH": "সেন্ট হেলেনা",
          "SI": "স্লোভানিয়া",
          "SJ": "সাভালবার্ড ও জান মেন",
          "SK": "শ্লোভাকিয়া",
          "SL": "সিয়েরা লিওন",
          "SM": "সান মেরিনো",
          "SN": "সেনেগাল",
          "SO": "সোমালিয়া",
          "SR": "সুরিনাম",
          "SS": "দক্ষিণ সুদান",
          "ST": "সাও টোম এবং প্রিনসিপে",
          "SV": "SV",
          "SX": "SX",
          "SY": "সিরিয়া",
          "SZ": "সোয়াজিল্যান্ড",
          "TA": "ট্রিস্টান ডা কুনা",
          "TC": "TC",
          "TD": "মত্স্যবিশেষ",
          "TF": "দক্ষিণ ফ্ৰান্সৰ অঞ্চল",
          "TG": "যাও",
          "TH": "থাইল্যান্ড",
          "TJ": "তাজিকস্থান",
          "TK": "টোকেলাউ",
          "TL": "পূর্ব তিমুর",
          "TL-alt-variant": "TL",
          "TM": "তুর্কমেনিয়া",
          "TN": "টিউনিস্",
          "TO": "টাঙ্গা",
          "TR": "তুরস্ক",
          "TT": "TT",
          "TV": "টুভালু",
          "TW": "তাইওয়ান",
          "TZ": "তাঞ্জানিয়া",
          "UA": "ইউক্রেইন্",
          "UG": "উগান্ডা",
          "UM": "ইউ এস আউটলিং আইল্যান্ডস",
          "UN": "UN",
          "US": "যুক্তৰাষ্ট্ৰ",
          "US-alt-short": "US",
          "UY": "উরুগুয়ে",
          "UZ": "উজ্বেকিস্থান",
          "VA": "ভ্যাটিকান সিটি",
          "VC": "VC",
          "VE": "ভেনেজুয়েলা",
          "VG": "VG",
          "VI": "VI",
          "VN": "ভিয়েতনাম",
          "VU": "ভানুয়াতু",
          "WF": "ওয়ালিস ও ফুটুনা",
          "WS": "সামোয়া",
          "XK": "কসোভো",
          "YE": "ইমেন",
          "YT": "মায়োত্তে",
          "ZA": "দক্ষিন আফ্রিকা",
          "ZM": "জাম্বিয়া",
          "ZW": "জিম্বাবুয়ে",
          "ZZ": "অজ্ঞাত অঞ্চল"
        }
      }
    }
  }
}
