{
  "main": {
    "ar-TN": {
      "identity": {
        "version": {
          "_number": "$Revision: 13701 $",
          "_cldrVersion": "32"
        },
        "language": "ar",
        "territory": "TN"
      },
      "localeDisplayNames": {
        "territories": {
          "001": "العالم",
          "002": "أفريقيا",
          "003": "أمريكا الشمالية",
          "005": "أمريكا الجنوبية",
          "009": "أوقيانوسيا",
          "011": "غرب أفريقيا",
          "013": "أمريكا الوسطى",
          "014": "شرق أفريقيا",
          "015": "شمال أفريقيا",
          "017": "وسط أفريقيا",
          "018": "أفريقيا الجنوبية",
          "019": "الأمريكتان",
          "021": "شمال أمريكا",
          "029": "الكاريبي",
          "030": "شرق آسيا",
          "034": "جنوب آسيا",
          "035": "جنوب شرق آسيا",
          "039": "جنوب أوروبا",
          "053": "أسترالاسيا",
          "054": "ميلانيزيا",
          "057": "الجزر الميكرونيزية",
          "061": "بولينيزيا",
          "142": "آسيا",
          "143": "وسط آسيا",
          "145": "غرب آسيا",
          "150": "أوروبا",
          "151": "شرق أوروبا",
          "154": "شمال أوروبا",
          "155": "غرب أوروبا",
          "202": "202",
          "419": "أمريكا اللاتينية",
          "AC": "جزيرة أسينشيون",
          "AD": "أندورا",
          "AE": "الإمارات العربية المتحدة",
          "AF": "أفغانستان",
          "AG": "أنتيغوا وبربودا",
          "AI": "أنغويلا",
          "AL": "ألبانيا",
          "AM": "أرمينيا",
          "AO": "أنغولا",
          "AQ": "أنتاركتيكا",
          "AR": "الأرجنتين",
          "AS": "ساموا الأمريكية",
          "AT": "النمسا",
          "AU": "أستراليا",
          "AW": "أروبا",
          "AX": "جزر آلاند",
          "AZ": "أذربيجان",
          "BA": "البوسنة والهرسك",
          "BB": "بربادوس",
          "BD": "بنغلاديش",
          "BE": "بلجيكا",
          "BF": "بوركينا فاسو",
          "BG": "بلغاريا",
          "BH": "البحرين",
          "BI": "بوروندي",
          "BJ": "بنين",
          "BL": "سان بارتليمي",
          "BM": "برمودا",
          "BN": "بروناي",
          "BO": "بوليفيا",
          "BQ": "هولندا الكاريبية",
          "BR": "البرازيل",
          "BS": "البهاما",
          "BT": "بوتان",
          "BV": "جزيرة بوفيه",
          "BW": "بوتسوانا",
          "BY": "بيلاروس",
          "BZ": "بليز",
          "CA": "كندا",
          "CC": "جزر كوكوس (كيلينغ)",
          "CD": "الكونغو - كينشاسا",
          "CD-alt-variant": "جمهورية الكونغو الديمقراطية",
          "CF": "جمهورية أفريقيا الوسطى",
          "CG": "الكونغو - برازافيل",
          "CG-alt-variant": "جمهورية الكونغو",
          "CH": "سويسرا",
          "CI": "ساحل العاج",
          "CI-alt-variant": "كوت ديفوار",
          "CK": "جزر كوك",
          "CL": "تشيلي",
          "CM": "الكاميرون",
          "CN": "الصين",
          "CO": "كولومبيا",
          "CP": "جزيرة كليبيرتون",
          "CR": "كوستاريكا",
          "CU": "كوبا",
          "CV": "الرأس الأخضر",
          "CW": "كوراساو",
          "CX": "جزيرة كريسماس",
          "CY": "قبرص",
          "CZ": "التشيك",
          "CZ-alt-variant": "جمهورية التشيك",
          "DE": "ألمانيا",
          "DG": "دييغو غارسيا",
          "DJ": "جيبوتي",
          "DK": "الدانمرك",
          "DM": "دومينيكا",
          "DO": "جمهورية الدومينيكان",
          "DZ": "الجزائر",
          "EA": "سيوتا وميليلا",
          "EC": "الإكوادور",
          "EE": "إستونيا",
          "EG": "مصر",
          "EH": "الصحراء الغربية",
          "ER": "إريتريا",
          "ES": "إسبانيا",
          "ET": "إثيوبيا",
          "EU": "الاتحاد الأوروبي",
          "EZ": "منطقة اليورو",
          "FI": "فنلندا",
          "FJ": "فيجي",
          "FK": "جزر فوكلاند",
          "FK-alt-variant": "جزر فوكلاند - جزر مالفيناس",
          "FM": "ميكرونيزيا",
          "FO": "جزر فارو",
          "FR": "فرنسا",
          "GA": "الغابون",
          "GB": "المملكة المتحدة",
          "GB-alt-short": "المملكة المتحدة",
          "GD": "غرينادا",
          "GE": "جورجيا",
          "GF": "غويانا الفرنسية",
          "GG": "غيرنزي",
          "GH": "غانا",
          "GI": "جبل طارق",
          "GL": "غرينلاند",
          "GM": "غامبيا",
          "GN": "غينيا",
          "GP": "غوادلوب",
          "GQ": "غينيا الاستوائية",
          "GR": "اليونان",
          "GS": "جورجيا الجنوبية وجزر ساندويتش الجنوبية",
          "GT": "غواتيمالا",
          "GU": "غوام",
          "GW": "غينيا بيساو",
          "GY": "غيانا",
          "HK": "هونغ كونغ الصينية (منطقة إدارية خاصة)",
          "HK-alt-short": "هونغ كونغ",
          "HM": "جزيرة هيرد وجزر ماكدونالد",
          "HN": "هندوراس",
          "HR": "كرواتيا",
          "HT": "هايتي",
          "HU": "هنغاريا",
          "IC": "جزر الكناري",
          "ID": "إندونيسيا",
          "IE": "أيرلندا",
          "IL": "إسرائيل",
          "IM": "جزيرة مان",
          "IN": "الهند",
          "IO": "الإقليم البريطاني في المحيط الهندي",
          "IQ": "العراق",
          "IR": "إيران",
          "IS": "آيسلندا",
          "IT": "إيطاليا",
          "JE": "جيرسي",
          "JM": "جامايكا",
          "JO": "الأردن",
          "JP": "اليابان",
          "KE": "كينيا",
          "KG": "قيرغيزستان",
          "KH": "كمبوديا",
          "KI": "كيريباتي",
          "KM": "جزر القمر",
          "KN": "سانت كيتس ونيفيس",
          "KP": "كوريا الشمالية",
          "KR": "كوريا الجنوبية",
          "KW": "الكويت",
          "KY": "جزر كايمان",
          "KZ": "كازاخستان",
          "LA": "لاوس",
          "LB": "لبنان",
          "LC": "سانت لوسيا",
          "LI": "ليختنشتاين",
          "LK": "سريلانكا",
          "LR": "ليبيريا",
          "LS": "ليسوتو",
          "LT": "ليتوانيا",
          "LU": "لوكسمبورغ",
          "LV": "لاتفيا",
          "LY": "ليبيا",
          "MA": "المغرب",
          "MC": "موناكو",
          "MD": "مولدوفا",
          "ME": "الجبل الأسود",
          "MF": "سان مارتن",
          "MG": "مدغشقر",
          "MH": "جزر مارشال",
          "MK": "مقدونيا",
          "MK-alt-variant": "مقدونيا- جمهورية مقدونيا اليوغسلافية السابقة",
          "ML": "مالي",
          "MM": "ميانمار (بورما)",
          "MN": "منغوليا",
          "MO": "مكاو الصينية (منطقة إدارية خاصة)",
          "MO-alt-short": "مكاو",
          "MP": "جزر ماريانا الشمالية",
          "MQ": "جزر المارتينيك",
          "MR": "موريتانيا",
          "MS": "مونتسرات",
          "MT": "مالطا",
          "MU": "موريشيوس",
          "MV": "جزر المالديف",
          "MW": "ملاوي",
          "MX": "المكسيك",
          "MY": "ماليزيا",
          "MZ": "موزمبيق",
          "NA": "ناميبيا",
          "NC": "كاليدونيا الجديدة",
          "NE": "النيجر",
          "NF": "جزيرة نورفولك",
          "NG": "نيجيريا",
          "NI": "نيكاراغوا",
          "NL": "هولندا",
          "NO": "النرويج",
          "NP": "نيبال",
          "NR": "ناورو",
          "NU": "نيوي",
          "NZ": "نيوزيلندا",
          "OM": "عُمان",
          "PA": "بنما",
          "PE": "بيرو",
          "PF": "بولينيزيا الفرنسية",
          "PG": "بابوا غينيا الجديدة",
          "PH": "الفلبين",
          "PK": "باكستان",
          "PL": "بولندا",
          "PM": "سان بيير ومكويلون",
          "PN": "جزر بيتكيرن",
          "PR": "بورتوريكو",
          "PS": "الأراضي الفلسطينية",
          "PS-alt-short": "فلسطين",
          "PT": "البرتغال",
          "PW": "بالاو",
          "PY": "باراغواي",
          "QA": "قطر",
          "QO": "أوقيانوسيا النائية",
          "RE": "روينيون",
          "RO": "رومانيا",
          "RS": "صربيا",
          "RU": "روسيا",
          "RW": "رواندا",
          "SA": "المملكة العربية السعودية",
          "SB": "جزر سليمان",
          "SC": "سيشل",
          "SD": "السودان",
          "SE": "السويد",
          "SG": "سنغافورة",
          "SH": "سانت هيلينا",
          "SI": "سلوفينيا",
          "SJ": "سفالبارد وجان ماين",
          "SK": "سلوفاكيا",
          "SL": "سيراليون",
          "SM": "سان مارينو",
          "SN": "السنغال",
          "SO": "الصومال",
          "SR": "سورينام",
          "SS": "جنوب السودان",
          "ST": "ساو تومي وبرينسيبي",
          "SV": "السلفادور",
          "SX": "سانت مارتن",
          "SY": "سوريا",
          "SZ": "سوازيلاند",
          "TA": "تريستان دا كونا",
          "TC": "جزر توركس وكايكوس",
          "TD": "تشاد",
          "TF": "الأقاليم الجنوبية الفرنسية",
          "TG": "توغو",
          "TH": "تايلاند",
          "TJ": "طاجيكستان",
          "TK": "توكيلو",
          "TL": "تيمور- ليشتي",
          "TL-alt-variant": "تيمور الشرقية",
          "TM": "تركمانستان",
          "TN": "تونس",
          "TO": "تونغا",
          "TR": "تركيا",
          "TT": "ترينيداد وتوباغو",
          "TV": "توفالو",
          "TW": "تايوان",
          "TZ": "تنزانيا",
          "UA": "أوكرانيا",
          "UG": "أوغندا",
          "UM": "جزر الولايات المتحدة النائية",
          "UN": "الأمم المتحدة",
          "UN-alt-short": "الأمم المتحدة",
          "US": "الولايات المتحدة",
          "US-alt-short": "الولايات المتحدة",
          "UY": "أورغواي",
          "UZ": "أوزبكستان",
          "VA": "الفاتيكان",
          "VC": "سانت فنسنت وجزر غرينادين",
          "VE": "فنزويلا",
          "VG": "جزر فيرجن البريطانية",
          "VI": "جزر فيرجن التابعة للولايات المتحدة",
          "VN": "فيتنام",
          "VU": "فانواتو",
          "WF": "جزر والس وفوتونا",
          "WS": "ساموا",
          "XK": "كوسوفو",
          "YE": "اليمن",
          "YT": "مايوت",
          "ZA": "جنوب أفريقيا",
          "ZM": "زامبيا",
          "ZW": "زيمبابوي",
          "ZZ": "منطقة غير معروفة"
        }
      }
    }
  }
}
