{
  "main": {
    "agq": {
      "identity": {
        "version": {
          "_number": "$Revision: 13701 $",
          "_cldrVersion": "32"
        },
        "language": "agq"
      },
      "localeDisplayNames": {
        "territories": {
          "001": "001",
          "002": "002",
          "003": "003",
          "005": "005",
          "009": "009",
          "011": "011",
          "013": "013",
          "014": "014",
          "015": "015",
          "017": "017",
          "018": "018",
          "019": "019",
          "021": "021",
          "029": "029",
          "030": "030",
          "034": "034",
          "035": "035",
          "039": "039",
          "053": "053",
          "054": "054",
          "057": "057",
          "061": "061",
          "142": "142",
          "143": "143",
          "145": "145",
          "150": "150",
          "151": "151",
          "154": "154",
          "155": "155",
          "202": "202",
          "419": "419",
          "AC": "AC",
          "AD": "Àndolà",
          "AE": "Yùnaetɛ Alab ɛmelɛ̀",
          "AF": "Àfɨ̀ganìsɨ̀tân",
          "AG": "Àntigwà à Bàbudà",
          "AI": "Àŋgwilà",
          "AL": "Àabɛnìa",
          "AM": "Àmɛnyìa",
          "AO": "Àŋgolà",
          "AQ": "AQ",
          "AR": "Àdzɛ̀ntinà",
          "AS": "Àmɛlekan Samwà",
          "AT": "Usɨtɨ̀là",
          "AU": "Ùsɨ̀tɛ̀lɛlìa",
          "AW": "Àlubà",
          "AX": "AX",
          "AZ": "Àzɨbɛ̀dzân",
          "BA": "Bosɨnyìa à Hɛ̀zɛ̀gòvinà",
          "BB": "Bàbadòs",
          "BD": "Baŋgɨ̀làdɛ̂",
          "BE": "Bɛɛdzwùm",
          "BF": "Bùkinà Fasò",
          "BG": "Bùugɛlìa",
          "BH": "Bàlaen",
          "BI": "Bùlundì",
          "BJ": "Bɛ̀nɨ̂ŋ",
          "BL": "BL",
          "BM": "Bɛ̀mudà",
          "BN": "Bɨ̀lunè",
          "BO": "Bòlevà",
          "BQ": "BQ",
          "BR": "Bɨ̀làzîi",
          "BS": "Bàhamàs",
          "BT": "Mbutàn",
          "BV": "BV",
          "BW": "Bòtɨ̀swǎnà",
          "BY": "Bɛlàlûs",
          "BZ": "Bɛ̀lezɨ̀",
          "CA": "Kanadà",
          "CC": "CC",
          "CD": "Dɛ̀mùkàlatì Lèkpubèlè è Kuŋgù",
          "CD-alt-variant": "CD",
          "CF": "Sɛnta Afɨlekan Lèkpobèlè",
          "CG": "Kuŋgù",
          "CG-alt-variant": "CG",
          "CH": "Suezàlân",
          "CI": "Ku Dɨ̀vûa",
          "CI-alt-variant": "CI",
          "CK": "Chwɨla ŋ̀ Kûʔ",
          "CL": "Chilè",
          "CM": "Kàmàlûŋ",
          "CN": "Chaenà",
          "CO": "Kòlombìa",
          "CP": "CP",
          "CR": "Kòsɨ̀tà Lekà",
          "CU": "Kuuwbà",
          "CV": "Chwɨla ŋ̀ Kɛ̀b Vɛ̂ɛ",
          "CW": "CW",
          "CX": "CX",
          "CY": "Saekpùlù",
          "CZ": "Chɛ̂ Lèkpubèlè",
          "CZ-alt-variant": "CZ",
          "DE": "Dzamanè",
          "DG": "DG",
          "DJ": "Dzìbuwtì",
          "DK": "Dɛnɨmà",
          "DM": "Dòmenekà",
          "DO": "Dòmenekà Lèkpubèlè",
          "DZ": "Àadzɛlìa",
          "EA": "EA",
          "EC": "Ekwadò",
          "EE": "Èsɨ̀tonyìa",
          "EG": "Edzì",
          "EH": "EH",
          "ER": "Èletɨ̀là",
          "ES": "Sɨ̀kpɛ̂n",
          "ET": "Ètyǒpìa",
          "EU": "EU",
          "EZ": "EZ",
          "FI": "Fɨnlàn",
          "FJ": "Fidzi",
          "FK": "Chwɨlà fɨ Fakɨlàn",
          "FK-alt-variant": "FK",
          "FM": "Maekòlòneshìa",
          "FO": "FO",
          "FR": "Fàlâŋnsì",
          "GA": "Gàbûn",
          "GB": "Yùnaetɛ Kiŋdɔ̀m",
          "GB-alt-short": "GB",
          "GD": "Gɨ̀lɛnadà",
          "GE": "Dzɔɔdzìa",
          "GF": "Gàyanà è Fàlâŋnsì",
          "GG": "GG",
          "GH": "Gaanà",
          "GI": "Dzibɨ̀latà",
          "GL": "Gɨ̀lenlân",
          "GM": "Gambìa",
          "GN": "Ginè",
          "GP": "Gwadalukpɛ̀",
          "GQ": "Èkwɛ̀tolia Ginè",
          "GR": "Gɨ̀lês",
          "GS": "GS",
          "GT": "Gwàtɨ̀malà",
          "GU": "Gwam",
          "GW": "Ginè Bìsawù",
          "GY": "Gùyanà",
          "HK": "HK",
          "HK-alt-short": "HK",
          "HM": "HM",
          "HN": "Hɔndulàs",
          "HR": "Kòwɛshìa",
          "HT": "Hǎetì",
          "HU": "Hɔŋgàlè",
          "IC": "IC",
          "ID": "Èndòneshìa",
          "IE": "Aelɨ̀lân",
          "IL": "Ezɨ̀lɛ̂",
          "IM": "IM",
          "IN": "Endìa",
          "IO": "Dɨŋò kɨ dzughùnstòʔ kɨ Endìa kɨ Bɨ̀letì kò",
          "IQ": "Èlâkɨ̀",
          "IR": "Èlân",
          "IS": "Aesɨ̀lân",
          "IT": "Etalè",
          "JE": "JE",
          "JM": "Dzàmɛkà",
          "JO": "Dzodàn",
          "JP": "Dzàkpân",
          "KE": "Kɨnyà",
          "KG": "Kìdzisɨ̀tân",
          "KH": "Kàmbodìa",
          "KI": "Kèlèbati",
          "KM": "Komolòs",
          "KN": "Sɛ̀n Kî à Nevì",
          "KP": "Kùulîa, Ekùw",
          "KR": "Kùulîa, Emàm",
          "KW": "Kùwɛ̂",
          "KY": "Chwɨlà ŋ̀ Kaemàn",
          "KZ": "Kàzasɨ̀tân",
          "LA": "Làwos",
          "LB": "Lɛbanè",
          "LC": "Sɛ̀n Lushìa",
          "LI": "Letɨnshɨ̀n",
          "LK": "Sɨ̀le Laŋkà",
          "LR": "Làebɛlìa",
          "LS": "Lɛ̀sotù",
          "LT": "Lètwǎnyìa",
          "LU": "Luzɨmbùʔ",
          "LV": "Làtɨva",
          "LY": "Lebìa",
          "MA": "Mòlokò",
          "MC": "Mùnaku",
          "MD": "Mòodovà",
          "ME": "ME",
          "MF": "MF",
          "MG": "Màdàgasɨkà",
          "MH": "Chwɨlà fɨ Mashà",
          "MK": "Mɨ̀sɨ̀donyìa",
          "MK-alt-variant": "MK",
          "ML": "Malè",
          "MM": "Mǐanmà",
          "MN": "Mùŋgolìa",
          "MO": "MO",
          "MO-alt-short": "MO",
          "MP": "Chwɨlà m̀ Màlǐanà mɨ̀ Ekùw mò",
          "MQ": "Màtìnekì",
          "MR": "Mùlètanyìa",
          "MS": "Mùŋtselà",
          "MT": "Maatà",
          "MU": "Mùleshwɨ̀s",
          "MV": "Màdivè",
          "MW": "Màlawì",
          "MX": "Mɛkɨzikù",
          "MY": "Màlɛshìa",
          "MZ": "Mùzàmbî",
          "NA": "Nàmibìa",
          "NC": "Kàlèdonyìa È fūghū",
          "NE": "Naedzà",
          "NF": "Chwɨlà fɨ Nufòʔ",
          "NG": "Gɨ̀anyɨ",
          "NI": "Nikàlagwà",
          "NL": "Nedàlân",
          "NO": "Noowɛ̂ɛ",
          "NP": "Nɛkpâa",
          "NR": "Nàwulù",
          "NU": "Niyu",
          "NZ": "Zìlân È fūghū",
          "OM": "Umàn",
          "PA": "Kpanàma",
          "PE": "Kpɛlû",
          "PF": "Kpoleneshìa è Fàlâŋnsì",
          "PG": "Kpakpua Ginè È fūghū",
          "PH": "Felèkpî",
          "PK": "Kpakìsɨ̀tân",
          "PL": "Kpulàn",
          "PM": "Sɛ̀n Kpiyɛ̀ à Mikelɔŋ",
          "PN": "Kpitɨ̀kalè",
          "PR": "Kpǒto Leko",
          "PS": "Adzɨmā kɨ ŋgùŋ kɨ Palɛsɨtɨnyia à kɨ Gazà kò",
          "PS-alt-short": "PS",
          "PT": "Kputuwgà",
          "PW": "Kpàlawù",
          "PY": "Kpalàgwɛ̂",
          "QA": "Katà",
          "QO": "QO",
          "RE": "Lèyunyɔ̀ŋ",
          "RO": "Lùmanyìa",
          "RS": "RS",
          "RU": "Loshìa",
          "RW": "Lùwandà",
          "SA": "Sawudi Alabi",
          "SB": "Chwɨlà fɨ Solomwɨ̀n",
          "SC": "Sɛchɛ̀lɛ̀s",
          "SD": "Sùdân",
          "SE": "Suedɨ̀n",
          "SG": "Siŋgàkpôo",
          "SH": "Sɛ̀n Èlenà",
          "SI": "Sɨ̀lòvɨnyìa",
          "SJ": "SJ",
          "SK": "Sɨ̀lòvɨkɨ̀a",
          "SL": "Silìa lûŋ",
          "SM": "Sàn Màlenù",
          "SN": "Sɛ̀nɛ̀gâa",
          "SO": "Sòmalìa",
          "SR": "Sulènamè",
          "SS": "SS",
          "ST": "Sawo Tɔ̀me à Kpèlènsikpɛ̀",
          "SV": "Esàvadò",
          "SX": "SX",
          "SY": "Silîa",
          "SZ": "Shǔazìlân",
          "TA": "TA",
          "TC": "Chwɨla n Tɨtê à Kaekùs",
          "TD": "Châ",
          "TF": "TF",
          "TG": "Tugù",
          "TH": "Taelàn",
          "TJ": "Tàdzikìsɨ̀tân",
          "TK": "Tuwkelawù",
          "TL": "Ês Taemò",
          "TL-alt-variant": "TL",
          "TM": "Tekɨmènèsɨ̀tân",
          "TN": "Tùneshìa",
          "TO": "Tuŋgà",
          "TR": "Teekì",
          "TT": "Tèlenedà à Tòbagù",
          "TV": "Tuwvalùw",
          "TW": "Taewàn",
          "TZ": "Tàanzanyìa",
          "UA": "Yùkɛ̀lɛ̂",
          "UG": "Yùgandà",
          "UM": "UM",
          "UN": "UN",
          "US": "USA",
          "US-alt-short": "US",
          "UY": "Yulùgwɛ̂",
          "UZ": "Yùzɨ̀bɛkìsɨ̀tân",
          "VA": "Vatikàn Sɨ̀tɛ̂",
          "VC": "Sɛ̀n Vinsɨ̀n à Gɨlenadi Ù tē",
          "VE": "Vɛ̀nɛ̀zǔɛɛlà",
          "VG": "Chwɨlà m̀ Vidzinyìa m̀ Bɨ̀letì mò",
          "VI": "U. S. Chwɨlà fɨ Mbuʔmbu",
          "VN": "Vìyɛnàm",
          "VU": "Vànǔatùw",
          "WF": "Wales à Fùwtuwnà",
          "WS": "Sàmowà",
          "XK": "XK",
          "YE": "Yɛmɛ̀n",
          "YT": "Màyotì",
          "ZA": "Afɨlekà ghɨ Emàm ghò",
          "ZM": "Zambìa",
          "ZW": "Zìmbagbɛ̀",
          "ZZ": "ZZ"
        }
      }
    }
  }
}
