{
  "main": {
    "ee": {
      "identity": {
        "version": {
          "_number": "$Revision: 13701 $",
          "_cldrVersion": "32"
        },
        "language": "ee"
      },
      "localeDisplayNames": {
        "languages": {
          "aa": "aa",
          "ab": "abkhaziagbe",
          "ace": "ace",
          "ada": "ada",
          "ady": "ady",
          "af": "afrikaangbe",
          "agq": "aghemgbe",
          "ain": "ain",
          "ak": "blugbe",
          "ale": "ale",
          "alt": "alt",
          "am": "amhariagbe",
          "an": "an",
          "anp": "anp",
          "ar": "Arabiagbe",
          "ar-001": "Arabiagbe (xexeme)",
          "arn": "arn",
          "arp": "arp",
          "as": "assamegbe",
          "asa": "asagbe",
          "ast": "ast",
          "av": "av",
          "awa": "awa",
          "ay": "aymargbe",
          "az": "azerbaijangbe",
          "az-alt-short": "az",
          "ba": "ba",
          "ban": "ban",
          "bas": "bas",
          "be": "belarusiagbe",
          "bem": "bembagbe",
          "bez": "benagbe",
          "bg": "bulgariagbe",
          "bho": "bho",
          "bi": "bi",
          "bin": "bin",
          "bla": "bla",
          "bm": "bambaragbe",
          "bn": "Bengaligbe",
          "bo": "tibetagbe",
          "br": "bretongbe",
          "brx": "bodogbe",
          "bs": "bosniagbe",
          "bug": "bug",
          "byn": "byn",
          "ca": "katalagbe",
          "ce": "ce",
          "ceb": "ceb",
          "cgg": "cgg",
          "ch": "ch",
          "chk": "chk",
          "chm": "chm",
          "cho": "cho",
          "chr": "chr",
          "chy": "chy",
          "ckb": "ckb",
          "co": "co",
          "crs": "crs",
          "cs": "tsɛkgbe",
          "cu": "cu",
          "cv": "cv",
          "cy": "walesgbe",
          "da": "denmarkgbe",
          "dak": "dak",
          "dar": "dar",
          "dav": "dav",
          "de": "Germaniagbe",
          "de-AT": "Germaniagbe (Austria)",
          "de-CH": "Germaniagbe (Switzerland)",
          "dgr": "dgr",
          "dje": "dje",
          "dsb": "dsb",
          "dua": "dua",
          "dv": "divehgbe",
          "dyo": "dyo",
          "dz": "dzongkhagbe",
          "dzg": "dzg",
          "ebu": "embugbe",
          "ee": "Eʋegbe",
          "efi": "efigbe",
          "eka": "eka",
          "el": "grisigbe",
          "en": "Yevugbe",
          "en-AU": "Yevugbe (Australia)",
          "en-CA": "Yevugbe (Canada)",
          "en-GB": "Yevugbe (Britain)",
          "en-GB-alt-short": "Yevugbe (GB)",
          "en-US": "Yevugbe (America)",
          "en-US-alt-short": "Yevugbe (US)",
          "eo": "esperantogbe",
          "es": "Spanishgbe",
          "es-419": "Spanishgbe (Latin America)",
          "es-ES": "Spanishgbe (Europe)",
          "es-MX": "Spanishgbe (Mexico)",
          "et": "estoniagbe",
          "eu": "basqugbe",
          "ewo": "ewo",
          "fa": "persiagbe",
          "ff": "ff",
          "fi": "finlanɖgbe",
          "fil": "filipingbe",
          "fj": "fidzigbe",
          "fo": "fo",
          "fon": "fon",
          "fr": "Fransegbe",
          "fr-CA": "Fransegbe (Canada)",
          "fr-CH": "Fransegbe (Switzerland)",
          "frc": "frc",
          "fur": "fur",
          "fy": "fy",
          "ga": "irelanɖgbe",
          "gaa": "gaa",
          "gan": "gan",
          "gd": "gd",
          "gez": "gez",
          "gil": "gil",
          "gl": "galatagbe",
          "gn": "guarangbe",
          "gor": "gor",
          "gsw": "swizerlanɖtɔwo ƒe germaniagbe",
          "gu": "gujarati",
          "guz": "guz",
          "gv": "gv",
          "gwi": "gwi",
          "ha": "hausagbe",
          "hak": "hak",
          "haw": "hawaigbe",
          "he": "hebrigbe",
          "hi": "Hindigbe",
          "hil": "hil",
          "hmn": "hmn",
          "hr": "kroatiagbe",
          "hsb": "hsb",
          "hsn": "hsn",
          "ht": "haitigbe",
          "hu": "hungarigbe",
          "hup": "hup",
          "hy": "armeniagbe",
          "hz": "hz",
          "ia": "ia",
          "iba": "iba",
          "ibb": "ibb",
          "id": "Indonesiagbe",
          "ig": "igbogbe",
          "ii": "ii",
          "ilo": "ilo",
          "inh": "inh",
          "io": "io",
          "is": "icelanɖgbe",
          "it": "Italiagbe",
          "iu": "iu",
          "ja": "Japangbe",
          "jbo": "jbo",
          "jgo": "jgo",
          "jmc": "jmc",
          "jv": "dzavangbe",
          "ka": "gɔgiagbe",
          "kab": "kab",
          "kac": "kac",
          "kaj": "kaj",
          "kam": "kam",
          "kbd": "kbd",
          "kcg": "kcg",
          "kde": "kde",
          "kea": "cape verdegbe",
          "kfo": "kfo",
          "kha": "kha",
          "khq": "khq",
          "ki": "ki",
          "kj": "kj",
          "kk": "kazakhstangbe",
          "kkj": "kkj",
          "kl": "kl",
          "kln": "kln",
          "km": "khmergbe",
          "kmb": "kmb",
          "kn": "kannadagbe",
          "ko": "Koreagbe",
          "kok": "kok",
          "kpe": "kpe",
          "kr": "kr",
          "krc": "krc",
          "krl": "krl",
          "kru": "kru",
          "ks": "kashmirgbe",
          "ksb": "ksb",
          "ksf": "ksf",
          "ksh": "ksh",
          "ku": "kurdiagbe",
          "kum": "kum",
          "kv": "kv",
          "kw": "kw",
          "ky": "kirghistangbe",
          "la": "latin",
          "lad": "lad",
          "lag": "lag",
          "lah": "lahndagbe",
          "lb": "laksembɔggbe",
          "lez": "lez",
          "lg": "lg",
          "li": "li",
          "lkt": "lkt",
          "ln": "lingala",
          "lo": "laogbe",
          "lou": "lou",
          "loz": "loz",
          "lrc": "lrc",
          "lt": "lithuaniagbe",
          "lu": "lu",
          "lua": "lua",
          "lun": "lun",
          "luo": "luo",
          "lus": "lus",
          "luy": "luyiagbe",
          "lv": "latviagbe",
          "mad": "mad",
          "mag": "mag",
          "mai": "mai",
          "mak": "mak",
          "mas": "mas",
          "mdf": "mdf",
          "men": "men",
          "mer": "mer",
          "mfe": "mfe",
          "mg": "malagasegbe",
          "mgh": "mgh",
          "mgo": "mgo",
          "mh": "mh",
          "mi": "maorgbe",
          "mic": "mic",
          "min": "min",
          "mk": "makedoniagbe",
          "ml": "malayagbe",
          "mn": "mongoliagbe",
          "mni": "mni",
          "moh": "moh",
          "mos": "mos",
          "mr": "marathiagbe",
          "ms": "malaygbe",
          "mt": "maltagbe",
          "mua": "mua",
          "mul": "gbegbɔgblɔ sɔgbɔwo",
          "mus": "mus",
          "mwl": "mwl",
          "my": "burmagbe",
          "myv": "myv",
          "mzn": "mzn",
          "na": "na",
          "nan": "nan",
          "nap": "nap",
          "naq": "naq",
          "nb": "nɔweigbe bokmål",
          "nd": "dziehe ndebelegbe",
          "nds-NL": "nds (Netherlands nutome)",
          "ne": "nepalgbe",
          "new": "new",
          "ng": "ng",
          "nia": "nia",
          "niu": "niu",
          "nl": "Hollandgbe",
          "nl-BE": "Flemishgbe",
          "nmg": "nmg",
          "nn": "nɔweigbe ninɔsk",
          "nnh": "nnh",
          "no": "nɔweigbe",
          "nog": "nog",
          "nqo": "nqo",
          "nr": "nr",
          "nso": "dziehe sothogbe",
          "nus": "nus",
          "nv": "nv",
          "ny": "nyanjagbe",
          "nyn": "nyn",
          "oc": "oc",
          "om": "om",
          "or": "oriyagbe",
          "os": "ossetiagbe",
          "pa": "pundzabgbe",
          "pag": "pag",
          "pam": "pam",
          "pap": "pap",
          "pau": "pau",
          "pcm": "pcm",
          "pl": "Polishgbe",
          "prg": "prg",
          "ps": "pashtogbe",
          "pt": "Portuguesegbe",
          "pt-BR": "Portuguesegbe (Brazil)",
          "pt-PT": "Portuguesegbe (Europe)",
          "qu": "kwetsuagbe",
          "quc": "quc",
          "rap": "rap",
          "rar": "rar",
          "rm": "romanshgbe",
          "rn": "rundigbe",
          "ro": "romaniagbe",
          "ro-MD": "romaniagbe (Moldova nutome)",
          "rof": "rombogbe",
          "root": "root",
          "ru": "Russiagbe",
          "rup": "rup",
          "rw": "ruwandagbe",
          "rwk": "rwagbe",
          "sa": "sanskrigbe",
          "sad": "sad",
          "sah": "sakagbe",
          "saq": "saq",
          "sat": "sat",
          "sba": "sba",
          "sbp": "sbp",
          "sc": "sc",
          "scn": "scn",
          "sco": "sco",
          "sd": "sindhgbe",
          "se": "dziehe samigbe",
          "seh": "seh",
          "ses": "ses",
          "sg": "sangogbe",
          "sh": "serbo-croatiagbe",
          "shi": "shi",
          "shn": "shn",
          "si": "sinhalgbe",
          "sk": "slovakiagbe",
          "sl": "sloveniagbe",
          "sm": "samoagbe",
          "sma": "sma",
          "smj": "smj",
          "smn": "smn",
          "sms": "sms",
          "sn": "shonagbe",
          "snk": "snk",
          "so": "somaliagbe",
          "sq": "albaniagbe",
          "sr": "serbiagbe",
          "srn": "srn",
          "ss": "swatgbe",
          "ssy": "ssy",
          "st": "anyiehe sothogbe",
          "su": "su",
          "suk": "suk",
          "sv": "swedengbe",
          "sw": "swahili",
          "sw-CD": "swahili (Kongo Kinshasa nutome)",
          "swb": "komorogbe",
          "syr": "syr",
          "ta": "tamilgbe",
          "te": "telegugbe",
          "tem": "tem",
          "teo": "teo",
          "tet": "tetumgbe",
          "tg": "tadzikistangbe",
          "th": "Thailandgbe",
          "ti": "tigrinyagbe",
          "tig": "tig",
          "tk": "tɛkmengbe",
          "tl": "tagalogbe",
          "tlh": "tlh",
          "tn": "tswanagbe",
          "to": "tongagbe",
          "tpi": "tok pisigbe",
          "tr": "Turkishgbe",
          "trv": "trv",
          "ts": "tsongagbe",
          "tt": "tt",
          "tum": "tum",
          "tvl": "tvl",
          "twq": "twq",
          "ty": "tahitigbe",
          "tyv": "tyv",
          "tzm": "tzm",
          "udm": "udm",
          "ug": "uighurgbe",
          "uk": "ukraingbe",
          "umb": "umb",
          "und": "gbegbɔgblɔ manya",
          "ur": "urdugbe",
          "uz": "uzbekistangbe",
          "vai": "vai",
          "ve": "vendagbe",
          "vi": "vietnamgbe",
          "vo": "vo",
          "vun": "vun",
          "wa": "wa",
          "wae": "walsegbe",
          "wal": "wal",
          "war": "war",
          "wo": "wolofgbe",
          "wuu": "wuu",
          "xal": "xal",
          "xh": "xhosagbe",
          "xog": "xog",
          "yav": "yav",
          "ybb": "ybb",
          "yi": "yi",
          "yo": "yorubagbe",
          "yue": "cantongbe",
          "zgh": "zgh",
          "zh": "Chinagbe",
          "zh-Hans": "tsainagbe",
          "zh-Hant": "blema tsainagbe",
          "zu": "zulugbe",
          "zun": "zun",
          "zxx": "gbegbɔgblɔ manɔmee",
          "zza": "zza"
        }
      }
    }
  }
}
