{
  "main": {
    "ee": {
      "identity": {
        "version": {
          "_number": "$Revision: 13701 $",
          "_cldrVersion": "32"
        },
        "language": "ee"
      },
      "localeDisplayNames": {
        "localeDisplayPattern": {
          "localePattern": "{0} ({1})",
          "localeSeparator": "{0}, {1}",
          "localeKeyTypePattern": "{0}: {1}"
        },
        "keys": {
          "calendar": "kalenda",
          "cf": "cf",
          "collation": "tutuɖo",
          "currency": "gaɖuɖu",
          "hc": "hc",
          "lb": "lb",
          "ms": "ms",
          "numbers": "nɔmbawo"
        },
        "types": {
          "calendar": {
            "buddhist": "buddha subɔlawo ƒe kalenda",
            "chinese": "chinatɔwo ƒe kalenda",
            "coptic": "coptia kalenda",
            "dangi": "dangi",
            "ethiopic": "ethiopiatɔwo ƒe kalenda",
            "ethiopic-amete-alem": "ethiopia amate alemtɔwo ƒe kalenda",
            "gregorian": "Gregorian kalenda",
            "hebrew": "hebritɔwo ƒe kalenda",
            "indian": "india dukɔ ƒe kalenda",
            "islamic": "islam subɔlawo ƒe kalenda",
            "islamic-civil": "islam subɔlawo ƒe sivil kalenda",
            "islamic-rgsa": "islamic-rgsa",
            "islamic-tbla": "islamic-tbla",
            "islamic-umalqura": "islamic-umalqura",
            "iso8601": "iso8601",
            "japanese": "japantɔwo ƒe kalenda",
            "persian": "persiatɔwo ƒe kalenda",
            "roc": "china repɔbliktɔwo ƒe kalenda tso 1912"
          },
          "cf": {
            "account": "account",
            "standard": "standard"
          },
          "collation": {
            "big5han": "blema chinatɔwo ƒe ɖoɖomɔ nu",
            "compat": "compat",
            "dictionary": "nuɖoɖo ɖe nyagɔmeɖegbalẽ ƒe ɖoɖomɔ nu",
            "ducet": "nuɖoɖo ɖe unicode ƒe ɖoɖo nu",
            "emoji": "emoji",
            "eor": "eor",
            "gb2312han": "chinagbe yeye ƒe ɖoɖomɔ nu",
            "phonebook": "fonegbalẽ me ɖoɖomɔ nu",
            "pinyin": "pinyin ɖoɖomɔ nu",
            "reformed": "nugbugbɔtoɖo ƒe ɖoɖomɔ nu",
            "search": "nudidi hena zazã gbadza",
            "searchjl": "searchjl",
            "standard": "standard",
            "stroke": "stroke ɖoɖomɔ nu",
            "traditional": "blema ɖoɖomɔ nu",
            "unihan": "ɖoɖomɔnutɔxɛ manɔŋu stroke ƒe ɖoɖo nu",
            "zhuyin": "zhuyin"
          },
          "hc": {
            "h11": "h11",
            "h12": "h12",
            "h23": "h23",
            "h24": "h24"
          },
          "lb": {
            "loose": "loose",
            "normal": "normal",
            "strict": "strict"
          },
          "ms": {
            "metric": "metric",
            "uksystem": "uksystem",
            "ussystem": "ussystem"
          },
          "numbers": {
            "ahom": "ahom",
            "arab": "india ƒe arabia digitwo",
            "arabext": "india ƒe arabia digitwo dzi yiyi",
            "armn": "armeniatɔwo ƒe numeralwo",
            "armnlow": "armeniatɔwo ƒe numeral suetɔwo",
            "bali": "bali",
            "beng": "bengalitɔwo ƒe digitwo",
            "brah": "brah",
            "cakm": "cakm",
            "cham": "cham",
            "cyrl": "cyrl",
            "deva": "devanagari digitwo",
            "ethi": "ethiopia numeralwo",
            "fullwide": "digit kekeme blibotɔwo",
            "geor": "georgiatɔwo ƒe numeralwo",
            "gonm": "gonm",
            "grek": "greecetɔwo ƒe nemeralwo",
            "greklow": "greecetɔwo ƒe numeral suetɔwo",
            "gujr": "gujarati digitwo",
            "guru": "gurmukhi digitwo",
            "hanidec": "chinatɔwo ƒe nɔmba madeblibowo",
            "hans": "chinatɔwo ƒe numeralwo",
            "hansfin": "chinatɔwo ƒe gadzikpɔ numeralwo",
            "hant": "blema chinatɔwo ƒe numeralwo",
            "hantfin": "blema chinatɔwo ƒe gadzikpɔ numeralwo",
            "hebr": "hebritɔwo ƒe numeralwo",
            "hmng": "hmng",
            "java": "java",
            "jpan": "japantɔwo ƒe numeralwo",
            "jpanfin": "japantɔwo ƒe gadzikpɔnumeralwo",
            "kali": "kali",
            "khmr": "khmertɔwo ƒe nɔmbawo",
            "knda": "kannadatɔwo ƒe digitwo",
            "lana": "lana",
            "lanatham": "lanatham",
            "laoo": "laotɔwo ƒe digitwo",
            "latn": "Nɔmbawo le Latingbe ƒe ɖoɖo nu",
            "lepc": "lepc",
            "limb": "limb",
            "mathbold": "mathbold",
            "mathdbl": "mathdbl",
            "mathmono": "mathmono",
            "mathsanb": "mathsanb",
            "mathsans": "mathsans",
            "mlym": "malaya digitwo",
            "modi": "modi",
            "mong": "mongolia digitwo",
            "mroo": "mroo",
            "mtei": "mtei",
            "mymr": "myanmar digitwo",
            "mymrshan": "mymrshan",
            "mymrtlng": "mymrtlng",
            "nkoo": "nkoo",
            "olck": "olck",
            "orya": "oriya digitwo",
            "osma": "osma",
            "roman": "romatɔwo ƒe numeralwo",
            "romanlow": "romatɔwo ƒe numeral suetɔwo",
            "saur": "saur",
            "shrd": "shrd",
            "sind": "sind",
            "sinh": "sinh",
            "sora": "sora",
            "sund": "sund",
            "takr": "takr",
            "talu": "talu",
            "taml": "tamil numeralwo",
            "tamldec": "tamldec",
            "telu": "telegu digitwo",
            "thai": "thai digitwo",
            "tibt": "tibet digitwo",
            "tirh": "tirh",
            "vaii": "vaii",
            "wara": "wara"
          }
        },
        "codePatterns": {
          "language": "gbegbɔgblɔ {0}",
          "script": "gbeŋɔŋlɔ {0}",
          "territory": "memama {0}"
        }
      }
    }
  }
}
