{
  "main": {
    "ee": {
      "identity": {
        "version": {
          "_number": "$Revision: 13701 $",
          "_cldrVersion": "32"
        },
        "language": "ee"
      },
      "localeDisplayNames": {
        "scripts": {
          "Adlm": "Adlm",
          "Aghb": "Aghb",
          "Ahom": "Ahom",
          "Arab": "Arabiagbeŋɔŋlɔ",
          "Armi": "Armi",
          "Armn": "armeniagbeŋɔŋlɔ",
          "Avst": "Avst",
          "Bali": "Bali",
          "Bamu": "Bamu",
          "Bass": "Bass",
          "Batk": "Batk",
          "Beng": "bengaligbeŋɔŋlɔ",
          "Bhks": "Bhks",
          "Bopo": "bopomfogbeŋɔŋlɔ",
          "Brah": "Brah",
          "Brai": "braillegbeŋɔŋlɔ",
          "Bugi": "Bugi",
          "Buhd": "Buhd",
          "Cakm": "Cakm",
          "Cans": "Cans",
          "Cari": "Cari",
          "Cham": "Cham",
          "Cher": "Cher",
          "Copt": "Copt",
          "Cprt": "Cprt",
          "Cyrl": "Cyrillicgbeŋɔŋlɔ",
          "Deva": "devanagarigbeŋɔŋlɔ",
          "Dsrt": "Dsrt",
          "Dupl": "Dupl",
          "Egyp": "Egyp",
          "Elba": "Elba",
          "Ethi": "ethiopiagbeŋɔŋlɔ",
          "Geor": "gɔgiagbeŋɔŋlɔ",
          "Glag": "Glag",
          "Gonm": "Gonm",
          "Goth": "Goth",
          "Gran": "Gran",
          "Grek": "grisigbeŋɔŋlɔ",
          "Gujr": "gudzaratigbeŋɔŋlɔ",
          "Guru": "gurmukhigbeŋɔŋlɔ",
          "Hanb": "Hanb",
          "Hang": "hangulgbeŋɔŋlɔ",
          "Hani": "hangbeŋɔŋlɔ",
          "Hano": "Hano",
          "Hans": "Chinesegbeŋɔŋlɔ",
          "Hans-alt-stand-alone": "Hansgbeŋɔŋlɔ",
          "Hant": "Blema Chinesegbeŋɔŋlɔ",
          "Hant-alt-stand-alone": "Blema Hantgbeŋcŋlɔ",
          "Hatr": "Hatr",
          "Hebr": "hebrigbeŋɔŋlɔ",
          "Hira": "hiraganagbeŋɔŋlɔ",
          "Hluw": "Hluw",
          "Hmng": "Hmng",
          "Hrkt": "Hrkt",
          "Hung": "Hung",
          "Ital": "Ital",
          "Jamo": "Jamo",
          "Java": "Java",
          "Jpan": "Japanesegbeŋɔŋlɔ",
          "Kali": "Kali",
          "Kana": "katakanagbeŋɔŋlɔ",
          "Khar": "Khar",
          "Khmr": "khmergbeŋɔŋlɔ",
          "Khoj": "Khoj",
          "Knda": "kannadagbeŋɔŋlɔ",
          "Kore": "Koreagbeŋɔŋlɔ",
          "Kthi": "Kthi",
          "Lana": "Lana",
          "Laoo": "laogbeŋɔŋlɔ",
          "Latn": "Latingbeŋɔŋlɔ",
          "Lepc": "Lepc",
          "Limb": "Limb",
          "Lina": "Lina",
          "Linb": "Linb",
          "Lisu": "Lisu",
          "Lyci": "Lyci",
          "Lydi": "Lydi",
          "Mahj": "Mahj",
          "Mand": "Mand",
          "Mani": "Mani",
          "Marc": "Marc",
          "Mend": "Mend",
          "Merc": "Merc",
          "Mero": "Mero",
          "Mlym": "malayagbeŋɔŋlɔ",
          "Modi": "Modi",
          "Mong": "mongoliagbeŋɔŋlɔ",
          "Mroo": "Mroo",
          "Mtei": "Mtei",
          "Mult": "Mult",
          "Mymr": "myanmargbeŋɔŋlɔ",
          "Narb": "Narb",
          "Nbat": "Nbat",
          "Newa": "Newa",
          "Nkoo": "Nkoo",
          "Nshu": "Nshu",
          "Ogam": "Ogam",
          "Olck": "Olck",
          "Orkh": "Orkh",
          "Orya": "oriyagbeŋɔŋlɔ",
          "Osge": "Osge",
          "Osma": "Osma",
          "Palm": "Palm",
          "Pauc": "Pauc",
          "Perm": "Perm",
          "Phag": "Phag",
          "Phli": "Phli",
          "Phlp": "Phlp",
          "Phnx": "Phnx",
          "Plrd": "Plrd",
          "Prti": "Prti",
          "Rjng": "Rjng",
          "Runr": "Runr",
          "Samr": "Samr",
          "Sarb": "Sarb",
          "Saur": "Saur",
          "Sgnw": "Sgnw",
          "Shaw": "Shaw",
          "Shrd": "Shrd",
          "Sidd": "Sidd",
          "Sind": "Sind",
          "Sinh": "sinhalagbeŋɔŋlɔ",
          "Sora": "Sora",
          "Soyo": "Soyo",
          "Sund": "Sund",
          "Sylo": "Sylo",
          "Syrc": "Syrc",
          "Tagb": "Tagb",
          "Takr": "Takr",
          "Tale": "Tale",
          "Talu": "Talu",
          "Taml": "tamilgbeŋɔŋlɔ",
          "Tang": "Tang",
          "Tavt": "Tavt",
          "Telu": "telegugbeŋɔŋlɔ",
          "Tfng": "Tfng",
          "Tglg": "Tglg",
          "Thaa": "thaanagbeŋɔŋlɔ",
          "Thai": "taigbeŋɔŋlɔ",
          "Tibt": "tibetgbeŋɔŋlɔ",
          "Tirh": "Tirh",
          "Ugar": "Ugar",
          "Vaii": "Vaii",
          "Wara": "Wara",
          "Xpeo": "Xpeo",
          "Xsux": "Xsux",
          "Yiii": "Yiii",
          "Zanb": "Zanb",
          "Zinh": "Zinh",
          "Zmth": "Zmth",
          "Zsye": "Zsye",
          "Zsym": "ŋɔŋlɔdzesiwo",
          "Zxxx": "gbemaŋlɔ",
          "Zyyy": "gbeŋɔŋlɔ bɔbɔ",
          "Zzzz": "gbeŋɔŋlɔ manya"
        }
      }
    }
  }
}
