{
  "main": {
    "ee": {
      "identity": {
        "version": {
          "_number": "$Revision: 13701 $",
          "_cldrVersion": "32"
        },
        "language": "ee"
      },
      "localeDisplayNames": {
        "territories": {
          "001": "xexeme",
          "002": "Afrika nutome",
          "003": "Dziehe Amerika nutome",
          "005": "Anyiehe Amerika nutome",
          "009": "Oceania nutome",
          "011": "Ɣetoɖoƒelɔƒo Afrika nutome",
          "013": "Titina Amerika nutome",
          "014": "Ɣedzeƒe Afrika nutome",
          "015": "Dziehe Afrika nutome",
          "017": "Titina Afrika nutome",
          "018": "Anyiehelɔƒo Afrika nutome",
          "019": "Amerika nutome",
          "021": "Dziehelɔƒo Amerika nutome",
          "029": "Karibbea nutome",
          "030": "Ɣedzeƒe Asia nutome",
          "034": "Anyiehelɔƒo Asia nutome",
          "035": "Anyiehe Ɣedzeƒe Afrika nutome",
          "039": "Anyiehelɔƒo Europa nutome",
          "053": "Australia kple New Zealand nutome",
          "054": "Melanesia nutome",
          "057": "Mikronesia",
          "061": "Pɔlinesia nutome",
          "142": "Asia nutome",
          "143": "Titina Asia nutome",
          "145": "Ɣetoɖoƒelɔƒo Asia nutome",
          "150": "Europa nutome",
          "151": "Ɣedzeƒe Europa nutome",
          "154": "Dziehelɔƒo Europa nutome",
          "155": "Ɣetoɖoƒelɔƒo Europa nutome",
          "202": "202",
          "419": "Latin Amerika nutome",
          "AC": "Ascension ƒudomekpo nutome",
          "AD": "Andorra nutome",
          "AE": "United Arab Emirates nutome",
          "AF": "Afghanistan nutome",
          "AG": "́Antigua kple Barbuda nutome",
          "AI": "Anguilla nutome",
          "AL": "Albania nutome",
          "AM": "Armenia nutome",
          "AO": "Angola nutome",
          "AQ": "Antartica nutome",
          "AR": "Argentina nutome",
          "AS": "Amerika Samoa nutome",
          "AT": "Austria nutome",
          "AU": "Australia nutome",
          "AW": "Aruba nutome",
          "AX": "Åland ƒudomekpo nutome",
          "AZ": "Azerbaijan nutome",
          "BA": "Bosnia kple Herzergovina nutome",
          "BB": "Barbados nutome",
          "BD": "Bangladesh nutome",
          "BE": "Belgium nutome",
          "BF": "Burkina Faso nutome",
          "BG": "Bulgaria nutome",
          "BH": "Bahrain nutome",
          "BI": "Burundi nutome",
          "BJ": "Benin nutome",
          "BL": "Saint Barthélemy nutome",
          "BM": "Bermuda nutome",
          "BN": "Brunei nutome",
          "BO": "Bolivia nutome",
          "BQ": "BQ",
          "BR": "Brazil nutome",
          "BS": "Bahamas nutome",
          "BT": "Bhutan nutome",
          "BV": "Bouvet ƒudomekpo nutome",
          "BW": "Botswana nutome",
          "BY": "Belarus nutome",
          "BZ": "Belize nutome",
          "CA": "Canada nutome",
          "CC": "Kokos (Kiling) fudomekpo nutome",
          "CD": "Kongo Kinshasa nutome",
          "CD-alt-variant": "Kongo demokratik repɔblik nutome",
          "CF": "Titina Afrika repɔblik nutome",
          "CG": "Kongo Brazzaville nutome",
          "CG-alt-variant": "Kongo repɔblik nutome",
          "CH": "Switzerland nutome",
          "CI": "Kote d’Ivoire nutome",
          "CI-alt-variant": "Ivory Kost nutome",
          "CK": "Kook ƒudomekpo nutome",
          "CL": "Tsile nutome",
          "CM": "Kamerun nutome",
          "CN": "Tsaina nutome",
          "CO": "Kolombia nutome",
          "CP": "Klipaton ƒudomekpo nutome",
          "CR": "Kosta Rika nutome",
          "CU": "Kuba nutome",
          "CV": "Kape Verde nutome",
          "CW": "CW",
          "CX": "Kristmas ƒudomekpo nutome",
          "CY": "Saiprus nutome",
          "CZ": "Tsɛk repɔblik nutome",
          "CZ-alt-variant": "CZ",
          "DE": "Germania nutome",
          "DG": "Diego Garsia nutome",
          "DJ": "Dzibuti nutome",
          "DK": "Denmark nutome",
          "DM": "Dominika nutome",
          "DO": "Dominika repɔblik nutome",
          "DZ": "Algeria nutome",
          "EA": "Keuta and Melilla nutome",
          "EC": "Ekuadɔ nutome",
          "EE": "Estonia nutome",
          "EG": "Egypte nutome",
          "EH": "Ɣetoɖoƒe Sahara nutome",
          "ER": "Eritrea nutome",
          "ES": "Spain nutome",
          "ET": "Etiopia nutome",
          "EU": "Europa Wɔɖeka nutome",
          "EZ": "EZ",
          "FI": "Finland nutome",
          "FJ": "Fidzi nutome",
          "FK": "Falkland ƒudomekpowo nutome",
          "FK-alt-variant": "Falkland ƒudomekpowo (Islas Malvinas) nutome",
          "FM": "Mikronesia nutome",
          "FO": "Faroe ƒudomekpowo nutome",
          "FR": "France nutome",
          "GA": "Gabɔn nutome",
          "GB": "United Kingdom nutome",
          "GB-alt-short": "GB",
          "GD": "Grenada nutome",
          "GE": "Georgia nutome",
          "GF": "Frentsi Gayana nutome",
          "GG": "Guernse nutome",
          "GH": "Ghana nutome",
          "GI": "Gibraltar nutome",
          "GL": "Grinland nutome",
          "GM": "Gambia nutome",
          "GN": "Guini nutome",
          "GP": "Guadelupe nutome",
          "GQ": "Ekuatorial Guini nutome",
          "GR": "Greece nutome",
          "GS": "Anyiehe Georgia kple Anyiehe Sandwich ƒudomekpowo nutome",
          "GT": "Guatemala nutome",
          "GU": "Guam nutome",
          "GW": "Gini-Bisao nutome",
          "GY": "Guyanadu",
          "HK": "Hɔng Kɔng SAR Tsaina nutome",
          "HK-alt-short": "Hɔng Kɔng nutome",
          "HM": "Heard kple Mcdonald ƒudomekpowo nutome",
          "HN": "Hondurasdu",
          "HR": "Kroatsia nutome",
          "HT": "Haiti nutome",
          "HU": "Hungari nutome",
          "IC": "Kanari ƒudomekpowo nutome",
          "ID": "Indonesia nutome",
          "IE": "Ireland nutome",
          "IL": "Israel nutome",
          "IM": "Aisle of Man nutome",
          "IN": "India nutome",
          "IO": "Britaintɔwo ƒe india ƒudome nutome",
          "IQ": "iraqdukɔ",
          "IR": "Iran nutome",
          "IS": "Aiseland nutome",
          "IT": "Italia nutome",
          "JE": "Dzɛse nutome",
          "JM": "Dzamaika nutome",
          "JO": "Yordan nutome",
          "JP": "Dzapan nutome",
          "KE": "Kenya nutome",
          "KG": "Kirgizstan nutome",
          "KH": "Kambodia nutome",
          "KI": "Kiribati nutome",
          "KM": "Komoros nutome",
          "KN": "Saint Kitis kple Nevis nutome",
          "KP": "Dziehe Korea nutome",
          "KR": "Anyiehe Korea nutome",
          "KW": "Kuwait nutome",
          "KY": "Kayman ƒudomekpowo nutome",
          "KZ": "Kazakstan nutome",
          "LA": "Laos nutome",
          "LB": "Lebanɔn nutome",
          "LC": "Saint Lusia nutome",
          "LI": "Litsenstein nutome",
          "LK": "Sri Lanka nutome",
          "LR": "Liberia nutome",
          "LS": "Lɛsoto nutome",
          "LT": "Lituania nutome",
          "LU": "Lazembɔg nutome",
          "LV": "Latvia nutome",
          "LY": "Libya nutome",
          "MA": "Moroko nutome",
          "MC": "Monako nutome",
          "MD": "Moldova nutome",
          "ME": "Montenegro nutome",
          "MF": "Saint Martin nutome",
          "MG": "Madagaska nutome",
          "MH": "Marshal ƒudomekpowo nutome",
          "MK": "Makedonia nutome",
          "MK-alt-variant": "Makedonia (FYROM) nutome",
          "ML": "Mali nutome",
          "MM": "Myanmar (Burma) nutome",
          "MN": "Mongolia nutome",
          "MO": "Macau SAR Tsaina nutome",
          "MO-alt-short": "Macau nutome",
          "MP": "Dziehe Marina ƒudomekpowo nutome",
          "MQ": "Martiniki nutome",
          "MR": "Mauritania nutome",
          "MS": "Montserrat nutome",
          "MT": "Malta nutome",
          "MU": "mauritiusdukɔ",
          "MV": "maldivesdukɔ",
          "MW": "Malawi nutome",
          "MX": "Mexico nutome",
          "MY": "Malaysia nutome",
          "MZ": "Mozambiki nutome",
          "NA": "Namibia nutome",
          "NC": "New Kaledonia nutome",
          "NE": "Niger nutome",
          "NF": "Norfolk ƒudomekpo nutome",
          "NG": "Nigeria nutome",
          "NI": "Nicaraguadukɔ",
          "NL": "Netherlands nutome",
          "NO": "Norway nutome",
          "NP": "Nepal nutome",
          "NR": "Nauru nutome",
          "NU": "Niue nutome",
          "NZ": "New Zealand nutome",
          "OM": "Oman nutome",
          "PA": "Panama nutome",
          "PE": "Peru nutome",
          "PF": "Frentsi Pɔlinesia nutome",
          "PG": "Papua New Gini nutome",
          "PH": "Filipini nutome",
          "PK": "Pakistan nutome",
          "PL": "Poland nutome",
          "PM": "Saint Pierre kple Mikelɔn nutome",
          "PN": "Pitkairn ƒudomekpo nutome",
          "PR": "Puerto Riko nutome",
          "PS": "Palestinia nutome",
          "PS-alt-short": "PS",
          "PT": "Portugal nutome",
          "PW": "Palau nutome",
          "PY": "Paragua nutome",
          "QA": "Katar nutome",
          "QO": "Outlaying Oceania nutome",
          "RE": "Réunion nutome",
          "RO": "Romania nutome",
          "RS": "RS",
          "RU": "Russia nutome",
          "RW": "Rwanda nutome",
          "SA": "Saudi Arabia nutome",
          "SB": "Solomon ƒudomekpowo nutome",
          "SC": "Seshɛls nutome",
          "SD": "Sudan nutome",
          "SE": "Sweden nutome",
          "SG": "Singapɔr nutome",
          "SH": "Saint Helena nutome",
          "SI": "Slovenia nutome",
          "SJ": "Svalbard kple Yan Mayen nutome",
          "SK": "Slovakia nutome",
          "SL": "Sierra Leone nutome",
          "SM": "San Marino nutome",
          "SN": "Senegal nutome",
          "SO": "Somalia nutome",
          "SR": "Suriname nutome",
          "SS": "SS",
          "ST": "São Tomé kple Príncipe nutome",
          "SV": "El Salvadɔ nutome",
          "SX": "SX",
          "SY": "Siria nutome",
          "SZ": "Swaziland nutome",
          "TA": "Tristan da Kunha nutome",
          "TC": "Tɛks kple Kaikos ƒudomekpowo nutome",
          "TD": "Tsad nutome",
          "TF": "Anyiehe Franseme nutome",
          "TG": "Togo nutome",
          "TH": "Thailand nutome",
          "TJ": "Tajikistan nutome",
          "TK": "Tokelau nutome",
          "TL": "Timor-Leste nutome",
          "TL-alt-variant": "Ɣedzeƒe Timɔ nutome",
          "TM": "Tɛkmenistan nutome",
          "TN": "Tunisia nutome",
          "TO": "Tonga nutome",
          "TR": "Tɛki nutome",
          "TT": "Trinidad kple Tobago nutome",
          "TV": "Tuvalu nutome",
          "TW": "Taiwan nutome",
          "TZ": "Tanzania nutome",
          "UA": "Ukraine nutome",
          "UG": "Uganda nutome",
          "UM": "U.S. Minor Outlaying ƒudomekpowo nutome",
          "UN": "UN",
          "US": "USA nutome",
          "US-alt-short": "US",
          "UY": "uruguaydukɔ",
          "UZ": "Uzbekistan nutome",
          "VA": "Vatikandu nutome",
          "VC": "Saint Vincent kple Grenadine nutome",
          "VE": "Venezuela nutome",
          "VG": "Britaintɔwo ƒe Virgin ƒudomekpowo nutome",
          "VI": "U.S. Vɛrgin ƒudomekpowo nutome",
          "VN": "Vietnam nutome",
          "VU": "Vanuatu nutome",
          "WF": "Wallis kple Futuna nutome",
          "WS": "Samoa nutome",
          "XK": "XK",
          "YE": "Yemen nutome",
          "YT": "Mayotte nutome",
          "ZA": "Anyiehe Africa nutome",
          "ZM": "Zambia nutome",
          "ZW": "Zimbabwe nutome",
          "ZZ": "nutome manya"
        }
      }
    }
  }
}
