{
  "main": {
    "dyo": {
      "identity": {
        "version": {
          "_number": "$Revision: 13701 $",
          "_cldrVersion": "32"
        },
        "language": "dyo"
      },
      "localeDisplayNames": {
        "territories": {
          "001": "001",
          "002": "002",
          "003": "003",
          "005": "005",
          "009": "009",
          "011": "011",
          "013": "013",
          "014": "014",
          "015": "015",
          "017": "017",
          "018": "018",
          "019": "019",
          "021": "021",
          "029": "029",
          "030": "030",
          "034": "034",
          "035": "035",
          "039": "039",
          "053": "053",
          "054": "054",
          "057": "057",
          "061": "061",
          "142": "142",
          "143": "143",
          "145": "145",
          "150": "150",
          "151": "151",
          "154": "154",
          "155": "155",
          "202": "202",
          "419": "419",
          "AC": "AC",
          "AD": "Andorra",
          "AE": "AE",
          "AF": "Afganistan",
          "AG": "Antigua di Barbuda",
          "AI": "Angiiya",
          "AL": "Albani",
          "AM": "Armeni",
          "AO": "Angola",
          "AQ": "AQ",
          "AR": "Arsantin",
          "AS": "Samoa yati Amerik",
          "AT": "Otris",
          "AU": "Ostraalia",
          "AW": "Aruba",
          "AX": "AX",
          "AZ": "Aserbaysan",
          "BA": "Bosni di Hersegovin",
          "BB": "Barbad",
          "BD": "Banglades",
          "BE": "Belsik",
          "BF": "Burukiina Faso",
          "BG": "Bulgari",
          "BH": "Bahrayn",
          "BI": "Burundi",
          "BJ": "Bene",
          "BL": "BL",
          "BM": "Bermud",
          "BN": "Buruney",
          "BO": "Boliivi",
          "BQ": "BQ",
          "BR": "Bresil",
          "BS": "Bahama",
          "BT": "Butan",
          "BV": "BV",
          "BW": "Boswana",
          "BY": "Belarus",
          "BZ": "Beliis",
          "CA": "Kanada",
          "CC": "CC",
          "CD": "Mofam demokratik mati Kongo",
          "CD-alt-variant": "CD",
          "CF": "CF",
          "CG": "Kongo",
          "CG-alt-variant": "CG",
          "CH": "CH",
          "CI": "Koddiwar",
          "CI-alt-variant": "CI",
          "CK": "CK",
          "CL": "Cili",
          "CM": "Kamerun",
          "CN": "Siin",
          "CO": "Kolombi",
          "CP": "CP",
          "CR": "Kosta Rika",
          "CU": "Kuba",
          "CV": "Kap Ver",
          "CW": "CW",
          "CX": "CX",
          "CY": "Siipr",
          "CZ": "Mofam mati Cek",
          "CZ-alt-variant": "CZ",
          "DE": "Almaañ",
          "DG": "DG",
          "DJ": "Jibuti",
          "DK": "Danmark",
          "DM": "Dominika",
          "DO": "Mofam mati Dominik",
          "DZ": "Alseri",
          "EA": "EA",
          "EC": "Ekuador",
          "EE": "Estoni",
          "EG": "Esípt",
          "EH": "EH",
          "ER": "Eritree",
          "ES": "Espaañ",
          "ET": "Ecoopi",
          "EU": "EU",
          "EZ": "EZ",
          "FI": "Finland",
          "FJ": "Fiji",
          "FK": "FK",
          "FK-alt-variant": "FK",
          "FM": "FM",
          "FO": "FO",
          "FR": "Frans",
          "GA": "Gabon",
          "GB": "GB",
          "GB-alt-short": "GB",
          "GD": "Grenada",
          "GE": "Seorsi",
          "GF": "GF",
          "GG": "GG",
          "GH": "Gaana",
          "GI": "Sipraltaar",
          "GL": "Greenland",
          "GM": "Gambi",
          "GN": "Giné",
          "GP": "Guwadalup",
          "GQ": "GQ",
          "GR": "Gres",
          "GS": "GS",
          "GT": "Guatemala",
          "GU": "Guam",
          "GW": "Giné Bisaau",
          "GY": "Giyan",
          "HK": "HK",
          "HK-alt-short": "HK",
          "HM": "HM",
          "HN": "Onduras",
          "HR": "Kroasi",
          "HT": "Ayti",
          "HU": "Oŋri",
          "IC": "IC",
          "ID": "Endonesi",
          "IE": "Irland",
          "IL": "Israel",
          "IM": "IM",
          "IN": "End",
          "IO": "IO",
          "IQ": "Irak",
          "IR": "Iran",
          "IS": "Iisland",
          "IT": "Itali",
          "JE": "JE",
          "JM": "Samaik",
          "JO": "JO",
          "JP": "Sapoŋ",
          "KE": "Keniya",
          "KG": "KG",
          "KH": "Kamboj",
          "KI": "KI",
          "KM": "Komor",
          "KN": "KN",
          "KP": "KP",
          "KR": "KR",
          "KW": "KW",
          "KY": "KY",
          "KZ": "KZ",
          "LA": "LA",
          "LB": "LB",
          "LC": "Saŋ Lusia",
          "LI": "LI",
          "LK": "Siri Lanka",
          "LR": "Liberia",
          "LS": "LS",
          "LT": "LT",
          "LU": "LU",
          "LV": "LV",
          "LY": "LY",
          "MA": "MA",
          "MC": "MC",
          "MD": "MD",
          "ME": "ME",
          "MF": "MF",
          "MG": "Madagaskaar",
          "MH": "MH",
          "MK": "MK",
          "MK-alt-variant": "MK",
          "ML": "Mali",
          "MM": "MM",
          "MN": "MN",
          "MO": "MO",
          "MO-alt-short": "MO",
          "MP": "MP",
          "MQ": "MQ",
          "MR": "MR",
          "MS": "MS",
          "MT": "MT",
          "MU": "MU",
          "MV": "MV",
          "MW": "MW",
          "MX": "MX",
          "MY": "MY",
          "MZ": "MZ",
          "NA": "NA",
          "NC": "NC",
          "NE": "NE",
          "NF": "Ecinkey yati Noorfok",
          "NG": "NG",
          "NI": "NI",
          "NL": "NL",
          "NO": "NO",
          "NP": "NP",
          "NR": "NR",
          "NU": "NU",
          "NZ": "NZ",
          "OM": "OM",
          "PA": "PA",
          "PE": "PE",
          "PF": "PF",
          "PG": "PG",
          "PH": "PH",
          "PK": "PK",
          "PL": "PL",
          "PM": "PM",
          "PN": "PN",
          "PR": "PR",
          "PS": "PS",
          "PS-alt-short": "PS",
          "PT": "PT",
          "PW": "PW",
          "PY": "PY",
          "QA": "QA",
          "QO": "QO",
          "RE": "RE",
          "RO": "RO",
          "RS": "RS",
          "RU": "RU",
          "RW": "RW",
          "SA": "Abari Saudi",
          "SB": "SB",
          "SC": "SC",
          "SD": "Sudan",
          "SE": "SE",
          "SG": "Singapur",
          "SH": "SH",
          "SI": "Sloveni",
          "SJ": "SJ",
          "SK": "Slovaki",
          "SL": "Serra Leon",
          "SM": "SM",
          "SN": "Senegal",
          "SO": "Somali",
          "SR": "SR",
          "SS": "SS",
          "ST": "ST",
          "SV": "Salvadoor",
          "SX": "SX",
          "SY": "SY",
          "SZ": "SZ",
          "TA": "TA",
          "TC": "TC",
          "TD": "Cad",
          "TF": "TF",
          "TG": "Togo",
          "TH": "Tailand",
          "TJ": "TJ",
          "TK": "TK",
          "TL": "TL",
          "TL-alt-variant": "TL",
          "TM": "TM",
          "TN": "TN",
          "TO": "TO",
          "TR": "TR",
          "TT": "TT",
          "TV": "TV",
          "TW": "TW",
          "TZ": "TZ",
          "UA": "UA",
          "UG": "UG",
          "UM": "UM",
          "UN": "UN",
          "US": "US",
          "US-alt-short": "US",
          "UY": "UY",
          "UZ": "UZ",
          "VA": "VA",
          "VC": "VC",
          "VE": "VE",
          "VG": "VG",
          "VI": "VI",
          "VN": "VN",
          "VU": "VU",
          "WF": "WF",
          "WS": "WS",
          "XK": "XK",
          "YE": "YE",
          "YT": "YT",
          "ZA": "ZA",
          "ZM": "ZM",
          "ZW": "ZW",
          "ZZ": "ZZ"
        }
      }
    }
  }
}
