{
  "main": {
    "cy": {
      "identity": {
        "version": {
          "_number": "$Revision: 13717 $",
          "_cldrVersion": "32"
        },
        "language": "cy"
      },
      "localeDisplayNames": {
        "languages": {
          "aa": "Affareg",
          "ab": "Abchaseg",
          "ace": "Acehneg",
          "ach": "Acoli",
          "ada": "Adangmeg",
          "ady": "Circaseg Gorllewinol",
          "ae": "Afestaneg",
          "aeb": "Arabeg Tunisia",
          "af": "Affricâneg",
          "afh": "Affrihili",
          "agq": "Aghemeg",
          "ain": "Ainŵeg",
          "ak": "Acaneg",
          "akk": "Acadeg",
          "akz": "Alabamäeg",
          "ale": "Alewteg",
          "aln": "Ghegeg Albania",
          "alt": "Altäeg Deheuol",
          "am": "Amhareg",
          "an": "Aragoneg",
          "ang": "Hen Saesneg",
          "anp": "Angika",
          "ar": "Arabeg",
          "ar-001": "Arabeg Modern Safonol",
          "arc": "Aramaeg",
          "arn": "Arawcaneg",
          "aro": "Araonaeg",
          "arp": "Arapaho",
          "arq": "Arabeg Algeria",
          "arw": "Arawaceg",
          "ary": "Arabeg Moroco",
          "arz": "Arabeg yr Aifft",
          "as": "Asameg",
          "asa": "Asw",
          "ase": "Iaith Arwyddion America",
          "ast": "Astwrianeg",
          "av": "Afareg",
          "awa": "Awadhi",
          "ay": "Aymareg",
          "az": "Aserbaijaneg",
          "az-alt-short": "Aseri",
          "az-Arab": "Aserbaijaneg Deheuol",
          "ba": "Bashcorteg",
          "bal": "Balwtsi",
          "ban": "Balïeg",
          "bas": "Basâeg",
          "bax": "Bamwmeg",
          "be": "Belarwseg",
          "bej": "Bejäeg",
          "bem": "Bembeg",
          "bez": "Bena",
          "bfd": "Baffwteg",
          "bfq": "Badaga",
          "bg": "Bwlgareg",
          "bgn": "Balochi Gorllewinol",
          "bho": "Bhojpuri",
          "bi": "Bislama",
          "bin": "Bini",
          "bkm": "Comeg",
          "bla": "Siksika",
          "bm": "Bambareg",
          "bn": "Bengaleg",
          "bo": "Tibeteg",
          "br": "Llydaweg",
          "brh": "Brahui",
          "brx": "Bodo",
          "bs": "Bosnieg",
          "bss": "Acwseg",
          "bua": "Bwriateg",
          "bug": "Bwginaeg",
          "bum": "Bwlw",
          "byn": "Blin",
          "ca": "Catalaneg",
          "cad": "Cado",
          "car": "Caribeg",
          "cch": "Atsameg",
          "ce": "Tsietsieneg",
          "ceb": "Cebuano",
          "cgg": "Tsiga",
          "ch": "Tsiamorro",
          "chk": "Chuukaeg",
          "chm": "Marieg",
          "cho": "Siocto",
          "chr": "Tsierocî",
          "chy": "Cheyenne",
          "ckb": "Cwrdeg Sorani",
          "co": "Corseg",
          "cop": "Copteg",
          "cr": "Cri",
          "crh": "Tyrceg y Crimea",
          "crs": "Ffrangeg Seselwa Creole",
          "cs": "Tsieceg",
          "cu": "Hen Slafoneg",
          "cv": "Tshwfasheg",
          "cy": "Cymraeg",
          "da": "Daneg",
          "dak": "Dacotaeg",
          "dar": "Dargwa",
          "dav": "Taita",
          "de": "Almaeneg",
          "de-AT": "Almaeneg Awstria",
          "de-CH": "Almaeneg Safonol y Swistir",
          "dgr": "Dogrib",
          "din": "Dinca",
          "dje": "Sarmaeg",
          "doi": "Dogri",
          "dsb": "Sorbeg Isaf",
          "dua": "Diwaleg",
          "dum": "Iseldireg Canol",
          "dv": "Difehi",
          "dyo": "Jola-Fonyi",
          "dz": "Dzongkha",
          "dzg": "Dazaga",
          "ebu": "Embw",
          "ee": "Ewe",
          "efi": "Efik",
          "egy": "Hen Eiffteg",
          "eka": "Ekajuk",
          "el": "Groeg",
          "elx": "Elameg",
          "en": "Saesneg",
          "en-AU": "Saesneg Awstralia",
          "en-CA": "Saesneg Canada",
          "en-GB": "Saesneg Prydain",
          "en-GB-alt-short": "Saesneg (DU)",
          "en-US": "Saesneg America",
          "en-US-alt-short": "Saesneg (UDA)",
          "enm": "Saesneg Canol",
          "eo": "Esperanto",
          "es": "Sbaeneg",
          "es-419": "Sbaeneg America Ladin",
          "es-ES": "Sbaeneg Ewrop",
          "es-MX": "Sbaeneg Mecsico",
          "et": "Estoneg",
          "eu": "Basgeg",
          "ewo": "Ewondo",
          "ext": "Extremadureg",
          "fa": "Perseg",
          "fat": "Ffanti",
          "ff": "Ffwla",
          "fi": "Ffinneg",
          "fil": "Ffilipineg",
          "fit": "Ffinneg Tornedal",
          "fj": "Ffijïeg",
          "fo": "Ffaröeg",
          "fon": "Fon",
          "fr": "Ffrangeg",
          "fr-CA": "Ffrangeg Canada",
          "fr-CH": "Ffrangeg y Swistir",
          "frc": "Ffrangeg Cajwn",
          "frm": "Ffrangeg Canol",
          "fro": "Hen Ffrangeg",
          "frp": "Arpitaneg",
          "frr": "Ffriseg Gogleddol",
          "frs": "Ffriseg y Dwyrain",
          "fur": "Ffriwleg",
          "fy": "Ffriseg y Gorllewin",
          "ga": "Gwyddeleg",
          "gaa": "Ga",
          "gag": "Gagauz",
          "gan": "gan",
          "gay": "Gaio",
          "gba": "Gbaia",
          "gbz": "Dareg y Zoroastriaid",
          "gd": "Gaeleg yr Alban",
          "gez": "Geez",
          "gil": "Gilberteg",
          "gl": "Galisieg",
          "gmh": "Almaeneg Uchel Canol",
          "gn": "Guaraní",
          "goh": "Hen Almaeneg Uchel",
          "gor": "Gorontalo",
          "got": "Gotheg",
          "grc": "Hen Roeg",
          "gsw": "Almaeneg y Swistir",
          "gu": "Gwjarati",
          "guz": "Gusii",
          "gv": "Manaweg",
          "gwi": "Gwichʼin",
          "ha": "Hawsa",
          "hai": "Haida",
          "hak": "hak",
          "haw": "Hawäieg",
          "he": "Hebraeg",
          "hi": "Hindi",
          "hil": "Hiligaynon",
          "hit": "Hetheg",
          "hmn": "Hmongeg",
          "hr": "Croateg",
          "hsb": "Sorbeg Uchaf",
          "hsn": "hsn",
          "ht": "Creol Haiti",
          "hu": "Hwngareg",
          "hup": "Hupa",
          "hy": "Armeneg",
          "hz": "Herero",
          "ia": "Interlingua",
          "iba": "Ibaneg",
          "ibb": "Ibibio",
          "id": "Indoneseg",
          "ie": "Interlingue",
          "ig": "Igbo",
          "ii": "Nwosw",
          "ik": "Inwpiaceg",
          "ilo": "Ilocaneg",
          "inh": "Ingwsieg",
          "io": "Ido",
          "is": "Islandeg",
          "it": "Eidaleg",
          "iu": "Inwctitwt",
          "ja": "Japaneeg",
          "jbo": "Lojban",
          "jgo": "Ngomba",
          "jmc": "Matsiame",
          "jpr": "Iddew-Bersieg",
          "jrb": "Iddew-Arabeg",
          "jv": "Jafanaeg",
          "ka": "Georgeg",
          "kaa": "Cara-Calpaceg",
          "kab": "Cabileg",
          "kac": "Kachin",
          "kaj": "Jju",
          "kam": "Camba",
          "kbd": "Cabardieg",
          "kcg": "Tyapeg",
          "kde": "Macondeg",
          "kea": "Caboferdianeg",
          "kfo": "Koro",
          "kg": "Congo",
          "kha": "Càseg",
          "khq": "Koyra Chiini",
          "khw": "Chowareg",
          "ki": "Kikuyu",
          "kj": "Kuanyama",
          "kk": "Casacheg",
          "kkj": "Kako",
          "kl": "Kalaallisut",
          "kln": "Kalenjin",
          "km": "Chmereg",
          "kmb": "Kimbundu",
          "kn": "Kannada",
          "ko": "Coreeg",
          "koi": "Komi-Permyak",
          "kok": "Concani",
          "kpe": "Kpelle",
          "kr": "Canwri",
          "krc": "Karachay-Balkar",
          "krl": "Careleg",
          "kru": "Kurukh",
          "ks": "Cashmireg",
          "ksb": "Shambala",
          "ksf": "Baffia",
          "ksh": "Cwleneg",
          "ku": "Cwrdeg",
          "kum": "Cwmiceg",
          "kv": "Comi",
          "kw": "Cernyweg",
          "ky": "Cirgiseg",
          "la": "Lladin",
          "lad": "Iddew-Sbaeneg",
          "lag": "Langi",
          "lah": "Lahnda",
          "lam": "Lamba",
          "lb": "Lwcsembwrgeg",
          "lez": "Lezgheg",
          "lg": "Ganda",
          "li": "Limbwrgeg",
          "lkt": "Lakota",
          "lmo": "Lombardeg",
          "ln": "Lingala",
          "lo": "Laoeg",
          "lol": "Mongo",
          "lou": "lou",
          "loz": "Lozi",
          "lrc": "Luri Gogleddol",
          "lt": "Lithwaneg",
          "ltg": "Latgaleg",
          "lu": "Luba-Katanga",
          "lua": "Luba-Lulua",
          "lun": "Lwnda",
          "luo": "Lŵo",
          "lus": "Lwshaieg",
          "luy": "Lwyia",
          "lv": "Latfieg",
          "mad": "Madwreg",
          "mag": "Magahi",
          "mai": "Maithili",
          "mak": "Macasareg",
          "man": "Mandingo",
          "mas": "Masai",
          "mdf": "Mocsia",
          "mdr": "Mandareg",
          "men": "Mendeg",
          "mer": "Mêrw",
          "mfe": "Morisyen",
          "mg": "Malagaseg",
          "mga": "Gwyddeleg Canol",
          "mgh": "Makhuwa-Meetto",
          "mgo": "Meta",
          "mh": "Marsialeg",
          "mi": "Maori",
          "mic": "Micmaceg",
          "min": "Minangkabau",
          "mk": "Macedoneg",
          "ml": "Malayalam",
          "mn": "Mongoleg",
          "mnc": "Manshw",
          "mni": "Manipwri",
          "moh": "Mohoceg",
          "mos": "Mosi",
          "mr": "Marathi",
          "mrj": "Mari Gorllewinol",
          "ms": "Maleieg",
          "mt": "Malteg",
          "mua": "Mundang",
          "mul": "Mwy nag un iaith",
          "mus": "Creek",
          "mwl": "Mirandeg",
          "mwr": "Marwari",
          "my": "Byrmaneg",
          "myv": "Erzya",
          "mzn": "Masanderani",
          "na": "Nawrŵeg",
          "nan": "nan",
          "nap": "Naplieg",
          "naq": "Nama",
          "nb": "Norwyeg Bokmål",
          "nd": "Ndebele Gogleddol",
          "nds": "Almaeneg Isel",
          "nds-NL": "Sacsoneg Isel",
          "ne": "Nepaleg",
          "new": "Newaeg",
          "ng": "Ndonga",
          "nia": "Nias",
          "niu": "Niuean",
          "njo": "Ao Naga",
          "nl": "Iseldireg",
          "nl-BE": "Fflemeg",
          "nmg": "Kwasio",
          "nn": "Norwyeg Nynorsk",
          "nnh": "Ngiemboon",
          "no": "Norwyeg",
          "nog": "Nogai",
          "non": "Hen Norseg",
          "nqo": "N’Ko",
          "nr": "Ndebele Deheuol",
          "nso": "Sotho Gogleddol",
          "nus": "Nŵereg",
          "nv": "Nafaho",
          "nwc": "Hen Newari",
          "ny": "Nianja",
          "nym": "Niamwezi",
          "nyn": "Niancole",
          "nyo": "Nioro",
          "nzi": "Nzimeg",
          "oc": "Ocsitaneg",
          "oj": "Ojibwa",
          "om": "Oromo",
          "or": "Odia",
          "os": "Oseteg",
          "osa": "Osageg",
          "ota": "Tyrceg Otoman",
          "pa": "Pwnjabeg",
          "pag": "Pangasineg",
          "pal": "Pahlafi",
          "pam": "Pampanga",
          "pap": "Papiamento",
          "pau": "Palawan",
          "pcd": "Picardeg",
          "pcm": "Pidgin Nigeria",
          "pdc": "Almaeneg Pensylfania",
          "peo": "Hen Bersieg",
          "pfl": "Almaeneg Palatin",
          "phn": "Phoeniceg",
          "pi": "Pali",
          "pl": "Pwyleg",
          "pms": "Piedmonteg",
          "pnt": "Ponteg",
          "pon": "Pohnpeianeg",
          "prg": "Prwseg",
          "pro": "Hen Brofensaleg",
          "ps": "Pashto",
          "pt": "Portiwgeeg",
          "pt-BR": "Portiwgeeg Brasil",
          "pt-PT": "Portiwgeeg Ewrop",
          "qu": "Quechua",
          "quc": "K’iche’",
          "raj": "Rajasthaneg",
          "rap": "Rapanŵi",
          "rar": "Raratongeg",
          "rm": "Románsh",
          "rn": "Rwndi",
          "ro": "Rwmaneg",
          "ro-MD": "Moldofeg",
          "rof": "Rombo",
          "rom": "Romani",
          "root": "Y Gwraidd",
          "rtm": "Rotumaneg",
          "ru": "Rwseg",
          "rup": "Aromaneg",
          "rw": "Ciniarŵandeg",
          "rwk": "Rwa",
          "sa": "Sansgrit",
          "sad": "Sandäweg",
          "sah": "Sakha",
          "sam": "Aramaeg Samaria",
          "saq": "Sambŵrw",
          "sas": "Sasaceg",
          "sat": "Santali",
          "sba": "Ngambeieg",
          "sbp": "Sangw",
          "sc": "Sardeg",
          "scn": "Sisileg",
          "sco": "Sgoteg",
          "sd": "Sindhi",
          "sdc": "Sasareseg Sardinia",
          "sdh": "Cwrdeg Deheuol",
          "se": "Sami Gogleddol",
          "see": "Seneca",
          "seh": "Sena",
          "sei": "Seri",
          "sel": "Selcypeg",
          "ses": "Koyraboro Senni",
          "sg": "Sango",
          "sga": "Hen Wyddeleg",
          "sgs": "Samogiteg",
          "sh": "Serbo-Croateg",
          "shi": "Tachelhit",
          "shn": "Shan",
          "shu": "Arabeg Chad",
          "si": "Sinhaleg",
          "sid": "Sidamo",
          "sk": "Slofaceg",
          "sl": "Slofeneg",
          "sli": "Is-silesieg",
          "sm": "Samöeg",
          "sma": "Sami Deheuol",
          "smj": "Sami Lwle",
          "smn": "Sami Inari",
          "sms": "Sami Scolt",
          "sn": "Shona",
          "snk": "Soninceg",
          "so": "Somaleg",
          "sog": "Sogdeg",
          "sq": "Albaneg",
          "sr": "Serbeg",
          "srn": "Sranan Tongo",
          "srr": "Serereg",
          "ss": "Swati",
          "ssy": "Saho",
          "st": "Sesotheg Deheuol",
          "stq": "Ffriseg Saterland",
          "su": "Swndaneg",
          "suk": "Swcwma",
          "sus": "Swsŵeg",
          "sux": "Swmereg",
          "sv": "Swedeg",
          "sw": "Swahili",
          "sw-CD": "Swahili’r Congo",
          "swb": "Comoreg",
          "syc": "Hen Syrieg",
          "syr": "Syrieg",
          "szl": "Silesieg",
          "ta": "Tamileg",
          "tcy": "Tulu",
          "te": "Telugu",
          "tem": "Timneg",
          "teo": "Teso",
          "ter": "Terena",
          "tet": "Tetumeg",
          "tg": "Tajiceg",
          "th": "Thai",
          "ti": "Tigrinya",
          "tig": "Tigreg",
          "tiv": "Tifeg",
          "tk": "Twrcmeneg",
          "tkl": "Tocelaweg",
          "tkr": "Tsakhureg",
          "tl": "Tagalog",
          "tlh": "Klingon",
          "tli": "Llingit",
          "tly": "Talysheg",
          "tmh": "Tamasheceg",
          "tn": "Tswana",
          "to": "Tongeg",
          "tpi": "Tok Pisin",
          "tr": "Tyrceg",
          "trv": "Taroko",
          "ts": "Tsongaeg",
          "tsd": "Tsaconeg",
          "tt": "Tatareg",
          "tum": "Twmbwca",
          "tvl": "Twfalweg",
          "tw": "Twi",
          "twq": "Tasawaq",
          "ty": "Tahitïeg",
          "tyv": "Twfwnieg",
          "tzm": "Tamaseit Canolbarth Moroco",
          "udm": "Fotiaceg",
          "ug": "Uighur",
          "uga": "Wgariteg",
          "uk": "Wcreineg",
          "umb": "Umbundu",
          "und": "Iaith anhysbys",
          "ur": "Wrdw",
          "uz": "Wsbeceg",
          "vai": "Faieg",
          "ve": "Fendeg",
          "vec": "Feniseg",
          "vep": "Feps",
          "vi": "Fietnameg",
          "vls": "Fflemeg Gorllewinol",
          "vo": "Folapük",
          "vot": "Foteg",
          "vun": "Funjo",
          "wa": "Walwneg",
          "wae": "Walsereg",
          "wal": "Walamo",
          "war": "Winarayeg",
          "was": "Washo",
          "wbp": "Warlpiri",
          "wo": "Woloff",
          "wuu": "wuu",
          "xal": "Calmyceg",
          "xh": "Xhosa",
          "xog": "Soga",
          "yav": "Iangben",
          "ybb": "Iembaeg",
          "yi": "Iddew-Almaeneg",
          "yo": "Iorwba",
          "yue": "Cantoneeg",
          "zap": "Zapoteceg",
          "zbl": "Blisssymbols",
          "zea": "Zêlandeg",
          "zgh": "Tamaseit Safonol",
          "zh": "Tsieineeg",
          "zh-Hans": "Tsieineeg Symledig",
          "zh-Hant": "Tsieineeg Traddodiadol",
          "zu": "Swlw",
          "zun": "Swni",
          "zxx": "Dim cynnwys ieithyddol",
          "zza": "Sasäeg"
        }
      }
    }
  }
}
