{
  "main": {
    "cy": {
      "identity": {
        "version": {
          "_number": "$Revision: 13717 $",
          "_cldrVersion": "32"
        },
        "language": "cy"
      },
      "localeDisplayNames": {
        "localeDisplayPattern": {
          "localePattern": "{0} ({1})",
          "localeSeparator": "{0}, {1}",
          "localeKeyTypePattern": "{0}: {1}"
        },
        "keys": {
          "calendar": "Calendr",
          "cf": "Fformat Arian",
          "collation": "Trefn",
          "currency": "Arian Breiniol",
          "hc": "Cylched Awr (12 vs 24)",
          "lb": "Arddull Toriad Llinell",
          "ms": "System Fesur",
          "numbers": "Rhifau"
        },
        "types": {
          "calendar": {
            "buddhist": "Calendr y Bwdiaid",
            "chinese": "Calendr Tseina",
            "coptic": "Calendr y Coptiaid",
            "dangi": "Calendr Dangi",
            "ethiopic": "Calendr Ethiopia",
            "ethiopic-amete-alem": "Calendr Amete Alem Ethiopia",
            "gregorian": "Calendr Gregori",
            "hebrew": "Calendr yr Hebraed",
            "indian": "Calendr Cenedlaethol India",
            "islamic": "Calendr Islam",
            "islamic-civil": "islamic-civil",
            "islamic-rgsa": "islamic-rgsa",
            "islamic-tbla": "islamic-tbla",
            "islamic-umalqura": "islamic-umalqura",
            "iso8601": "Calendr ISO-8601",
            "japanese": "Calendr Japan",
            "persian": "Calendr Persia",
            "roc": "Calendr Gweriniaeth Tseina"
          },
          "cf": {
            "account": "Fformat Arian Cyfrifeg",
            "standard": "Fformat Arian Safonol"
          },
          "collation": {
            "big5han": "Trefn Traddodiadol Tsieina - Big5",
            "compat": "compat",
            "dictionary": "Trefn Geiriadur",
            "ducet": "Trefn Rhagosodedig Unicode",
            "emoji": "emoji",
            "eor": "Rheolau trefnu Ewropeaidd",
            "gb2312han": "Trefn Symledig Tsieina - GB2312",
            "phonebook": "Trefn Llyfr Ffôn",
            "pinyin": "Trefn Pinyin",
            "reformed": "Trefn Diwygiedig",
            "search": "Chwilio at Ddibenion Cyffredinol",
            "searchjl": "searchjl",
            "standard": "Trefn Safonol",
            "stroke": "stroke",
            "traditional": "Trefn Traddodiadol",
            "unihan": "unihan",
            "zhuyin": "Trefn Zhuyin"
          },
          "hc": {
            "h11": "System 12 Awr (0–11)",
            "h12": "System 12 Awr (1–12)",
            "h23": "System 24 Awr (0–23)",
            "h24": "System 24 Awr (1–24)"
          },
          "lb": {
            "loose": "Arddull Toriad Llinell Rhydd",
            "normal": "Arddull Toriad Llinell Arferol",
            "strict": "Arddull Torriad Llinell Caeth"
          },
          "ms": {
            "metric": "System Fetrig",
            "uksystem": "System Fesur Imperialaidd",
            "ussystem": "System Fesur UDA"
          },
          "numbers": {
            "ahom": "ahom",
            "arab": "Digidau Arabig-Indig",
            "arabext": "Digidau Arabig-Indig Estynedig",
            "armn": "Rhifolion Armenaidd",
            "armnlow": "Rhifolion Armenaidd mewn Llythrennau Bychain",
            "bali": "bali",
            "beng": "Digidau Bengalaidd",
            "brah": "brah",
            "cakm": "cakm",
            "cham": "cham",
            "cyrl": "cyrl",
            "deva": "Digidau Devanagarig",
            "ethi": "Rhifolion Ethiopig",
            "fullwide": "Digidau Lled Llawn",
            "geor": "Rhifolion Georgaidd",
            "gonm": "gonm",
            "grek": "Rhifolion Groegaidd",
            "greklow": "Rhifolion Groegaidd mewn Llythrennau Bychain",
            "gujr": "Digidau Gwjarataidd",
            "guru": "Digidau Gwrmwcaidd",
            "hanidec": "Rhifolion Degol Tsieineaidd",
            "hans": "Rhifolion Tsieineaidd Symledig",
            "hansfin": "Rhifolion Ariannol Tsieineaidd Symledig",
            "hant": "Rhifolion Tsieineaidd Traddodiadol",
            "hantfin": "Rhifolion Ariannol Tsieineaidd Traddodiadol",
            "hebr": "Rhifolion Hebreig",
            "hmng": "hmng",
            "java": "java",
            "jpan": "Rhifolion Japaneaidd",
            "jpanfin": "Rhifolion Ariannol Japaneaidd",
            "kali": "kali",
            "khmr": "Digidau Chmeraidd",
            "knda": "Digidau Kannaraidd",
            "lana": "lana",
            "lanatham": "lanatham",
            "laoo": "Digidau Laoaidd",
            "latn": "Digidau Gorllewinol",
            "lepc": "lepc",
            "limb": "limb",
            "mathbold": "mathbold",
            "mathdbl": "mathdbl",
            "mathmono": "mathmono",
            "mathsanb": "mathsanb",
            "mathsans": "mathsans",
            "mlym": "Digidau Malayalamaidd",
            "modi": "modi",
            "mong": "Digidau Mongolia",
            "mroo": "mroo",
            "mtei": "mtei",
            "mymr": "Digidau Myanmar",
            "mymrshan": "mymrshan",
            "mymrtlng": "mymrtlng",
            "nkoo": "nkoo",
            "olck": "olck",
            "orya": "Digidau Orïaidd",
            "osma": "osma",
            "roman": "Rhifolion Rhufeinig",
            "romanlow": "Rhifolion Rhufeinig mewn Llythrennau Bychain",
            "saur": "saur",
            "shrd": "shrd",
            "sind": "sind",
            "sinh": "sinh",
            "sora": "sora",
            "sund": "sund",
            "takr": "Digidau Takri",
            "talu": "talu",
            "taml": "Rhifolion Tamilaidd Traddodiadol",
            "tamldec": "Digidau Tamilaidd",
            "telu": "Digidau Telugu",
            "thai": "Digidau Thai",
            "tibt": "Digidau Tibetaidd",
            "tirh": "tirh",
            "vaii": "vaii",
            "wara": "wara"
          }
        },
        "codePatterns": {
          "language": "Iaith: {0}",
          "script": "Sgript: {0}",
          "territory": "Rhanbarth: {0}"
        }
      }
    }
  }
}
