{
  "main": {
    "cy": {
      "identity": {
        "version": {
          "_number": "$Revision: 13717 $",
          "_cldrVersion": "32"
        },
        "language": "cy"
      },
      "localeDisplayNames": {
        "scripts": {
          "Adlm": "Adlm",
          "Aghb": "Aghb",
          "Ahom": "Ahom",
          "Arab": "Arabaidd",
          "Armi": "Armi",
          "Armn": "Armenaidd",
          "Avst": "Avst",
          "Bali": "Bali",
          "Bamu": "Bamu",
          "Bass": "Bass",
          "Batk": "Batk",
          "Beng": "Bangla",
          "Bhks": "Bhks",
          "Bopo": "Bopomofo",
          "Brah": "Brah",
          "Brai": "Braille",
          "Bugi": "Bugi",
          "Buhd": "Buhd",
          "Cakm": "Cakm",
          "Cans": "Cans",
          "Cari": "Cari",
          "Cham": "Cham",
          "Cher": "Cher",
          "Copt": "Copt",
          "Cprt": "Cprt",
          "Cyrl": "Cyrilig",
          "Deva": "Devanagari",
          "Dsrt": "Dsrt",
          "Dupl": "Dupl",
          "Egyp": "Egyp",
          "Elba": "Elba",
          "Ethi": "Ethiopig",
          "Geor": "Georgaidd",
          "Glag": "Glag",
          "Gonm": "Gonm",
          "Goth": "Goth",
          "Gran": "Gran",
          "Grek": "Groegaidd",
          "Gujr": "Gwjarataidd",
          "Guru": "Gwrmwci",
          "Hanb": "Han gyda Bopomofo",
          "Hang": "Hangul",
          "Hani": "Han",
          "Hano": "Hano",
          "Hans": "Symledig",
          "Hans-alt-stand-alone": "Han symledig",
          "Hant": "Traddodiadol",
          "Hant-alt-stand-alone": "Han traddodiadol",
          "Hatr": "Hatr",
          "Hebr": "Hebreig",
          "Hira": "Hiragana",
          "Hluw": "Hluw",
          "Hmng": "Hmng",
          "Hrkt": "Syllwyddor Japaneaidd",
          "Hung": "Hung",
          "Ital": "Ital",
          "Jamo": "Jamo",
          "Java": "Java",
          "Jpan": "Japaneaidd",
          "Kali": "Kali",
          "Kana": "Catacana",
          "Khar": "Khar",
          "Khmr": "Chmeraidd",
          "Khoj": "Khoj",
          "Knda": "Canaraidd",
          "Kore": "Coreaidd",
          "Kthi": "Kthi",
          "Lana": "Lana",
          "Laoo": "Laoaidd",
          "Latn": "Lladin",
          "Lepc": "Lepc",
          "Limb": "Limb",
          "Lina": "Lina",
          "Linb": "Linb",
          "Lisu": "Lisu",
          "Lyci": "Lyci",
          "Lydi": "Lydi",
          "Mahj": "Mahj",
          "Mand": "Mand",
          "Mani": "Mani",
          "Marc": "Marc",
          "Mend": "Mend",
          "Merc": "Merc",
          "Mero": "Mero",
          "Mlym": "Malayalamaidd",
          "Modi": "Modi",
          "Mong": "Mongolaidd",
          "Mroo": "Mroo",
          "Mtei": "Mtei",
          "Mult": "Mult",
          "Mymr": "Myanmaraidd",
          "Narb": "Narb",
          "Nbat": "Nbat",
          "Newa": "Newa",
          "Nkoo": "Nkoo",
          "Nshu": "Nshu",
          "Ogam": "Ogam",
          "Olck": "Olck",
          "Orkh": "Orkh",
          "Orya": "Orïaidd",
          "Osge": "Osge",
          "Osma": "Osma",
          "Palm": "Palm",
          "Pauc": "Pauc",
          "Perm": "Perm",
          "Phag": "Phag",
          "Phli": "Phli",
          "Phlp": "Phlp",
          "Phnx": "Phnx",
          "Plrd": "Plrd",
          "Prti": "Prti",
          "Rjng": "Rjng",
          "Runr": "Runr",
          "Samr": "Samr",
          "Sarb": "Sarb",
          "Saur": "Saur",
          "Sgnw": "Sgnw",
          "Shaw": "Shaw",
          "Shrd": "Shrd",
          "Sidd": "Sidd",
          "Sind": "Sind",
          "Sinh": "Sinhanaidd",
          "Sora": "Sora",
          "Soyo": "Soyo",
          "Sund": "Sund",
          "Sylo": "Sylo",
          "Syrc": "Syrc",
          "Tagb": "Tagb",
          "Takr": "Takr",
          "Tale": "Tale",
          "Talu": "Talu",
          "Taml": "Tamilaidd",
          "Tang": "Tang",
          "Tavt": "Tavt",
          "Telu": "Telugu",
          "Tfng": "Tfng",
          "Tglg": "Tglg",
          "Thaa": "Thaana",
          "Thai": "Tai",
          "Tibt": "Tibetaidd",
          "Tirh": "Tirh",
          "Ugar": "Ugar",
          "Vaii": "Vaii",
          "Wara": "Wara",
          "Xpeo": "Xpeo",
          "Xsux": "Xsux",
          "Yiii": "Yiii",
          "Zanb": "Zanb",
          "Zinh": "Zinh",
          "Zmth": "Nodiant Mathemategol",
          "Zsye": "Emoji",
          "Zsym": "Symbolau",
          "Zxxx": "Anysgrifenedig",
          "Zyyy": "Cyffredin",
          "Zzzz": "Sgript anhysbys"
        }
      }
    }
  }
}
