{
  "main": {
    "bs-Cyrl": {
      "identity": {
        "version": {
          "_number": "$Revision: 13705 $",
          "_cldrVersion": "32"
        },
        "language": "bs",
        "script": "Cyrl"
      },
      "localeDisplayNames": {
        "languages": {
          "aa": "афарски",
          "ab": "абказијски",
          "ace": "ачинески",
          "ach": "аколи",
          "ada": "адангмејски",
          "ady": "адигејски",
          "ae": "авестански",
          "af": "африканерски",
          "afh": "африхили",
          "agq": "agq",
          "ain": "аину",
          "ak": "акан",
          "akk": "акадијски",
          "ale": "аљут",
          "alt": "јужни алтаи",
          "am": "амхарски",
          "an": "арагонежански",
          "ang": "староенглески",
          "anp": "ангика",
          "ar": "арапски",
          "ar-001": "арапски (Свијет)",
          "arc": "армајски",
          "arn": "ароканијски",
          "arp": "арапахо",
          "arw": "аравак",
          "as": "асемијски",
          "asa": "asa",
          "ast": "астуријски",
          "av": "аварски",
          "awa": "авадхи",
          "ay": "ајмара",
          "az": "азербејџански",
          "az-alt-short": "азерски",
          "ba": "башкир",
          "bal": "балучи",
          "ban": "балинезијски",
          "bas": "баса",
          "be": "бјелоруски",
          "bej": "беја",
          "bem": "бемба",
          "bez": "bez",
          "bg": "бугарски",
          "bho": "бојпури",
          "bi": "бислама",
          "bik": "бикол",
          "bin": "бини",
          "bla": "сисика",
          "bm": "бамбара",
          "bn": "бенгласки",
          "bo": "тибетански",
          "br": "бретонски",
          "bra": "брај",
          "brx": "brx",
          "bs": "босански",
          "bua": "буриат",
          "bug": "бугинежански",
          "byn": "блин",
          "ca": "каталонски",
          "cad": "кадо",
          "car": "карипски",
          "cch": "атсамски",
          "ce": "чеченски",
          "ceb": "цебуано",
          "cgg": "cgg",
          "ch": "чаморо",
          "chb": "чибча",
          "chg": "чагатаи",
          "chk": "чукески",
          "chm": "мари",
          "chn": "чинукски",
          "cho": "чоктавски",
          "chp": "чипвијански",
          "chr": "чероки",
          "chy": "чејенски",
          "ckb": "ckb",
          "co": "корзикански",
          "cop": "коптски",
          "cr": "кри",
          "crh": "кримеански турски",
          "crs": "crs",
          "cs": "чешки",
          "csb": "кашубијански",
          "cu": "старославенски",
          "cv": "чувашки",
          "cy": "велшки",
          "da": "дански",
          "dak": "дакота",
          "dar": "даргва",
          "dav": "dav",
          "de": "њемачки",
          "de-AT": "њемачки (Аустрија)",
          "de-CH": "Швајцарски високи немачки",
          "del": "делавер",
          "den": "славски",
          "dgr": "догриб",
          "din": "динка",
          "dje": "dje",
          "doi": "догри",
          "dsb": "ниски сорбијански",
          "dua": "дуала",
          "dum": "средњи холандски",
          "dv": "дивехијски",
          "dyo": "dyo",
          "dyu": "ђула",
          "dz": "џонга",
          "dzg": "dzg",
          "ebu": "ембу",
          "ee": "еве",
          "efi": "ефикски",
          "egy": "староегипатски",
          "eka": "екајук",
          "el": "грчки",
          "elx": "еламитски",
          "en": "енглески",
          "en-AU": "енглески (Аустралија)",
          "en-CA": "енглески (Канада)",
          "en-GB": "енглески (Уједињено Краљевство)",
          "en-GB-alt-short": "енглески (УК)",
          "en-US": "енглески (Сједињене Америчке Државе)",
          "en-US-alt-short": "енглески (САД)",
          "enm": "средњи енглески",
          "eo": "есперанто",
          "es": "шпански",
          "es-419": "шпански (Латинска Америка)",
          "es-ES": "шпански (Шпанија)",
          "es-MX": "шпански (Мексико)",
          "et": "естонски",
          "eu": "баскијски",
          "ewo": "евондо",
          "fa": "персијски",
          "fan": "фанг",
          "fat": "фанти",
          "ff": "фулах",
          "fi": "фински",
          "fil": "филипински",
          "fj": "фиджијски",
          "fo": "фарски",
          "fon": "фон",
          "fr": "француски",
          "fr-CA": "француски (Канада)",
          "fr-CH": "француски (Швицарска)",
          "frc": "frc",
          "frm": "средњи француски",
          "fro": "старофранцуски",
          "frr": "северно-фризијски",
          "frs": "источни фризијски",
          "fur": "фриулијски",
          "fy": "фризијски",
          "ga": "ирски",
          "gaa": "га",
          "gan": "gan",
          "gay": "гајо",
          "gba": "гбаја",
          "gd": "шкотски галски",
          "gez": "џиз",
          "gil": "гилбертшки",
          "gl": "галски",
          "gmh": "средњи високи немачки",
          "gn": "гварани",
          "goh": "старонемачки",
          "gon": "гонди",
          "gor": "горонтало",
          "got": "готски",
          "grb": "гребо",
          "grc": "старогрчки",
          "gsw": "њемачки (Швицарска)",
          "gu": "гуџарати",
          "guz": "guz",
          "gv": "манкс",
          "gwi": "гвич’ин",
          "ha": "хауса",
          "hai": "хаида",
          "hak": "hak",
          "haw": "хавајски",
          "he": "хебрејски",
          "hi": "хинди",
          "hil": "хилигајнон",
          "hit": "хитите",
          "hmn": "хмонг",
          "ho": "хири моту",
          "hr": "хрватски",
          "hsb": "горњи сорбијски",
          "hsn": "hsn",
          "ht": "хаитски",
          "hu": "мађарски",
          "hup": "хупа",
          "hy": "ерменски",
          "hz": "хереро",
          "ia": "интерлингва",
          "iba": "ибан",
          "ibb": "ibb",
          "id": "индонежански",
          "ie": "међујезички",
          "ig": "игбо",
          "ii": "сичуан ји",
          "ik": "унупиак",
          "ilo": "илоко",
          "inh": "ингвишки",
          "io": "идо",
          "is": "исландски",
          "it": "италијански",
          "iu": "инуктитут",
          "ja": "јапански",
          "jbo": "лојбан",
          "jgo": "jgo",
          "jmc": "jmc",
          "jpr": "јудео-персијски",
          "jrb": "јудео-арапски",
          "jv": "јавански",
          "ka": "грузијски",
          "kaa": "кара-калпашки",
          "kab": "кабиле",
          "kac": "качин",
          "kaj": "ђу",
          "kam": "камба",
          "kaw": "кави",
          "kbd": "кабардијски",
          "kcg": "тјап",
          "kde": "kde",
          "kea": "kea",
          "kfo": "коро",
          "kg": "конго",
          "kha": "каси",
          "kho": "котанешки",
          "khq": "khq",
          "ki": "кикују",
          "kj": "куањама",
          "kk": "козачки",
          "kkj": "kkj",
          "kl": "калалисут",
          "kln": "kln",
          "km": "кмерски",
          "kmb": "кимбунду",
          "kn": "канада",
          "ko": "корејски",
          "kok": "конкани",
          "kos": "косреански",
          "kpe": "кпеле",
          "kr": "канури",
          "krc": "карачај-балкар",
          "krl": "карелијски",
          "kru": "курукх",
          "ks": "кашмирски",
          "ksb": "шамбала",
          "ksf": "ksf",
          "ksh": "ksh",
          "ku": "курдски",
          "kum": "кумик",
          "kut": "кутенаи",
          "kv": "коми",
          "kw": "корнишки",
          "ky": "киргиски",
          "la": "латински",
          "lad": "ладино",
          "lag": "lag",
          "lah": "ланда",
          "lam": "ламба",
          "lb": "луксембуршки",
          "lez": "лезгиан",
          "lg": "ганда",
          "li": "лимбургиш",
          "lkt": "lkt",
          "ln": "лингала",
          "lo": "лаоски",
          "lol": "монго",
          "lou": "lou",
          "loz": "лози",
          "lrc": "lrc",
          "lt": "литвански",
          "lu": "луба-катанга",
          "lua": "луба-лулуа",
          "lui": "луисено",
          "lun": "лунда",
          "luo": "луо",
          "lus": "лушаи",
          "luy": "luy",
          "lv": "латвијски",
          "mad": "мадурешки",
          "mag": "магахи",
          "mai": "маитили",
          "mak": "макасар",
          "man": "мандинго",
          "mas": "масаи",
          "mdf": "мокша",
          "mdr": "мандар",
          "men": "менде",
          "mer": "mer",
          "mfe": "mfe",
          "mg": "малагасијски",
          "mga": "средњи ирски",
          "mgh": "mgh",
          "mgo": "mgo",
          "mh": "маршалски",
          "mi": "маорски",
          "mic": "микмак",
          "min": "минангкабау",
          "mk": "македонски",
          "ml": "малајалам",
          "mn": "монголски",
          "mnc": "манчу",
          "mni": "манипури",
          "moh": "махавски",
          "mos": "моси",
          "mr": "марати",
          "ms": "малајски",
          "mt": "мелтешки",
          "mua": "mua",
          "mul": "више језика",
          "mus": "кришки",
          "mwl": "мирандешки",
          "mwr": "марвари",
          "my": "бурмански",
          "myv": "ерзија",
          "mzn": "mzn",
          "na": "науру",
          "nan": "nan",
          "nap": "неаполитански",
          "naq": "naq",
          "nb": "норвешки бокмал",
          "nd": "сјеверни ндебеле",
          "nds": "ниски немачки",
          "nds-NL": "ниски немачки (Холандија)",
          "ne": "непалски",
          "new": "невари",
          "ng": "ндонга",
          "nia": "ниас",
          "niu": "ниуеан",
          "nl": "холандски",
          "nl-BE": "фламански",
          "nmg": "nmg",
          "nn": "норвешки њорск",
          "nnh": "nnh",
          "no": "норвешки",
          "nog": "ногаи",
          "non": "стари норски",
          "nqo": "н’ко",
          "nr": "јужни ндебеле",
          "nso": "сјеверни сото",
          "nus": "nus",
          "nv": "навахо",
          "nwc": "класични невари",
          "ny": "њања",
          "nym": "њамвези",
          "nyn": "њанколе",
          "nyo": "њоро",
          "nzi": "нзима",
          "oc": "провансалски",
          "oj": "ојибва",
          "om": "оромо",
          "or": "оријски",
          "os": "осетски",
          "osa": "осаге",
          "ota": "отомански турски",
          "pa": "панџабски",
          "pag": "пангасински",
          "pal": "пахлави",
          "pam": "пампанга",
          "pap": "папиаменто",
          "pau": "палауански",
          "pcm": "pcm",
          "peo": "староперсијски",
          "phn": "феничански",
          "pi": "пали",
          "pl": "пољски",
          "pon": "понпејски",
          "prg": "prg",
          "pro": "старопровансалски",
          "ps": "паштунски",
          "ps-alt-variant": "пашто",
          "pt": "португалски",
          "pt-BR": "португалски (Бразил)",
          "pt-PT": "португалски (Португал)",
          "qu": "квенча",
          "quc": "quc",
          "raj": "рађастани",
          "rap": "рапануи",
          "rar": "раротонган",
          "rm": "рето-романски",
          "rn": "рунди",
          "ro": "румунски",
          "ro-MD": "молдавски",
          "rof": "rof",
          "rom": "романи",
          "root": "рут",
          "ru": "руски",
          "rup": "ароманијски",
          "rw": "кинјаруанда",
          "rwk": "rwk",
          "sa": "санскрит",
          "sad": "сандаве",
          "sah": "јакут",
          "sam": "самаритански арамејски",
          "saq": "saq",
          "sas": "сасак",
          "sat": "сантали",
          "sba": "sba",
          "sbp": "sbp",
          "sc": "сардињаски",
          "scn": "сицилијански",
          "sco": "шкотски",
          "sd": "синди",
          "se": "сјеверни сами",
          "seh": "seh",
          "sel": "селкап",
          "ses": "ses",
          "sg": "санго",
          "sga": "староирски",
          "sh": "српскохрватски",
          "shi": "shi",
          "shn": "шан",
          "si": "сингалески",
          "sid": "сидамо",
          "sk": "словачки",
          "sl": "словенски",
          "sm": "самоански",
          "sma": "јужни сами",
          "smj": "луле сами",
          "smn": "инари сами",
          "sms": "сколтски језик",
          "sn": "шона",
          "snk": "сонинке",
          "so": "сомалски",
          "sog": "соџијенски",
          "sq": "албански",
          "sr": "српски",
          "srn": "сранански тонго",
          "srr": "серер",
          "ss": "свати",
          "ssy": "ssy",
          "st": "сесото",
          "su": "сундански",
          "suk": "сукума",
          "sus": "сусу",
          "sux": "сумерски",
          "sv": "шведски",
          "sw": "свахили",
          "sw-CD": "свахили (Демократска Република Конго)",
          "swb": "коморски",
          "syc": "класични сиријски",
          "syr": "сиријски",
          "ta": "тамилски",
          "te": "телугу",
          "tem": "тимне",
          "teo": "teo",
          "ter": "терено",
          "tet": "тетум",
          "tg": "тађик",
          "th": "тајландски",
          "ti": "тигриња",
          "tig": "тигре",
          "tiv": "тив",
          "tk": "туркменски",
          "tkl": "токелау",
          "tl": "тагалски",
          "tlh": "клингонски",
          "tli": "тлингит",
          "tmh": "тамашек",
          "tn": "тсвана",
          "to": "тонга",
          "tog": "њаса тонга",
          "tpi": "ток писин",
          "tr": "турски",
          "trv": "trv",
          "ts": "тсонга",
          "tsi": "тсимшиан",
          "tt": "татарски",
          "tum": "тумбука",
          "tvl": "тувалу",
          "tw": "тви",
          "twq": "twq",
          "ty": "тахићански",
          "tyv": "тувинијски",
          "tzm": "tzm",
          "udm": "удмурт",
          "ug": "ујгурски",
          "uga": "угаритски",
          "uk": "украјински",
          "umb": "умбунду",
          "und": "непознати језик",
          "ur": "урду",
          "uz": "узбечки",
          "vai": "ваи",
          "ve": "венда",
          "vi": "вијетнамски",
          "vo": "волапук",
          "vot": "вотски",
          "vun": "vun",
          "wa": "валун",
          "wae": "wae",
          "wal": "валамо",
          "war": "варај",
          "was": "вашо",
          "wo": "волоф",
          "wuu": "wuu",
          "xal": "калмик",
          "xh": "ксхоса",
          "xog": "xog",
          "yao": "јао",
          "yap": "јапешки",
          "yav": "yav",
          "ybb": "ybb",
          "yi": "јидиш",
          "yo": "јоруба",
          "yue": "кантонски",
          "za": "жуанг",
          "zap": "запотечки",
          "zbl": "блисимболи",
          "zen": "зенага",
          "zgh": "стандардни марокански тамазигт",
          "zh": "кинески",
          "zh-Hans": "кинески (поједностављен)",
          "zh-Hant": "кинески (традиционални)",
          "zu": "зулу",
          "zun": "зуни",
          "zxx": "без лингвистичког садржаја",
          "zza": "заза"
        }
      }
    }
  }
}
