{
  "main": {
    "ccp-IN": {
      "identity": {
        "version": {
          "_number": "$Revision: 13633 $",
          "_cldrVersion": "32"
        },
        "language": "ccp",
        "territory": "IN"
      },
      "localeDisplayNames": {
        "languages": {
          "aa": "𑄃𑄜𑄢𑄴",
          "ab": "𑄃𑄝𑄴𑄈𑄎𑄨𑄠𑄚𑄴",
          "ace": "𑄃𑄳𑄃𑄌𑄳𑄆𑄚𑄨𑄎𑄴",
          "ach": "𑄃𑄇𑄮𑄣𑄨",
          "ada": "𑄃𑄧𑄘𑄟𑄳𑄉𑄬",
          "ady": "𑄃𑄘𑄬𑄉𑄬",
          "ae": "𑄃𑄝𑄬𑄌𑄴𑄖𑄩𑄠𑄧",
          "af": "𑄃𑄜𑄳𑄢𑄨𑄇𑄚𑄴",
          "afh": "𑄃𑄜𑄳𑄢𑄨𑄦𑄨𑄣𑄨",
          "agq": "𑄃𑄬𑄊𑄟𑄴",
          "ain": "𑄃𑄳𑄆𑄚𑄪",
          "ak": "𑄃𑄇𑄚𑄴",
          "akk": "𑄃𑄇𑄳𑄦𑄴𑄘𑄨𑄠𑄚𑄴",
          "ale": "𑄃𑄣𑄬𑄅𑄖𑄴",
          "alt": "𑄓𑄧𑄉𑄨𑄚𑄴 𑄃𑄣𑄴𑄖𑄭",
          "am": "𑄃𑄟𑄴𑄦𑄢𑄨𑄇𑄴",
          "an": "𑄃𑄢𑄴𑄉𑄮𑄚𑄨𑄎𑄴",
          "ang": "𑄛𑄪𑄢𑄧𑄚𑄨 𑄃𑄟𑄧𑄣𑄧𑄢𑄴 𑄃𑄨𑄁𑄢𑄬𑄎𑄩",
          "anp": "𑄃𑄋𑄳𑄉𑄨𑄇",
          "ar": "𑄃𑄢𑄧𑄝𑄩",
          "ar-001": "𑄚𑄱 𑄉𑄧𑄟𑄴 𑄃𑄢𑄧𑄝𑄩",
          "arc": "𑄃𑄢𑄟𑄳𑄆𑄇𑄴",
          "arn": "𑄟𑄛𑄪𑄌𑄨",
          "arp": "𑄃𑄢𑄛𑄦𑄮",
          "arw": "𑄃𑄢𑄤𑄇𑄴",
          "as": "𑄃𑄥𑄟𑄨",
          "asa": "𑄃𑄥𑄪",
          "ast": "𑄃𑄌𑄴𑄖𑄪𑄢𑄨𑄠𑄧",
          "av": "𑄃𑄞𑄬𑄢𑄨𑄇𑄴",
          "awa": "𑄃𑄤𑄙𑄨",
          "ay": "𑄃𑄠𑄧𑄟𑄢",
          "az": "𑄃𑄎𑄢𑄴𑄝𑄳𑄆𑄎𑄚𑄩",
          "az-alt-short": "𑄃𑄎𑄬𑄢𑄨",
          "ba": "𑄝𑄌𑄴𑄇𑄨𑄢𑄴",
          "bal": "𑄝𑄬𑄣𑄪𑄌𑄩",
          "ban": "𑄝𑄣𑄨𑄚𑄩𑄠𑄧",
          "bas": "𑄝𑄥",
          "be": "𑄝𑄬𑄣𑄢𑄪𑄥𑄨𑄠𑄧",
          "bej": "𑄝𑄬𑄎",
          "bem": "𑄝𑄬𑄟𑄴𑄝",
          "bez": "𑄝𑄬𑄚",
          "bg": "𑄝𑄪𑄣𑄴𑄉𑄬𑄢𑄨𑄠𑄧",
          "bgn": "𑄛𑄧𑄏𑄨𑄟𑄴 𑄝𑄣𑄮𑄌𑄨",
          "bho": "𑄞𑄮𑄎𑄴𑄛𑄪𑄢𑄨",
          "bi": "𑄝𑄨𑄥𑄴𑄣𑄟",
          "bik": "𑄝𑄨𑄇𑄮𑄣𑄴",
          "bin": "𑄝𑄨𑄚𑄨",
          "bla": "𑄥𑄨𑄇𑄴𑄥𑄨𑄇",
          "bm": "𑄝𑄟𑄴𑄝𑄢",
          "bn": "𑄝𑄁𑄣",
          "bo": "𑄖𑄨𑄛𑄴𑄝𑄧𑄖𑄨",
          "br": "𑄝𑄳𑄢𑄬𑄑𑄧𑄚𑄴",
          "bra": "𑄝𑄳𑄢𑄎𑄴",
          "brx": "𑄝𑄮𑄢𑄮",
          "bs": "𑄝𑄧𑄥𑄴𑄚𑄩𑄠𑄚𑄴",
          "bua": "𑄝𑄪𑄢𑄨𑄠𑄖𑄴",
          "bug": "𑄝𑄪𑄉𑄨𑄚𑄨",
          "byn": "𑄝𑄳𑄣𑄨𑄚𑄴",
          "ca": "𑄇𑄖𑄣𑄚𑄴",
          "cad": "𑄇𑄳𑄠𑄓𑄮",
          "car": "𑄝𑄳𑄠𑄢𑄨𑄛𑄴",
          "cch": "𑄃𑄖𑄴𑄥𑄟𑄴",
          "ccp": "𑄌𑄋𑄴𑄟𑄳𑄦",
          "ce": "𑄌𑄬𑄌𑄬𑄚𑄴",
          "ceb": "𑄌𑄬𑄝𑄪𑄠𑄚𑄮",
          "cgg": "𑄌𑄨𑄉",
          "ch": "𑄌𑄟𑄮𑄢𑄮",
          "chb": "𑄌𑄨𑄛𑄴𑄌",
          "chg": "𑄌𑄉𑄖𑄳𑄆",
          "chk": "𑄌𑄪𑄇𑄨",
          "chm": "𑄟𑄢𑄨",
          "chn": "𑄌𑄨𑄚𑄪𑄇𑄴 𑄎𑄢𑄴𑄉𑄧𑄚𑄴",
          "cho": "𑄌𑄧𑄇𑄴𑄑𑄳𑄅𑄧𑄠𑄧",
          "chp": "𑄌𑄨𑄛𑄮𑄤𑄚𑄴",
          "chr": "𑄌𑄬𑄢𑄮𑄇𑄩",
          "chy": "𑄥𑄳𑄆𑄠𑄬𑄚𑄴",
          "ckb": "𑄟𑄧𑄖𑄴𑄙𑄳𑄠𑄧 𑄇𑄪𑄢𑄴𑄘𑄨𑄌𑄴",
          "co": "𑄇𑄧𑄢𑄴𑄥𑄨𑄇𑄚𑄴",
          "cop": "𑄇𑄧𑄛𑄴𑄑𑄨𑄇𑄴",
          "cr": "𑄇𑄳𑄢𑄨",
          "crh": "𑄇𑄳𑄢𑄨𑄟𑄨𑄠𑄚𑄴 𑄖𑄪𑄢𑄴𑄇𑄨",
          "crs": "𑄥𑄬𑄥𑄬𑄣𑄧𑄤 𑄇𑄳𑄢𑄬𑄃𑄮𑄣𑄴 𑄜𑄳𑄢𑄬𑄐𑄴𑄌𑄧",
          "cs": "𑄌𑄬𑄇𑄴",
          "csb": "𑄇𑄥𑄪𑄝𑄨𑄠𑄚𑄴",
          "cu": "𑄌𑄢𑄴𑄌𑄴 𑄥𑄳𑄣𑄞𑄨𑄇𑄴",
          "cv": "𑄌𑄪𑄝𑄥𑄴",
          "cy": "𑄃𑄮𑄠𑄬𑄣𑄧𑄌𑄴",
          "da": "𑄓𑄬𑄚𑄨𑄌𑄴",
          "dak": "𑄓𑄇𑄮𑄑",
          "dar": "𑄘𑄢𑄴𑄉𑄧𑄤",
          "dav": "𑄖𑄳𑄆𑄖",
          "de": "𑄎𑄢𑄴𑄟𑄚𑄴",
          "de-AT": "𑄃𑄧𑄌𑄴𑄑𑄳𑄢𑄨𑄠𑄚𑄴 𑄎𑄢𑄴𑄟𑄚𑄴",
          "de-CH": "𑄥𑄪𑄃𑄨𑄌𑄴 𑄦𑄭 𑄎𑄢𑄴𑄟𑄚𑄴",
          "del": "𑄓𑄬𑄣𑄤𑄬𑄢𑄴",
          "den": "𑄥𑄳𑄣𑄳𑄠𑄞𑄴",
          "dgr": "𑄘𑄮𑄉𑄳𑄢𑄨𑄝𑄴",
          "din": "𑄓𑄨𑄁𑄇",
          "dje": "𑄎𑄢𑄴𑄟",
          "doi": "𑄓𑄮𑄉𑄧𑄢𑄨",
          "dsb": "𑄙𑄮𑄣𑄴𑄚𑄬𑄭𑄙𑄳𑄠𑄬 𑄥𑄮𑄢𑄴𑄝𑄨𑄠𑄚𑄴",
          "dua": "𑄘𑄱𑄣",
          "dum": "𑄟𑄧𑄖𑄴𑄙𑄳𑄠𑄧 𑄓𑄌𑄴",
          "dv": "𑄘𑄨𑄝𑄬𑄦𑄨",
          "dyo": "𑄎𑄧𑄣-𑄜𑄧𑄚𑄩",
          "dyu": "𑄓𑄨𑄃𑄪𑄣",
          "dz": "𑄎𑄮𑄋𑄴𑄉",
          "dzg": "𑄘𑄉𑄎",
          "ebu": "𑄃𑄬𑄟𑄳𑄝𑄪𑄪",
          "ee": "𑄃𑄨𑄅𑄠𑄨",
          "efi": "𑄆𑄜𑄨𑄇𑄴",
          "egy": "𑄛𑄪𑄢𑄨𑄚𑄩 𑄟𑄨𑄥𑄧𑄢𑄩𑄠𑄧",
          "eka": "𑄃𑄨𑄇𑄎𑄪𑄇𑄴",
          "el": "𑄉𑄳𑄢𑄨𑄇𑄴",
          "elx": "𑄆𑄣𑄟𑄭𑄖𑄴",
          "en": "𑄃𑄨𑄁𑄢𑄨𑄎𑄨",
          "en-AU": "𑄃𑄧𑄌𑄴𑄑𑄳𑄢𑄬𑄣𑄨𑄠𑄧 𑄃𑄨𑄁𑄢𑄬𑄎𑄨",
          "en-CA": "𑄇𑄚𑄓𑄩𑄠𑄧 𑄃𑄨𑄁𑄢𑄬𑄎𑄨",
          "en-GB": "𑄝𑄳𑄢𑄨𑄑𑄨𑄌𑄴 𑄃𑄨𑄁𑄢𑄬𑄎𑄨",
          "en-GB-alt-short": "𑄎𑄧𑄙𑄢𑄬𑄌𑄴𑄎𑄮𑄢𑄴 𑄃𑄨𑄁𑄢𑄬𑄎𑄨",
          "en-US": "𑄃𑄟𑄬𑄢𑄨𑄇𑄢𑄴 𑄃𑄨𑄁𑄢𑄎𑄨",
          "en-US-alt-short": "𑄃𑄨𑄅𑄪𑄃𑄬𑄌𑄴 𑄃𑄨𑄁𑄢𑄬𑄎𑄨",
          "enm": "𑄟𑄧𑄖𑄴𑄙𑄳𑄠𑄧 𑄃𑄨𑄁𑄢𑄬𑄎𑄨",
          "eo": "𑄆𑄥𑄴𑄛𑄬𑄢𑄚𑄴𑄖𑄮",
          "es": "𑄥𑄳𑄛𑄳𑄠𑄚𑄨𑄌𑄴",
          "es-419": "𑄣𑄳𑄠𑄑𑄨𑄚𑄴 𑄃𑄟𑄬𑄢𑄨𑄇𑄚𑄴 𑄥𑄳𑄛𑄳𑄠𑄚𑄨𑄌𑄴",
          "es-ES": "𑄄𑄅𑄢𑄮𑄛𑄩𑄠𑄧 𑄥𑄳𑄛𑄳𑄠𑄚𑄨𑄌𑄴",
          "es-MX": "𑄟𑄳𑄠𑄇𑄴𑄥𑄨𑄇𑄚𑄴 𑄥𑄳𑄛𑄳𑄠𑄚𑄨𑄌𑄴",
          "et": "𑄆𑄌𑄴𑄖𑄨𑄚𑄩𑄠𑄧",
          "eu": "𑄝𑄌𑄴𑄇𑄧",
          "ewo": "𑄄𑄃𑄮𑄚𑄴𑄓𑄮",
          "fa": "𑄜𑄢𑄴𑄥𑄨",
          "fan": "𑄜𑄳𑄠𑄋𑄴𑄉𑄧",
          "fat": "𑄜𑄚𑄴𑄖𑄨",
          "ff": "𑄜𑄪𑄣𑄳𑄦",
          "fi": "𑄜𑄨𑄚𑄨𑄌𑄴",
          "fil": "𑄜𑄨𑄣𑄨𑄛𑄨𑄚𑄮",
          "fj": "𑄜𑄨𑄎𑄨𑄠𑄚𑄴",
          "fo": "𑄜𑄢𑄮𑄌𑄴",
          "fon": "𑄜𑄧𑄚𑄴",
          "fr": "𑄜𑄧𑄢𑄥𑄨",
          "fr-CA": "𑄇𑄚𑄓𑄩𑄠𑄧 𑄜𑄧𑄢𑄥𑄨",
          "fr-CH": "𑄥𑄪𑄃𑄨𑄌𑄴 𑄜𑄧𑄢𑄥𑄨",
          "frc": "frc",
          "frm": "𑄟𑄧𑄖𑄴𑄙𑄳𑄠𑄧 𑄜𑄧𑄢𑄥𑄨",
          "fro": "𑄛𑄪𑄢𑄮𑄚𑄨 𑄜𑄧𑄢𑄥𑄨",
          "frr": "𑄅𑄖𑄴𑄗𑄧𑄢𑄴 𑄎𑄬𑄌𑄴𑄎𑄮𑄢𑄴 𑄜𑄳𑄢𑄨𑄥𑄨𑄠𑄚𑄴",
          "frs": "𑄛𑄪𑄉𑄮 𑄜𑄳𑄢𑄨𑄥𑄨𑄠𑄧",
          "fur": "𑄜𑄳𑄢𑄨𑄃𑄪𑄣𑄨𑄠𑄚𑄴",
          "fy": "𑄛𑄧𑄎𑄨𑄟𑄴 𑄜𑄳𑄢𑄨𑄥𑄨𑄠𑄚𑄴",
          "ga": "𑄃𑄭𑄢𑄨𑄌𑄴",
          "gaa": "𑄉𑄳𑄃",
          "gag": "𑄉𑄉𑄃𑄪𑄌𑄴",
          "gan": "𑄉𑄧𑄚𑄴",
          "gay": "𑄉𑄧𑄠𑄮",
          "gba": "𑄝𑄠",
          "gd": "𑄃𑄨𑄌𑄴𑄇𑄧𑄖𑄴𑄥𑄧-𑄉𑄳𑄠𑄬𑄣𑄨𑄇𑄴",
          "gez": "𑄉𑄩𑄎𑄴",
          "gil": "𑄉𑄨𑄣𑄴𑄝𑄢𑄴𑄑𑄨𑄎𑄴",
          "gl": "𑄉𑄳𑄠𑄣𑄨𑄥𑄨𑄠𑄧",
          "gmh": "𑄟𑄧𑄖𑄴𑄙𑄳𑄠𑄧-𑄅𑄪𑄉𑄪𑄢𑄬 𑄎𑄢𑄴𑄟𑄚𑄩",
          "gn": "𑄉𑄪𑄠𑄢𑄚𑄨",
          "goh": "𑄛𑄪𑄢𑄮𑄚𑄴 𑄅𑄪𑄉𑄪𑄢𑄬 𑄎𑄢𑄴𑄟𑄚𑄩",
          "gon": "𑄉𑄮𑄚𑄴𑄓𑄨",
          "gor": "𑄉𑄢𑄮𑄚𑄴𑄖𑄣𑄮",
          "got": "𑄉𑄧𑄗𑄨𑄇𑄴",
          "grb": "𑄉𑄳𑄢𑄬𑄝𑄮",
          "grc": "𑄛𑄪𑄢𑄮𑄚𑄴 𑄉𑄳𑄢𑄩𑄇𑄴",
          "gsw": "𑄥𑄪𑄃𑄨𑄌𑄴 𑄥𑄢𑄴𑄟𑄚𑄴",
          "gu": "𑄉𑄪𑄎𑄴𑄢𑄖𑄨",
          "guz": "𑄉𑄪𑄥𑄩",
          "gv": "𑄟𑄳𑄠𑄇𑄴𑄥𑄧",
          "gwi": "𑄉𑄧𑄃𑄮𑄃𑄨𑄌𑄴𑄃𑄨𑄚𑄴",
          "ha": "𑄦𑄃𑄪𑄥",
          "hai": "𑄦𑄭𑄓",
          "hak": "𑄦𑄧𑄇𑄴",
          "haw": "𑄦𑄤𑄃𑄨𑄠𑄚𑄴",
          "he": "𑄦𑄨𑄛𑄴𑄝𑄳𑄢𑄪",
          "hi": "𑄦𑄨𑄚𑄴𑄓𑄨",
          "hil": "𑄦𑄨𑄣𑄨𑄉𑄳𑄠𑄠𑄧𑄚𑄮𑄚𑄴",
          "hit": "𑄦𑄨𑄖𑄨𑄨𑄖𑄴",
          "hmn": "𑄦𑄳𑄦𑄟𑄮𑄋𑄴",
          "ho": "𑄦𑄪𑄢𑄨 𑄟𑄮𑄖𑄪",
          "hr": "𑄇𑄳𑄢𑄮𑄠𑄬𑄥𑄩𑄠𑄧",
          "hsb": "𑄅𑄪𑄉𑄪𑄢𑄬 𑄥𑄮𑄢𑄴𑄥𑄨𑄠𑄚𑄴",
          "hsn": "Xiang 𑄌𑄨𑄚",
          "ht": "𑄦𑄭𑄖𑄨𑄠𑄚𑄴",
          "hu": "𑄦𑄁𑄉𑄬𑄢𑄩𑄠𑄧",
          "hup": "𑄦𑄪𑄛",
          "hy": "𑄃𑄢𑄴𑄟𑄬𑄚𑄨𑄠𑄧",
          "hz": "𑄦𑄬𑄢𑄬𑄢𑄮",
          "ia": "𑄃𑄨𑄚𑄴𑄑𑄢𑄴𑄣𑄨𑄁𑄉𑄪𑄠",
          "iba": "𑄃𑄨𑄝𑄚𑄴",
          "ibb": "𑄃𑄨𑄝𑄨𑄝𑄨𑄠𑄧",
          "id": "𑄃𑄨𑄚𑄴𑄘𑄮𑄚𑄬𑄥𑄨𑄠𑄧",
          "ie": "𑄃𑄨𑄚𑄴𑄑𑄢𑄴𑄣𑄨𑄁𑄉𑄧",
          "ig": "𑄃𑄨𑄉𑄴𑄝𑄮",
          "ii": "𑄥𑄨𑄥𑄪𑄠𑄚𑄴𑄠𑄨",
          "ik": "𑄃𑄨𑄚𑄪𑄛𑄨𑄠𑄇𑄴",
          "ilo": "𑄃𑄨𑄣𑄮𑄇𑄮",
          "inh": "𑄃𑄨𑄁𑄉𑄪𑄌𑄴",
          "io": "𑄃𑄨𑄓𑄮",
          "is": "𑄃𑄭𑄌𑄴𑄣𑄳𑄠𑄚𑄴𑄓𑄨𑄠𑄧",
          "it": "𑄃𑄨𑄖𑄣𑄩𑄠𑄧",
          "iu": "𑄃𑄨𑄚𑄪𑄇𑄴𑄑𑄨𑄑𑄪𑄖𑄴",
          "ja": "𑄎𑄛𑄚𑄨",
          "jbo": "𑄣𑄮𑄌𑄴𑄝𑄚𑄴",
          "jgo": "𑄉𑄮𑄟𑄴𑄝",
          "jmc": "𑄟𑄇𑄟𑄬",
          "jpr": "𑄎𑄪𑄘𑄬𑄃𑄮 𑄜𑄢𑄴𑄥𑄨",
          "jrb": "𑄎𑄪𑄘𑄬𑄃𑄮 𑄃𑄢𑄧𑄝𑄨",
          "jv": "𑄎𑄞𑄚𑄨𑄎𑄴",
          "ka": "𑄎𑄧𑄢𑄴𑄎𑄨𑄠𑄚𑄴",
          "kaa": "𑄇𑄢-𑄇𑄣𑄴𑄛𑄇𑄴",
          "kab": "𑄇𑄝𑄭𑄣𑄬",
          "kac": "𑄇𑄌𑄨𑄚𑄴",
          "kaj": "𑄃𑄧𑄌𑄴𑄎𑄪",
          "kam": "𑄇𑄟𑄴𑄝",
          "kaw": "𑄇𑄃𑄪𑄃𑄨",
          "kbd": "𑄇𑄝𑄢𑄴𑄓𑄨𑄠𑄚𑄴",
          "kcg": "𑄑𑄃𑄨𑄠𑄛𑄴",
          "kde": "𑄟𑄇𑄮𑄚𑄴𑄘𑄬",
          "kea": "𑄇𑄝𑄪𑄞𑄢𑄴𑄘𑄨𑄠𑄚𑄪",
          "kfo": "𑄇𑄮𑄢𑄮",
          "kg": "𑄇𑄧𑄁𑄉𑄮",
          "kha": "𑄈𑄥𑄨",
          "kho": "𑄈𑄮𑄑𑄚𑄨𑄎𑄴",
          "khq": "𑄇𑄮𑄠𑄧𑄢 𑄌𑄩𑄚𑄨",
          "ki": "𑄇𑄨𑄇𑄪𑄠𑄪",
          "kj": "𑄇𑄮𑄠𑄚𑄨𑄠𑄟",
          "kk": "𑄇𑄎𑄇𑄴",
          "kkj": "𑄇𑄇𑄮",
          "kl": "𑄇𑄳𑄠𑄣𑄣𑄴𑄣𑄨𑄥𑄪𑄖𑄴",
          "kln": "𑄇𑄣𑄬𑄚𑄴𑄎𑄨𑄚𑄴",
          "km": "𑄈𑄧𑄟𑄬𑄢𑄴",
          "kmb": "𑄇𑄨𑄟𑄴𑄝𑄪𑄚𑄴𑄘𑄪",
          "kn": "𑄇𑄧𑄚𑄴𑄚𑄧𑄢𑄴",
          "ko": "𑄇𑄮𑄢𑄨𑄠𑄚𑄴",
          "koi": "𑄇𑄧𑄟𑄨-𑄛𑄢𑄧𑄟𑄨𑄃𑄇𑄴",
          "kok": "𑄇𑄮𑄋𑄴𑄇𑄚𑄨",
          "kos": "𑄇𑄮𑄥𑄳𑄢𑄭𑄚𑄴",
          "kpe": "𑄇𑄴𑄛𑄬𑄣𑄳𑄣𑄬",
          "kr": "𑄇𑄚𑄪𑄢𑄨",
          "krc": "𑄇𑄢𑄴𑄌𑄮-𑄝𑄣𑄴𑄇𑄢𑄴",
          "krl": "𑄇𑄢𑄬𑄣𑄨𑄠𑄚𑄴",
          "kru": "𑄇𑄪𑄢𑄪𑄇𑄴",
          "ks": "𑄇𑄌𑄴𑄟𑄨𑄢𑄨",
          "ksb": "𑄥𑄟𑄴𑄝𑄣",
          "ksf": "𑄝𑄜𑄨𑄠",
          "ksh": "𑄇𑄣𑄴𑄥𑄧",
          "ku": "𑄇𑄪𑄢𑄴𑄘𑄨𑄥𑄴",
          "kum": "𑄇𑄪𑄟𑄨𑄇𑄴",
          "kut": "𑄇𑄪𑄑𑄬𑄚𑄭",
          "kv": "𑄇𑄮𑄟𑄨",
          "kw": "𑄇𑄧𑄢𑄴𑄚𑄨𑄌𑄴",
          "ky": "𑄇𑄨𑄢𑄴𑄉𑄨𑄌𑄴",
          "la": "𑄣𑄑𑄨𑄚𑄴",
          "lad": "𑄣𑄓𑄨𑄚𑄮",
          "lag": "𑄣𑄋𑄴𑄉𑄨",
          "lah": "𑄣𑄚𑄴𑄓",
          "lam": "𑄣𑄟𑄴𑄝",
          "lb": "𑄣𑄪𑄇𑄴𑄥𑄬𑄟𑄴𑄝𑄢𑄴𑄉𑄩𑄠𑄧",
          "lez": "𑄣𑄬𑄎𑄴𑄊𑄨𑄠𑄚𑄴",
          "lg": "𑄉𑄚𑄴𑄓",
          "li": "𑄣𑄨𑄟𑄴𑄝𑄪𑄢𑄴𑄉𑄨𑄌𑄴",
          "lkt": "𑄣𑄇𑄮𑄑",
          "ln": "𑄣𑄨𑄋𑄴𑄉𑄣",
          "lo": "𑄣𑄃𑄮",
          "lol": "𑄟𑄮𑄋𑄴𑄉𑄮",
          "lou": "lou",
          "loz": "𑄣𑄮𑄎𑄨",
          "lrc": "𑄅𑄪𑄖𑄴𑄖𑄮𑄢𑄴 𑄣𑄪𑄢𑄨",
          "lt": "𑄣𑄨𑄗𑄪𑄠𑄬𑄚𑄩𑄠𑄧",
          "lu": "𑄣𑄪𑄝-𑄇𑄑𑄋𑄴𑄉",
          "lua": "𑄣𑄪𑄝-𑄣𑄪𑄣𑄪𑄠",
          "lui": "𑄣𑄭𑄪𑄥𑄬𑄚𑄮",
          "lun": "𑄣𑄪𑄚𑄴𑄓",
          "luo": "𑄣𑄪𑄠𑄮",
          "lus": "𑄟𑄨𑄎𑄮",
          "luy": "𑄣𑄭𑄪𑄠",
          "lv": "𑄣𑄖𑄴𑄞𑄩𑄠𑄧",
          "mad": "𑄟𑄘𑄪𑄢𑄬𑄥𑄬",
          "mag": "𑄟𑄉𑄦𑄨",
          "mai": "𑄟𑄳𑄆𑄧𑄗𑄨𑄣𑄨",
          "mak": "𑄟𑄳𑄠𑄇𑄥𑄢𑄴",
          "man": "𑄟𑄳𑄠𑄚𑄴𑄓𑄨𑄁𑄉𑄮",
          "mas": "𑄟𑄥𑄭",
          "mdf": "𑄟𑄮𑄇𑄴𑄥",
          "mdr": "𑄟𑄳𑄠𑄚𑄴𑄓𑄢𑄴",
          "men": "𑄟𑄬𑄚𑄴𑄓𑄬",
          "mer": "𑄟𑄬𑄢𑄪",
          "mfe": "𑄟𑄢𑄨𑄥𑄨𑄠𑄚𑄴",
          "mg": "𑄟𑄣𑄉𑄥𑄨",
          "mga": "𑄟𑄧𑄖𑄴𑄙𑄳𑄠 𑄃𑄭𑄢𑄨𑄌𑄴",
          "mgh": "𑄟𑄈𑄪𑄠-𑄟𑄬𑄖𑄴𑄖𑄮",
          "mgo": "𑄟𑄬𑄑",
          "mh": "𑄟𑄢𑄴𑄥𑄣𑄨𑄎𑄴",
          "mi": "𑄟𑄃𑄮𑄢𑄨",
          "mic": "𑄟𑄨𑄇𑄟𑄳𑄠𑄇𑄴",
          "min": "𑄟𑄨𑄚𑄋𑄴𑄇𑄝𑄃𑄪",
          "mk": "𑄟𑄳𑄠𑄥𑄨𑄓𑄮𑄚𑄩𑄠𑄧",
          "ml": "𑄟𑄣𑄠𑄣𑄟𑄴",
          "mn": "𑄟𑄧𑄁𑄉𑄮𑄣𑄨𑄠𑄧",
          "mnc": "𑄟𑄚𑄴𑄌𑄪",
          "mni": "𑄟𑄚𑄨𑄛𑄪𑄢𑄩",
          "moh": "𑄟𑄮𑄦𑄃𑄮𑄇𑄴",
          "mos": "𑄟𑄧𑄥𑄨",
          "mr": "𑄟𑄢𑄒𑄨",
          "ms": "𑄟𑄣𑄧𑄠𑄴",
          "mt": "𑄟𑄧𑄣𑄴𑄑𑄨𑄠𑄧",
          "mua": "𑄟𑄪𑄘𑄋𑄴𑄉𑄧",
          "mul": "𑄝𑄣𑄧𑄇𑄴𑄇𑄚𑄨 𑄞𑄌𑄴",
          "mus": "𑄇𑄳𑄢𑄨𑄇𑄴",
          "mwl": "𑄟𑄨𑄢𑄚𑄴𑄓𑄨𑄎𑄴",
          "mwr": "𑄟𑄢𑄮𑄠𑄢𑄨",
          "my": "𑄝𑄧𑄢𑄴𑄟𑄨",
          "myv": "𑄆𑄢𑄧𑄎𑄨𑄠",
          "mzn": "𑄟𑄎𑄚𑄴𑄘𑄬𑄢𑄚𑄨",
          "na": "𑄚𑄃𑄪𑄢𑄪",
          "nan": "𑄚𑄚𑄴",
          "nap": "𑄚𑄬𑄠𑄛𑄮𑄣𑄨𑄑𑄚𑄴",
          "naq": "𑄚𑄟",
          "nb": "𑄚𑄧𑄢𑄴𑄃𑄮𑄠𑄬𑄎𑄨𑄠𑄚𑄴 𑄝𑄮𑄇𑄴𑄟𑄣𑄴",
          "nd": "𑄅𑄖𑄴𑄖𑄧𑄢𑄴 𑄆𑄚𑄴𑄘𑄬𑄝𑄨𑄣𑄨",
          "nds": "𑄖𑄧𑄣𑄬 𑄎𑄢𑄴𑄟𑄚𑄨",
          "nds-NL": "𑄣𑄮𑄥𑄳𑄠𑄇𑄴𑄥𑄧𑄚𑄴",
          "ne": "𑄚𑄬𑄛𑄣𑄨",
          "new": "𑄚𑄬𑄃𑄮𑄠𑄢𑄨",
          "ng": "𑄆𑄚𑄴𑄘𑄮𑄋𑄴𑄉",
          "nia": "𑄚𑄨𑄠𑄌𑄴",
          "niu": "𑄚𑄨𑄃𑄪𑄠𑄚𑄴",
          "nl": "𑄓𑄌𑄴",
          "nl-BE": "𑄜𑄳𑄣𑄬𑄟𑄨𑄌𑄴",
          "nmg": "𑄇𑄱𑄥𑄨𑄃𑄮",
          "nn": "𑄚𑄧𑄢𑄴𑄃𑄮𑄠𑄬𑄎𑄩𑄠𑄚𑄴 𑄚𑄨𑄚𑄧𑄢𑄴𑄥𑄳𑄇𑄴",
          "nnh": "𑄚𑄨𑄋𑄴𑄉𑄬𑄟𑄴𑄝𑄪𑄚𑄴",
          "no": "𑄚𑄧𑄢𑄴𑄃𑄮𑄠𑄬𑄎𑄩𑄠𑄧",
          "nog": "𑄚𑄮𑄉𑄭",
          "non": "𑄛𑄪𑄢𑄮𑄚𑄴 𑄚𑄧𑄢𑄴𑄥𑄧",
          "nqo": "𑄆𑄚𑄴𑄇𑄮",
          "nr": "𑄓𑄧𑄉𑄨𑄚𑄴 𑄆𑄚𑄴𑄓𑄬𑄝𑄬𑄣𑄬",
          "nso": "𑄃𑄪𑄖𑄴𑄗𑄧𑄢𑄴 𑄢𑄬𑄌𑄴𑄎𑄮𑄢𑄴 𑄥𑄮𑄗𑄮",
          "nus": "𑄚𑄪𑄠𑄢𑄴",
          "nv": "𑄚𑄞𑄎𑄮",
          "nwc": "𑄛𑄪𑄢𑄮𑄚𑄴 𑄚𑄬𑄃𑄮𑄠𑄢𑄩",
          "ny": "𑄚𑄠𑄚𑄴𑄎",
          "nym": "𑄚𑄳𑄠𑄠𑄟𑄴𑄃𑄮𑄠𑄬𑄎𑄨",
          "nyn": "𑄚𑄳𑄠𑄠𑄋𑄴𑄇𑄮𑄣𑄬",
          "nyo": "𑄚𑄧𑄱𑄢𑄮",
          "nzi": "𑄆𑄚𑄴𑄎𑄨𑄟",
          "oc": "𑄃𑄧𑄇𑄴𑄥𑄨𑄑𑄚𑄴",
          "oj": "𑄃𑄮𑄎𑄨𑄝𑄧𑄤",
          "om": "𑄃𑄧𑄢𑄮𑄟𑄮",
          "or": "𑄃𑄮𑄢𑄨𑄠",
          "os": "𑄃𑄮𑄥𑄬𑄑𑄨𑄇𑄴",
          "osa": "𑄃𑄮𑄥𑄬𑄌𑄴",
          "ota": "𑄃𑄧𑄑𑄮𑄟𑄚𑄴 𑄖𑄪𑄢𑄴𑄇𑄨",
          "pa": "𑄛𑄚𑄴𑄎𑄝𑄩",
          "pag": "𑄛𑄁𑄉𑄥𑄨𑄚𑄚𑄴",
          "pal": "𑄛𑄦𑄳𑄣𑄞𑄨",
          "pam": "𑄛𑄟𑄴𑄛𑄋𑄴𑄉",
          "pap": "𑄛𑄛𑄨𑄠𑄟𑄬𑄚𑄴𑄖𑄮",
          "pau": "𑄛𑄣𑄠𑄪𑄠𑄚𑄴",
          "pcm": "𑄚𑄎𑄬𑄢𑄨𑄠𑄧 𑄛𑄨𑄎𑄨𑄚𑄴",
          "peo": "𑄛𑄪𑄢𑄮𑄚𑄴 𑄜𑄢𑄴𑄥𑄨",
          "phn": "𑄜𑄮𑄚𑄨𑄥𑄨𑄠𑄚𑄴",
          "pi": "𑄛𑄣𑄨",
          "pl": "𑄛𑄮𑄣𑄨𑄌𑄴",
          "pon": "𑄛𑄮𑄚𑄴𑄦𑄧𑄛𑄳𑄆𑄬𑄠𑄚𑄴",
          "prg": "𑄛𑄴𑄢𑄪𑄥𑄨𑄠𑄚𑄴",
          "pro": "𑄛𑄪𑄢𑄮𑄚𑄴 𑄛𑄳𑄢𑄮𑄞𑄬𑄚𑄴𑄥𑄣𑄴",
          "ps": "𑄛𑄌𑄴𑄑𑄪",
          "ps-alt-variant": "𑄛𑄪𑄌𑄴𑄖𑄮",
          "pt": "𑄛𑄧𑄢𑄴𑄖𑄪𑄉𑄨𑄎𑄴",
          "pt-BR": "𑄝𑄳𑄢𑄎𑄨𑄣𑄬𑄢𑄴 𑄛𑄧𑄢𑄴𑄖𑄪𑄉𑄨𑄎𑄴",
          "pt-PT": "𑄃𑄨𑄃𑄪𑄢𑄮𑄛𑄬𑄢𑄴 𑄛𑄧𑄢𑄴𑄖𑄪𑄉𑄨𑄎𑄴",
          "qu": "𑄇𑄬𑄌𑄪𑄠",
          "quc": "𑄇𑄳𑄦𑄨𑄌𑄬",
          "raj": "𑄢𑄎𑄴𑄥𑄳𑄦𑄚𑄨",
          "rap": "𑄢𑄛𑄚𑄳𑄆𑄪",
          "rar": "𑄢𑄢𑄮𑄑𑄮𑄁𑄉𑄚𑄴",
          "rm": "𑄢𑄮𑄟𑄚𑄴𑄥𑄴",
          "rn": "𑄢𑄪𑄚𑄴𑄘𑄨",
          "ro": "𑄢𑄮𑄟𑄚𑄩𑄠𑄧",
          "ro-MD": "𑄟𑄧𑄣𑄴𑄘𑄞𑄨𑄠𑄧",
          "rof": "𑄢𑄧𑄟𑄴𑄝𑄮",
          "rom": "𑄢𑄮𑄟𑄚𑄨",
          "root": "𑄥𑄨𑄠𑄮𑄢𑄴",
          "ru": "𑄢𑄪𑄌𑄴",
          "rup": "𑄃𑄢𑄴𑄟𑄬𑄚𑄨𑄠𑄚𑄴",
          "rw": "𑄇𑄨𑄚𑄴𑄠𑄢𑄮𑄠𑄚𑄴𑄓",
          "rwk": "𑄢𑄤",
          "sa": "𑄥𑄧𑄁𑄥𑄴𑄇𑄳𑄢𑄨𑄖𑄴",
          "sad": "𑄥𑄳𑄠𑄚𑄴𑄓𑄃𑄮𑄠𑄬",
          "sah": "𑄥𑄈",
          "sam": "𑄥𑄟𑄢𑄨𑄑𑄚𑄴 𑄃𑄢𑄟𑄨𑄇𑄴",
          "saq": "𑄥𑄟𑄴𑄝𑄪𑄢𑄪",
          "sas": "𑄥𑄥𑄇𑄴",
          "sat": "𑄥𑄀𑄃𑄮𑄖𑄣𑄨",
          "sba": "𑄚𑄳𑄠𑄉𑄟𑄴𑄝𑄬",
          "sbp": "𑄥𑄁𑄚𑄴𑄉𑄪",
          "sc": "𑄥𑄢𑄴𑄓𑄨𑄚𑄨𑄠𑄚𑄴",
          "scn": "𑄥𑄨𑄥𑄨𑄣𑄨𑄠𑄚𑄴",
          "sco": "𑄆𑄌𑄴𑄇𑄧𑄖𑄴𑄥𑄴",
          "sd": "𑄥𑄨𑄚𑄴𑄙𑄨",
          "sdh": "𑄘𑄧𑄉𑄨𑄚𑄴 𑄇𑄪𑄢𑄴𑄘𑄨𑄌𑄴",
          "se": "𑄅𑄖𑄴𑄖𑄧𑄢𑄴 𑄢𑄬𑄌𑄴𑄎𑄮𑄢𑄴 𑄥𑄟𑄨",
          "seh": "𑄥𑄬𑄚",
          "sel": "𑄥𑄬𑄣𑄴𑄇𑄪𑄛𑄴",
          "ses": "𑄇𑄱𑄢𑄝𑄬𑄚𑄮 𑄥𑄬𑄚𑄳𑄚𑄨",
          "sg": "𑄥𑄋𑄴𑄉𑄮",
          "sga": "𑄛𑄪𑄢𑄮𑄚𑄴 𑄃𑄭𑄢𑄨𑄌𑄴",
          "sh": "𑄥𑄢𑄴𑄝𑄮-𑄇𑄳𑄢𑄮𑄠𑄬𑄥𑄨𑄠𑄧",
          "shi": "𑄖𑄌𑄬𑄣𑄴𑄦𑄨𑄖𑄴",
          "shn": "𑄥𑄚𑄴",
          "si": "𑄥𑄨𑄁𑄦𑄧𑄣𑄩",
          "sid": "𑄥𑄨𑄓𑄟𑄮",
          "sk": "𑄥𑄳𑄣𑄮𑄞𑄇𑄴",
          "sl": "𑄥𑄳𑄣𑄮𑄞𑄬𑄚𑄩𑄠𑄧",
          "sm": "𑄥𑄟𑄮𑄠𑄚𑄴",
          "sma": "𑄘𑄧𑄉𑄨𑄚𑄴 𑄢𑄬𑄌𑄴𑄎𑄮𑄢𑄴 𑄥𑄟𑄨",
          "smj": "𑄣𑄪𑄣𑄬 𑄥𑄟𑄨",
          "smn": "𑄃𑄨𑄚𑄢𑄨 𑄥𑄟𑄨",
          "sms": "𑄥𑄳𑄇𑄧𑄣𑄳𑄑𑄧 𑄥𑄟𑄨",
          "sn": "𑄥𑄮𑄚",
          "snk": "𑄥𑄮𑄚𑄨𑄋𑄴𑄇𑄬",
          "so": "𑄥𑄮𑄟𑄣𑄨",
          "sog": "𑄥𑄮𑄇𑄴𑄓𑄠𑄚𑄴",
          "sq": "𑄃𑄣𑄴𑄝𑄬𑄚𑄩𑄠𑄧",
          "sr": "𑄥𑄢𑄴𑄝𑄩𑄠𑄧",
          "srn": "𑄥𑄳𑄢𑄚𑄚𑄴 𑄑𑄮𑄋𑄴𑄉𑄮",
          "srr": "𑄥𑄬𑄢𑄬𑄢𑄴",
          "ss": "𑄥𑄮𑄠𑄖𑄨",
          "ssy": "𑄥𑄦𑄮",
          "st": "𑄘𑄧𑄉𑄨𑄚𑄴 𑄥𑄮𑄗𑄮",
          "su": "𑄥𑄪𑄘𑄚𑄩",
          "suk": "𑄥𑄪𑄇𑄪𑄟",
          "sus": "𑄥𑄪𑄥𑄪",
          "sux": "𑄥𑄪𑄟𑄬𑄢𑄩𑄠𑄧",
          "sv": "𑄥𑄭𑄪𑄓𑄨𑄥𑄴",
          "sw": "𑄥𑄱𑄦𑄨𑄣𑄨",
          "sw-CD": "𑄇𑄧𑄋𑄴𑄉𑄮 𑄥𑄱𑄦𑄨𑄣𑄨",
          "swb": "𑄇𑄧𑄟𑄮𑄢𑄨𑄠𑄚𑄴",
          "syc": "𑄛𑄪𑄢𑄮𑄚𑄴 𑄥𑄨𑄢𑄨𑄃𑄮",
          "syr": "𑄥𑄨𑄢𑄨𑄠𑄇𑄴",
          "ta": "𑄖𑄟𑄨𑄣𑄴",
          "te": "𑄖𑄬𑄣𑄬𑄉𑄪",
          "tem": "𑄑𑄭𑄟𑄴𑄚𑄬",
          "teo": "𑄖𑄬𑄥𑄮",
          "ter": "𑄖𑄬𑄢𑄬𑄚𑄮",
          "tet": "𑄖𑄬𑄖𑄪𑄟𑄴",
          "tg": "𑄖𑄎𑄨𑄇𑄴",
          "th": "𑄗𑄭",
          "ti": "𑄖𑄨𑄉𑄧𑄢𑄨𑄚𑄨𑄠",
          "tig": "𑄑𑄭𑄉𑄳𑄢𑄬",
          "tiv": "𑄑𑄨𑄞𑄴",
          "tk": "𑄖𑄪𑄢𑄴𑄇𑄧𑄟𑄬𑄚𑄨",
          "tkl": "𑄑𑄮𑄇𑄬𑄣𑄃𑄪",
          "tl": "𑄖𑄉𑄣𑄧𑄇𑄴",
          "tlh": "𑄇𑄳𑄣𑄨𑄋𑄴𑄉𑄧𑄚𑄴",
          "tli": "𑄖𑄴𑄣𑄨𑄋𑄴𑄉𑄨𑄖𑄴",
          "tmh": "𑄖𑄟𑄥𑄬𑄇𑄴",
          "tn": "𑄥𑄱𑄚",
          "to": "𑄑𑄮𑄋𑄴𑄉𑄚𑄴",
          "tog": "𑄚𑄠𑄥𑄑𑄮𑄋𑄴𑄉",
          "tpi": "𑄑𑄮𑄇𑄴 𑄛𑄨𑄥𑄨𑄚𑄴",
          "tr": "𑄖𑄪𑄢𑄴𑄇𑄩",
          "trv": "𑄖𑄢𑄮𑄇𑄮",
          "ts": "𑄥𑄧𑄋𑄴𑄉",
          "tsi": "𑄥𑄨𑄟𑄴𑄥𑄨𑄠𑄚𑄴",
          "tt": "𑄖𑄖𑄢𑄴",
          "tum": "𑄖𑄪𑄟𑄴𑄝𑄪𑄇",
          "tvl": "𑄑𑄪𑄞𑄣𑄪",
          "tw": "𑄑𑄮𑄠𑄭",
          "twq": "𑄖𑄥𑄤𑄇𑄴",
          "ty": "𑄖𑄦𑄨𑄖𑄨𑄠𑄚𑄴",
          "tyv": "𑄑𑄪𑄞𑄨𑄚𑄨𑄠𑄚𑄴",
          "tzm": "𑄥𑄬𑄚𑄴𑄑𑄳𑄢𑄣𑄴 𑄃𑄣𑄴𑄖𑄌𑄴 𑄖𑄟𑄎𑄨𑄉𑄖𑄴",
          "udm": "𑄃𑄪𑄓𑄴𑄟𑄪𑄢𑄴𑄑𑄧",
          "ug": "𑄃𑄪𑄃𑄨𑄊𑄪𑄢𑄴",
          "uga": "𑄃𑄪𑄉𑄢𑄨𑄑𑄨𑄇𑄴",
          "uk": "𑄃𑄨𑄃𑄪𑄇𑄳𑄢𑄬𑄚𑄩𑄠𑄧",
          "umb": "𑄃𑄪𑄟𑄴𑄝𑄪𑄚𑄴𑄘𑄪",
          "und": "𑄦𑄧𑄝𑄧𑄢𑄴 𑄚𑄧𑄛𑄬𑄠𑄬 𑄞𑄌𑄴",
          "ur": "𑄃𑄪𑄢𑄴𑄘𑄪",
          "uz": "𑄃𑄪𑄎𑄴𑄝𑄬𑄇𑄩𑄠𑄧",
          "vai": "𑄞𑄭",
          "ve": "𑄞𑄬𑄚𑄴𑄓",
          "vi": "𑄞𑄨𑄠𑄬𑄖𑄴𑄚𑄟𑄩",
          "vo": "𑄞𑄮𑄣𑄛𑄪𑄇𑄴",
          "vot": "𑄞𑄮𑄑𑄨𑄇𑄴",
          "vun": "𑄞𑄪𑄚𑄴𑄏𑄮",
          "wa": "𑄤𑄣𑄪𑄚𑄴",
          "wae": "𑄤𑄣𑄧𑄥𑄬𑄢𑄴",
          "wal": "𑄤𑄣𑄟𑄮",
          "war": "𑄤𑄢𑄬",
          "was": "𑄤𑄥𑄮",
          "wbp": "𑄤𑄢𑄴𑄣𑄴𑄛𑄨𑄢𑄨",
          "wo": "𑄤𑄃𑄮𑄣𑄮𑄜𑄴",
          "wuu": "𑄤𑄌𑄨𑄚",
          "xal": "𑄇𑄣𑄴𑄟𑄳𑄆𑄧𑄇𑄴",
          "xh": "𑄎𑄮𑄥",
          "xog": "𑄥𑄮𑄉",
          "yao": "𑄃𑄨𑄠𑄃𑄮",
          "yap": "𑄃𑄨𑄠𑄛𑄬𑄥𑄬",
          "yav": "𑄠𑄋𑄴𑄉𑄧𑄝𑄬𑄚𑄴",
          "ybb": "𑄠𑄮𑄟𑄴𑄝",
          "yi": "𑄠𑄨𑄖𑄴𑄘𑄨𑄥𑄴",
          "yo": "𑄃𑄨𑄃𑄮𑄢𑄪𑄝",
          "yue": "𑄇𑄳𑄠𑄚𑄴𑄑𑄮𑄚𑄩𑄎𑄴",
          "za": "𑄏𑄪𑄠𑄋𑄴",
          "zap": "𑄎𑄛𑄮𑄑𑄬𑄇𑄴",
          "zbl": "𑄃𑄉𑄬𑄠 𑄞𑄌𑄴",
          "zen": "𑄎𑄬𑄚𑄉",
          "zgh": "𑄉𑄧𑄟𑄴𑄘𑄮𑄣𑄴 𑄟𑄧𑄢𑄧𑄇𑄧𑄧𑄱𑄚𑄴𑄖𑄟𑄎𑄨𑄉𑄖𑄴",
          "zh": "𑄌𑄩𑄚",
          "zh-Hans": "𑄅𑄪𑄎𑄪𑄅𑄪𑄏𑄫 𑄌𑄩𑄚",
          "zh-Hant": "𑄢𑄨𑄘𑄨𑄥𑄪𑄘𑄮𑄟𑄴 𑄌𑄩𑄚",
          "zu": "𑄎𑄪𑄣𑄪",
          "zun": "𑄎𑄪𑄚𑄨",
          "zxx": "𑄞𑄏𑄧𑄢𑄴𑄘𑄮𑄇𑄳𑄠𑄬 𑄝𑄨𑄥𑄧𑄠𑄴 𑄚𑄳𑄄𑄬",
          "zza": "𑄎𑄎"
        }
      }
    }
  }
}
