{
  "main": {
    "bn-IN": {
      "identity": {
        "version": {
          "_number": "$Revision: 13706 $",
          "_cldrVersion": "32"
        },
        "language": "bn",
        "territory": "IN"
      },
      "localeDisplayNames": {
        "localeDisplayPattern": {
          "localePattern": "{0} ({1})",
          "localeSeparator": "{0}, {1}",
          "localeKeyTypePattern": "{0}: {1}"
        },
        "keys": {
          "calendar": "ক্যালেন্ডার",
          "cf": "মুদ্র্যা ফরম্যাট",
          "colAlternate": "প্রতীক বাছাইকরণ উপেক্ষা করুন",
          "colBackwards": "বিপরীত করা স্বরাঘাত বাছাইকরণ",
          "colCaseFirst": "বড়হাতের/ছোটহাতের অক্ষর ক্রম",
          "colCaseLevel": "কেস সংবেদী বাছাইকরণ",
          "collation": "বাছাই বিন্যাস",
          "colNormalization": "স্বাভাবিককৃত বাছাইকরণ",
          "colNumeric": "সংখ্যাসূচক বাছাইকরণ",
          "colStrength": "বাছাইকরণ শক্তি",
          "currency": "মুদ্রা",
          "hc": "সময়ের হিসাব (১২ বা ২৪)",
          "lb": "লাইন বিভাজক শৈলী",
          "ms": "পরিমাপ সিস্টেম",
          "numbers": "সংখ্যা",
          "timezone": "সময় জোন",
          "va": "স্থানীয় ভিন্নতা",
          "x": "বক্তিগত- ব্যবহার"
        },
        "types": {
          "calendar": {
            "buddhist": "বৌদ্ধ ক্যালেন্ডার",
            "chinese": "চীনা ক্যালেন্ডার",
            "coptic": "কপটিক ক্যালেন্ডার",
            "dangi": "দাঙ্গী ক্যালেন্ডার",
            "ethiopic": "ইথিওপিক ক্যালেন্ডার",
            "ethiopic-amete-alem": "ইথিওপিও আমেতে আলেম ক্যালেন্ডার",
            "gregorian": "গ্রিগোরিয়ান ক্যালেন্ডার",
            "hebrew": "হিব্রু ক্যালেন্ডার",
            "indian": "ভারতীয় জাতীয় বর্ষপঞ্জী",
            "islamic": "ইসলামিক ক্যালেন্ডার",
            "islamic-civil": "ইসলামিক-সিভিল বর্ষপঞ্জী",
            "islamic-rgsa": "ইসলামিক বর্ষপঞ্জী (সৌদি আরব, দৃশ্যমান)",
            "islamic-tbla": "ইসলামিক বর্ষপঞ্জী (ছকবদ্ধ, জ্যোতির্বিদ্যীয় যুগ)",
            "islamic-umalqura": "ইসলামিক বর্ষপঞ্জী (উম্মা আল-কুরআ)",
            "iso8601": "ISO-861 ক্যালেন্ডার",
            "japanese": "জাপানি ক্যালেন্ডার",
            "persian": "ফারসি ক্যালেন্ডার",
            "roc": "মিঙ্গুও ক্যালেন্ডার"
          },
          "cf": {
            "account": "হিসাবের মুদ্রা বিন্যাস",
            "standard": "মানক মুদ্রা বিন্যাস"
          },
          "colAlternate": {
            "non-ignorable": "প্রতীক বাছাই করুন",
            "shifted": "উপেক্ষা প্রতীক বাছাই করুন"
          },
          "colBackwards": {
            "no": "স্বরাঘাত সাধারণতভাবে বাছাই করুন",
            "yes": "স্বরাঘাত বিপরীত বাছাই করুন"
          },
          "colCaseFirst": {
            "lower": "প্রথমে ছোট হাতের অক্ষর বাছাই করুন",
            "no": "সাধারন কেস ক্রম বাছাই করুন",
            "upper": "প্রথমে বড়হাতের অক্ষর বাছাই করুন"
          },
          "colCaseLevel": {
            "no": "কেস অসংবেদী বাছাই করুন",
            "yes": "কেস সংবেদী বাছাই করুন"
          },
          "collation": {
            "big5han": "প্রথাগত চীনা সজ্জাক্রম - বিগ৫",
            "compat": "আগের বাছাইয়ের ক্রম, সামঞ্জস্যের জন্য",
            "dictionary": "অভিধান বাছাই বিন্যাস",
            "ducet": "ডিফল্ট ইউনিকোড বাছাই বিন্যাস",
            "emoji": "ইমোজি বাছাই ক্রম",
            "eor": "ইউরোপীয় ক্রম বিন্যাসের নিয়মাবলী",
            "gb2312han": "সাধারণ চীনা সজ্জাক্রম - জিবি২৩১২",
            "phonebook": "ফোনবুক সজ্জাক্রম",
            "phonetic": "ধ্বনি নির্দেশক বাছাই ক্রম",
            "pinyin": "পিনিন সজ্জাক্রম",
            "reformed": "রিফর্মড বাছাই বিন্যাস",
            "search": "সাধারণ-উদ্দেশ্যে অনুসন্ধান",
            "searchjl": "হাঙ্গুল প্রাথমিক ব্যঞ্জনবর্ণ দ্বারা অনুসন্ধান করুন",
            "standard": "আদর্শ বাছাই বিন্যাস",
            "stroke": "আবর্তিত সজ্জাক্রম",
            "traditional": "প্রথাগত বাছাই বিন্যাস",
            "unihan": "রাডিকেল স্ট্রোক বাছাই বিন্যাস",
            "zhuyin": "ঝুইন সজ্জাক্রম"
          },
          "colNormalization": {
            "no": "স্বাভাবিক ছাড়া বাছাই করুন",
            "yes": "স্বাভাবিকৃত ইউনিকোড বাছাই করুন"
          },
          "colNumeric": {
            "no": "সংখ্যা পৃথকভাবে বাছাই করুন",
            "yes": "সংখ্যা সংখ্যাসূচকভাবে বাছাই করুন"
          },
          "colStrength": {
            "identical": "সমস্ত বাছাই করুন",
            "primary": "কেবল বুনিয়াদি বর্ণ বাছাই করুন",
            "quaternary": "স্বরাঘাত/কেস/প্রস্থ/কানা বাছাই করুন",
            "secondary": "স্বরাঘাত বাছাই করুন",
            "tertiary": "স্বরাঘাত/কেস/প্রস্থ বাছাই করুন"
          },
          "d0": {
            "fwidth": "পূর্ণপ্রস্থ পর্যন্ত",
            "hwidth": "অর্ধপ্রস্থ পর্যন্ত",
            "npinyin": "সাংখিক"
          },
          "hc": {
            "h11": "১২ ঘণ্টার হিসাবে (০–১১)",
            "h12": "১২ ঘণ্টার হিসাবে (১–১২)",
            "h23": "২৪ ঘণ্টার হিসাবে (০–২৩)",
            "h24": "২৪ ঘণ্টার হিসাবে (১–২৪)"
          },
          "lb": {
            "loose": "আলগা লাইন বিভাজক শৈলী",
            "normal": "সাধারণ লাইন বিভাজক শৈলী",
            "strict": "টাইট লাইন বিভাজক শৈলী"
          },
          "m0": {
            "bgn": "ইউএস বিজিএন বর্ণান্তরণ",
            "ungegn": "ইউএন জিইজিএন বর্ণান্তরণ"
          },
          "ms": {
            "metric": "মেট্রিক সিস্টেম",
            "uksystem": "ইম্পেরিয়াল পরিমাপ সিস্টেম",
            "ussystem": "মার্কিন যুক্তরাষ্ট্রের পরিমাপ সিস্টেম"
          },
          "numbers": {
            "ahom": "অহম সংখ্যা",
            "arab": "আরবি-ভারতীয় সংখ্যা",
            "arabext": "প্রসারিত আরবি -ভারতীয় সংখ্যা",
            "armn": "আর্মেনীয় সংখ্যা",
            "armnlow": "আর্মেনীয় ছোটহাতের সংখ্যা",
            "bali": "বালিনীয় সংখ্যা",
            "beng": "বাংলা সংখ্যা",
            "brah": "ব্রাহ্মী সংখ্যা",
            "cakm": "চাকমা সংখ্যা",
            "cham": "চাম সংখ্যা",
            "cyrl": "সিরিলিক সংখ্যা",
            "deva": "দেবনাগরি সংখ্যা",
            "ethi": "ইথিয়োপিক সংখ্যা",
            "finance": "অর্থনৈতিক সংখ্যাসূচক",
            "fullwide": "পূর্ণ চওড়া সংখ্যা",
            "geor": "জর্জিয়ান সংখ্যা",
            "gonm": "মাসারাম গন্ডি সংখ্যা",
            "grek": "গ্রিক সংখ্যা",
            "greklow": "গ্রীক ছোট হাতের সংখ্যা",
            "gujr": "গুজরাতি সংখ্যা",
            "guru": "গুরুমুখি সংখ্যা",
            "hanidec": "চৈনিক দশমিক সংখ্যা",
            "hans": "সরলিকৃত চৈনিক সংখ্যা",
            "hansfin": "সরলিকৃত চৈনিক আর্থিক সংখ্যা",
            "hant": "ঐতিহ্যাবাহী চৈনিক সংখ্যা",
            "hantfin": "ঐতিহ্যবাহী চৈনিক আর্থিক সংখ্যা",
            "hebr": "হিব্রু সংখ্যা",
            "hmng": "পাহয়া মং সংখ্যা",
            "java": "জাভানিজ সংখ্যা",
            "jpan": "জাপানি সংখ্যা",
            "jpanfin": "জাপানি আর্থিক সংখ্যা",
            "kali": "কায়াহ লি সংখ্যা",
            "khmr": "খেমের সংখ্যা",
            "knda": "কন্নড় সংখ্যা",
            "lana": "টাই থাম হোরা সংখ্যা",
            "lanatham": "টাই থাম থাম সংখ্যা",
            "laoo": "লাও সংখ্যা",
            "latn": "ওয়েস্টার্ন ডিজিট",
            "lepc": "লেপচা সংখ্যা",
            "limb": "লিম্বু সংখ্যা",
            "mathbold": "গাণিতিক বোল্ড সংখ্যা",
            "mathdbl": "গাণিতিক ডাবল-স্ট্রাক সংখ্যা",
            "mathmono": "গাণিতিক মোনোস্পেস সংখ্যা",
            "mathsanb": "গাণিতিক স্যান্স-শেরিফ বোল্ড সংখ্যা",
            "mathsans": "গাণিতিক স্যান্স-শেরিফ সংখ্যা",
            "mlym": "মালয়ালম সংখ্যা",
            "modi": "মোদি সংখ্যা",
            "mong": "মঙ্গোলীয় সংখ্যা",
            "mroo": "ম্রো সংখ্যা",
            "mtei": "মিটিই মায়েক সংখ্যা",
            "mymr": "মায়ানমার সংখ্যা",
            "mymrshan": "মায়ানমার শান সংখ্যা",
            "mymrtlng": "মায়ানমার থাই লেয়িং সংখ্যা",
            "native": "স্থানীয় সংখ্যা",
            "nkoo": "এন’কো সংখ্যা",
            "olck": "ওল চিকি সংখ্যা",
            "orya": "ওড়িয়া সংখ্যা",
            "osma": "ওসমানিয় সংখ্যা",
            "roman": "রোমান সংখ্যা",
            "romanlow": "রোমান ছোটহাতের সংখ্যা",
            "saur": "সৌরাষ্ট্রের সংখ্যা",
            "shrd": "সারদা সংখ্যা",
            "sind": "কুদয়াদি সংখ্যা",
            "sinh": "সিংহলী লিথ সংখ্যা",
            "sora": "সোরা সম্পেং সংখ্যা",
            "sund": "সুদানীয় সংখ্যা",
            "takr": "তাক্রি সংখ্যা",
            "talu": "নতুন তাই লিউ সংখ্যা",
            "taml": "ঐতিহ্যবাহী তামিল সংখ্যা",
            "tamldec": "তামিল সংখ্যা",
            "telu": "তেলুগু সংখ্যা",
            "thai": "থাই সংখ্যা",
            "tibt": "তিব্বতি সংখ্যা",
            "tirh": "তিরহুতা সংখ্যা",
            "traditional": "ঐতিহ্যগত সংখ্যাসূচক",
            "vaii": "ভাই সংখ্যা",
            "wara": "ওয়ারেং সিটি সংখ্যা"
          }
        },
        "codePatterns": {
          "language": "ভাষা: {0}",
          "script": "লিপি: {0}",
          "territory": "অঞ্চল: {0}"
        }
      }
    }
  }
}
