{
  "main": {
    "az": {
      "identity": {
        "version": {
          "_number": "$Revision: 13701 $",
          "_cldrVersion": "32"
        },
        "language": "az"
      },
      "localeDisplayNames": {
        "scripts": {
          "Adlm": "Adlm",
          "Aghb": "Aghb",
          "Ahom": "Ahom",
          "Arab": "ərəb",
          "Armi": "armi",
          "Armn": "erməni",
          "Avst": "avestan",
          "Bali": "bali",
          "Bamu": "Bamu",
          "Bass": "Bass",
          "Batk": "batak",
          "Beng": "benqal",
          "Bhks": "Bhks",
          "Blis": "blissymbols",
          "Bopo": "bopomofo",
          "Brah": "brahmi",
          "Brai": "brayl",
          "Bugi": "buqin",
          "Buhd": "buhid",
          "Cakm": "kakm",
          "Cans": "birləşmiş kanada yerli yazısı",
          "Cari": "kariyan",
          "Cham": "çam",
          "Cher": "çiroki",
          "Cirt": "sirt",
          "Copt": "koptik",
          "Cprt": "kipr",
          "Cyrl": "kiril",
          "Cyrs": "qədimi kilsa kirili",
          "Deva": "devanaqari",
          "Dsrt": "deseret",
          "Dupl": "Dupl",
          "Egyd": "misir demotik",
          "Egyh": "misir hiyeratik",
          "Egyp": "misir hiyeroqlif",
          "Elba": "Elba",
          "Ethi": "efiop",
          "Geok": "gürcü xutsuri",
          "Geor": "gürcü",
          "Glag": "qlaqolitik",
          "Gonm": "Gonm",
          "Goth": "qotik",
          "Gran": "Gran",
          "Grek": "yunan",
          "Gujr": "qucarat",
          "Guru": "qurmuxi",
          "Hanb": "hanb",
          "Hang": "hanqıl",
          "Hani": "han",
          "Hano": "hanunu",
          "Hans": "sadələşmiş",
          "Hans-alt-stand-alone": "Sadələşdirilmiş Han",
          "Hant": "ənənəvi",
          "Hant-alt-stand-alone": "Ənənəvi Han",
          "Hatr": "Hatr",
          "Hebr": "ibrani",
          "Hira": "iraqana",
          "Hluw": "Hluw",
          "Hmng": "pahav monq",
          "Hrkt": "hecalı yapon əlifbası",
          "Hung": "qədimi macar",
          "Inds": "hindistan",
          "Ital": "qədimi italyalı",
          "Jamo": "jamo",
          "Java": "cava",
          "Jpan": "yapon",
          "Kali": "kayax li",
          "Kana": "katakana",
          "Khar": "xaroşti",
          "Khmr": "kxmer",
          "Khoj": "Khoj",
          "Knda": "kannada",
          "Kore": "koreya",
          "Kthi": "kti",
          "Lana": "lanna",
          "Laoo": "lao",
          "Latf": "fraktur latını",
          "Latg": "gael latını",
          "Latn": "latın",
          "Lepc": "lepçə",
          "Limb": "limbu",
          "Lina": "Lina",
          "Linb": "Linb",
          "Lisu": "Lisu",
          "Lyci": "lusian",
          "Lydi": "ludian",
          "Mahj": "Mahj",
          "Mand": "mandayen",
          "Mani": "maniçayen",
          "Marc": "Marc",
          "Maya": "maya hiyeroqlifi",
          "Mend": "Mend",
          "Merc": "Merc",
          "Mero": "meroytik",
          "Mlym": "malayalam",
          "Modi": "Modi",
          "Mong": "monqol",
          "Moon": "mun",
          "Mroo": "Mroo",
          "Mtei": "meytey mayek",
          "Mult": "Mult",
          "Mymr": "myanmar",
          "Narb": "Narb",
          "Nbat": "Nbat",
          "Newa": "Newa",
          "Nkoo": "nko",
          "Nshu": "Nshu",
          "Ogam": "oğam",
          "Olck": "ol çiki",
          "Orkh": "orxon",
          "Orya": "oriya",
          "Osge": "Osge",
          "Osma": "osmanya",
          "Palm": "Palm",
          "Pauc": "Pauc",
          "Perm": "qədimi permik",
          "Phag": "faqs-pa",
          "Phli": "fli",
          "Phlp": "flp",
          "Phlv": "kitab paxlavi",
          "Phnx": "foenik",
          "Plrd": "polard fonetik",
          "Prti": "prti",
          "Rjng": "recəng",
          "Roro": "ronqoronqo",
          "Runr": "runik",
          "Samr": "samaritan",
          "Sara": "sarati",
          "Sarb": "Sarb",
          "Saur": "saurastra",
          "Sgnw": "işarət yazısı",
          "Shaw": "şavyan",
          "Shrd": "Shrd",
          "Sidd": "Sidd",
          "Sind": "Sind",
          "Sinh": "sinhal",
          "Sora": "Sora",
          "Soyo": "Soyo",
          "Sund": "sundan",
          "Sylo": "siloti nəqri",
          "Syrc": "siryak",
          "Syre": "estrangela süryanice",
          "Tagb": "taqbanva",
          "Takr": "Takr",
          "Tale": "tay le",
          "Talu": "təzə tay lu",
          "Taml": "tamil",
          "Tang": "Tang",
          "Tavt": "tavt",
          "Telu": "teluqu",
          "Teng": "tengvar",
          "Tfng": "tifinaq",
          "Tglg": "taqaloq",
          "Thaa": "thana",
          "Thai": "tay",
          "Tibt": "tibet",
          "Tirh": "Tirh",
          "Ugar": "uqarit",
          "Vaii": "vay",
          "Visp": "danışma səsləri",
          "Wara": "Wara",
          "Xpeo": "qədimi fars",
          "Xsux": "sumer-akadyan kuneyform",
          "Yiii": "yi",
          "Zanb": "Zanb",
          "Zinh": "Zinh",
          "Zmth": "riyazi notasiya",
          "Zsye": "emoji",
          "Zsym": "simvollar",
          "Zxxx": "yazısız",
          "Zyyy": "ümumi yazı",
          "Zzzz": "tanınmayan yazı"
        }
      }
    }
  }
}
