{
  "main": {
    "de-AT": {
      "identity": {
        "version": {
          "_number": "$Revision: 13706 $",
          "_cldrVersion": "32"
        },
        "language": "de",
        "territory": "AT"
      },
      "localeDisplayNames": {
        "localeDisplayPattern": {
          "localePattern": "{0} ({1})",
          "localeSeparator": "{0}, {1}",
          "localeKeyTypePattern": "{0}: {1}"
        },
        "keys": {
          "calendar": "Kalender",
          "cf": "Währungsformat",
          "colAlternate": "Sortierung ohne Symbole",
          "colBackwards": "Umgekehrte Sortierung von Akzenten",
          "colCaseFirst": "Sortierung nach Groß- bzw. Kleinbuchstaben",
          "colCaseLevel": "Sortierung nach Groß- oder Kleinschreibung",
          "collation": "Sortierung",
          "colNormalization": "Normierte Sortierung",
          "colNumeric": "Sortierung nach Zahlen",
          "colStrength": "Sortierstärke",
          "currency": "Währung",
          "hc": "Stundenformat (12h/24h)",
          "lb": "Zeilenumbruchstil",
          "ms": "Maßsystem",
          "numbers": "Zahlen",
          "timezone": "Zeitzone",
          "va": "Lokale Variante",
          "x": "Privatnutzung"
        },
        "types": {
          "calendar": {
            "buddhist": "Buddhistischer Kalender",
            "chinese": "Chinesischer Kalender",
            "coptic": "Koptischer Kalender",
            "dangi": "Dangi-Kalender",
            "ethiopic": "Äthiopischer Kalender",
            "ethiopic-amete-alem": "Äthiopischer Kalender \\\"Amete Alem\\\"",
            "gregorian": "Gregorianischer Kalender",
            "hebrew": "Hebräischer Kalender",
            "indian": "Indischer Nationalkalender",
            "islamic": "Islamischer Kalender",
            "islamic-civil": "Bürgerlicher islamischer Kalender",
            "islamic-rgsa": "Islamischer Kalender (Saudi-Arabien, Beobachtung)",
            "islamic-tbla": "Islamischer Kalender (tabellarisch, astronomische Epoche)",
            "islamic-umalqura": "Islamischer Kalender (Umm al-Qura",
            "iso8601": "ISO-8601-Kalender",
            "japanese": "Japanischer Kalender",
            "persian": "Persischer Kalender",
            "roc": "Kalender der Republik China"
          },
          "cf": {
            "account": "Währungsformat (Buchhaltung)",
            "standard": "Währungsformat (Standard)"
          },
          "colAlternate": {
            "non-ignorable": "Symbole sortieren",
            "shifted": "Symbole sortieren ignorieren"
          },
          "colBackwards": {
            "no": "Akzente normal sortieren",
            "yes": "Akzente umgekehrt sortieren"
          },
          "colCaseFirst": {
            "lower": "Kleinbuchstaben zuerst aufführen",
            "no": "Normal sortieren",
            "upper": "Großbuchstaben zuerst aufführen"
          },
          "colCaseLevel": {
            "no": "Ohne Groß-/Kleinschreibung sortieren",
            "yes": "Nach Groß-/Kleinschreibung sortieren"
          },
          "collation": {
            "big5han": "Traditionelles Chinesisch - Big5",
            "compat": "vorherige Sortierung, Kompatibilität",
            "dictionary": "Lexikographische Sortierreihenfolge",
            "ducet": "Unicode-Sortierung",
            "emoji": "emoji",
            "eor": "Europäische Sortierregeln",
            "gb2312han": "Vereinfachtes Chinesisch - GB2312",
            "phonebook": "Telefonbuch-Sortierung",
            "phonetic": "Sortierung nach Phonetik",
            "pinyin": "Pinyin-Sortierregeln",
            "reformed": "Reformierte Sortierreihenfolge",
            "search": "allgemeine Suche",
            "searchjl": "Suche nach Anfangsbuchstaben des koreanischen Alphabets",
            "standard": "Standard-Sortierung",
            "stroke": "Strichfolge",
            "traditional": "Traditionelle Sortierregeln",
            "unihan": "Radikal-Strich-Sortierregeln",
            "zhuyin": "Zhuyin-Sortierregeln"
          },
          "colNormalization": {
            "no": "Ohne Normierung sortieren",
            "yes": "Nach Unicode sortieren"
          },
          "colNumeric": {
            "no": "Ziffern einzeln sortieren",
            "yes": "Ziffern numerisch sortieren"
          },
          "colStrength": {
            "identical": "Alle sortieren",
            "primary": "Nur Basisbuchstaben sortieren",
            "quaternary": "Akzente/Fall/Breite/Kana sortieren",
            "secondary": "Akzente sortieren",
            "tertiary": "Akzente/Fall/Breite sortieren"
          },
          "d0": {
            "fwidth": "Breit",
            "hwidth": "Halbe Breite",
            "npinyin": "Numerisch"
          },
          "hc": {
            "h11": "12-Stunden-Format (0-11)",
            "h12": "12-Stunden-Format (1-12)",
            "h23": "24-Stunden-Format (0-23)",
            "h24": "24-Stunden-Format (1-24)"
          },
          "lb": {
            "loose": "lockerer Zeilenumbruch",
            "normal": "normaler Zeilenumbruch",
            "strict": "fester Zeilenumbruch"
          },
          "m0": {
            "bgn": "BGN",
            "ungegn": "UNGEGN"
          },
          "ms": {
            "metric": "metrisches System",
            "uksystem": "britisches Maßsystem",
            "ussystem": "US-Maßsystem"
          },
          "numbers": {
            "ahom": "ahom",
            "arab": "Arabisch-indische Ziffern",
            "arabext": "Erweiterte arabisch-indische Ziffern",
            "armn": "Armenische Ziffern",
            "armnlow": "Armenische Ziffern in Kleinschrift",
            "bali": "Balinesische Ziffern",
            "beng": "Bengalische Ziffern",
            "brah": "Brahmi-Ziffern",
            "cakm": "Chakma-Ziffern",
            "cham": "Cham-Ziffern",
            "cyrl": "cyrl",
            "deva": "Devanagari-Ziffern",
            "ethi": "Äthiopische Ziffern",
            "finance": "Finanzzahlen",
            "fullwide": "Vollbreite Ziffern",
            "geor": "Georgische Ziffern",
            "gonm": "gonm",
            "grek": "Griechische Ziffern",
            "greklow": "Griechische Ziffern in Kleinschrift",
            "gujr": "Gujarati-Ziffern",
            "guru": "Gurmukhi-Ziffern",
            "hanidec": "Chinesische Dezimalzahlen",
            "hans": "Vereinfacht-chinesische Ziffern",
            "hansfin": "Vereinfacht-chinesische Finanzziffern",
            "hant": "Traditionell-chinesische Ziffern",
            "hantfin": "Traditionell-chinesische Finanzziffern",
            "hebr": "Hebräische Ziffern",
            "hmng": "hmng",
            "java": "Javanesische Ziffern",
            "jpan": "Japanische Ziffern",
            "jpanfin": "Japanische Finanzziffern",
            "kali": "Kayah-Li-Ziffern",
            "khmr": "Khmer-Ziffern",
            "knda": "Kannada-Ziffern",
            "lana": "Lanna-Ziffern (säkular)",
            "lanatham": "Lanna-Ziffern (sakral)",
            "laoo": "Laotische Ziffern",
            "latn": "Westliche Ziffern",
            "lepc": "Lepcha-Ziffern",
            "limb": "Limbu-Ziffern",
            "mathbold": "mathbold",
            "mathdbl": "mathdbl",
            "mathmono": "mathmono",
            "mathsanb": "mathsanb",
            "mathsans": "mathsans",
            "mlym": "Malayalam-Ziffern",
            "modi": "modi",
            "mong": "Mongolische Ziffern",
            "mroo": "mroo",
            "mtei": "Meitei-Mayek-Ziffern",
            "mymr": "Myanmar-Ziffern",
            "mymrshan": "Myanmarische Shan-Ziffern",
            "mymrtlng": "mymrtlng",
            "native": "Native Ziffern",
            "nkoo": "N’Ko-Ziffern",
            "olck": "Ol-Chiki-Ziffern",
            "orya": "Oriya-Ziffern",
            "osma": "osma",
            "roman": "Römische Ziffern",
            "romanlow": "Römische Ziffern in Kleinschrift",
            "saur": "Saurashtra-Ziffern",
            "shrd": "Sharada-Ziffern",
            "sind": "sind",
            "sinh": "sinh",
            "sora": "Sora-Sompeng-Ziffern",
            "sund": "Sundanesische Ziffern",
            "takr": "Takri-Ziffern",
            "talu": "Neue Tai-Lü-Ziffern",
            "taml": "Tamilische Ziffern",
            "tamldec": "Tamil-Ziffern",
            "telu": "Telugu-Ziffern",
            "thai": "Thai-Ziffern",
            "tibt": "Tibetische Ziffern",
            "tirh": "tirh",
            "traditional": "Traditionelle Zahlen",
            "vaii": "Vai-Ziffern",
            "wara": "wara"
          }
        },
        "codePatterns": {
          "language": "Sprache: {0}",
          "script": "Schrift: {0}",
          "territory": "Region: {0}"
        }
      }
    }
  }
}
