{
  "main": {
    "ccp": {
      "identity": {
        "version": {
          "_number": "$Revision: 13751 $",
          "_cldrVersion": "32"
        },
        "language": "ccp"
      },
      "localeDisplayNames": {
        "localeDisplayPattern": {
          "localePattern": "{0} ({1})",
          "localeSeparator": "{0}, {1}",
          "localeKeyTypePattern": "{0}: {1}"
        },
        "keys": {
          "calendar": "𑄇𑄳𑄠𑄣𑄬𑄚𑄴𑄓𑄢𑄴",
          "cf": "𑄟𑄪𑄖𑄴𑄘𑄳𑄢 𑄜𑄧𑄢𑄴𑄟𑄳𑄠𑄑𑄴",
          "colAlternate": "𑄝𑄌𑄴𑄥𑄬𑄭 𑄗𑄉𑄴 𑄍𑄪𑄝𑄨 𑄝𑄬𑄭 𑄣𑄧𑄞𑄢𑄴 𑄃𑄏𑄠𑄴",
          "colBackwards": "𑄅𑄪𑄣𑄴𑄣𑄮𑄛𑄣𑄳𑄦𑄴 𑄢𑄳𑄦𑄧 𑄖𑄮𑄉𑄬𑄭 𑄣𑄧𑄚",
          "colCaseFirst": "𑄝𑄧𑄢𑄴𑄦𑄘𑄧𑄢𑄴/𑄥𑄨𑄉𑄮𑄚𑄴𑄦𑄘𑄧𑄢𑄴 𑄦𑄧𑄢𑄧𑄉𑄪𑄢𑄴 𑄥𑄪𑄢𑄴𑄣𑄭𑄚𑄴",
          "colCaseLevel": "𑄇𑄬𑄌𑄴 𑄥𑄧𑄁𑄝𑄬𑄘𑄩 𑄝𑄬𑄭 𑄣𑄧𑄚",
          "collation": "𑄝𑄬𑄭𑄣𑄧𑄚𑄢𑄴 𑄚𑄨𑄠𑄮𑄟𑄴",
          "colNormalization": "𑄃𑄧𑄎𑄬𑄃𑄧𑄌𑄴𑄥𑄬 𑄝𑄬𑄭𑄣𑄧𑄚",
          "colNumeric": "𑄚𑄘𑄝𑄝𑄧𑄖𑄳𑄠𑄬 𑄝𑄬𑄭𑄣𑄧𑄚",
          "colStrength": "𑄝𑄬𑄭𑄣𑄧𑄚𑄢𑄴 𑄝𑄧𑄣𑄴",
          "currency": "𑄑𑄬𑄋-𑄛𑄧𑄠𑄴𑄎𑄳𑄠",
          "hc": "𑄃𑄧𑄇𑄴𑄖𑄧𑄢𑄴 𑄃𑄨𑄏𑄬𑄛𑄴 (𑄷𑄸 𑄃𑄳𑄃 𑄸𑄺)",
          "lb": "𑄣𑄃𑄨𑄚𑄴 𑄞𑄉𑄴𑄉𑄧𑄢𑄚𑄢𑄴 𑄃𑄨𑄌𑄴𑄑𑄭𑄣𑄴",
          "ms": "𑄟𑄝𑄚𑄢𑄴 𑄚𑄨𑄠𑄮𑄟𑄴",
          "numbers": "𑄚𑄘𑄅𑄪𑄚𑄴",
          "timezone": "𑄃𑄧𑄇𑄴𑄖𑄧 𑄎𑄮𑄚𑄴",
          "va": "𑄃𑄨𑄘𑄪𑄉𑄮𑄢𑄴 𑄚𑄚𑄝𑄝𑄧𑄖𑄳𑄠",
          "x": "𑄃𑄟𑄧𑄚𑄧𑄢𑄴-𑄣𑄢𑄴𑄌𑄢𑄴"
        },
        "types": {
          "calendar": {
            "buddhist": "𑄝𑄪𑄖𑄴𑄙𑄮 𑄇𑄳𑄠𑄣𑄬𑄚𑄴𑄓𑄢𑄴",
            "chinese": "𑄌𑄨𑄚 𑄇𑄳𑄠𑄣𑄬𑄚𑄴𑄓𑄢𑄴",
            "coptic": "𑄇𑄧𑄛𑄴𑄑𑄨𑄇𑄴 𑄇𑄳𑄠𑄣𑄬𑄚𑄴𑄓𑄢𑄴",
            "dangi": "𑄓𑄋𑄴𑄉𑄨 𑄇𑄳𑄠𑄣𑄬𑄚𑄴𑄓𑄢𑄴",
            "ethiopic": "𑄃𑄨𑄗𑄨𑄃𑄮𑄛𑄨𑄇𑄴 𑄇𑄳𑄠𑄣𑄬𑄚𑄴𑄓𑄢𑄴",
            "ethiopic-amete-alem": "𑄃𑄨𑄗𑄨𑄃𑄮𑄛𑄨𑄃𑄮 𑄃𑄟𑄬𑄖𑄬 𑄃𑄣𑄬𑄟𑄴 𑄇𑄳𑄠𑄣𑄬𑄚𑄴𑄓𑄢𑄴",
            "gregorian": "𑄉𑄳𑄢𑄉𑄮𑄢𑄨𑄠𑄚𑄴 𑄇𑄳𑄠𑄣𑄬𑄚𑄴𑄓𑄢𑄴",
            "hebrew": "𑄦𑄨𑄝𑄳𑄢𑄪 𑄇𑄳𑄠𑄣𑄬𑄚𑄴𑄓𑄢𑄴",
            "indian": "𑄞𑄢𑄧𑄘𑄧𑄢𑄴 𑄎𑄖𑄩𑄠𑄧 𑄝𑄧𑄢𑄴𑄥𑄧𑄛𑄧𑄚𑄴𑄏𑄩",
            "islamic": "𑄃𑄨𑄥𑄴𑄣𑄟𑄨𑄇𑄴 𑄇𑄳𑄠𑄣𑄬𑄚𑄴𑄓𑄢𑄴",
            "islamic-civil": "𑄃𑄨𑄥𑄴𑄣𑄟𑄨𑄇𑄴-𑄥𑄨𑄞𑄨𑄣𑄴 𑄝𑄧𑄢𑄴𑄥𑄧𑄛𑄧𑄚𑄴𑄏𑄩",
            "islamic-rgsa": "islamic-rgsa",
            "islamic-tbla": "islamic-tbla",
            "islamic-umalqura": "islamic-umalqura",
            "iso8601": "ISO-861 𑄇𑄳𑄠𑄣𑄬𑄚𑄴𑄓𑄢𑄴",
            "japanese": "𑄎𑄛𑄚𑄨 𑄇𑄳𑄠𑄣𑄬𑄚𑄴𑄓𑄢𑄴",
            "persian": "𑄜𑄢𑄴𑄥𑄨 𑄇𑄳𑄠𑄣𑄬𑄚𑄴𑄓𑄢𑄴",
            "roc": "𑄟𑄨𑄁𑄉𑄪𑄃𑄮 𑄇𑄳𑄠𑄣𑄬𑄚𑄴𑄓𑄢𑄴"
          },
          "cf": {
            "account": "𑄑𑄬𑄋𑄛𑄧𑄠𑄴𑄎𑄳𑄠 𑄃𑄨𑄏𑄬𑄝𑄧𑄢𑄴 𑄚𑄨𑄠𑄮𑄟𑄴",
            "standard": "𑄟𑄚𑄧𑄇𑄴 𑄑𑄬𑄋𑄛𑄧𑄠𑄴𑄎𑄳𑄠𑄢𑄴 𑄚𑄨𑄠𑄮𑄟𑄴"
          },
          "colAlternate": {
            "non-ignorable": "𑄍𑄪𑄝𑄨 𑄝𑄬𑄭𑄣𑄧𑄚",
            "shifted": "𑄝𑄌𑄴𑄥𑄬𑄭𑄗𑄚 𑄍𑄪𑄝𑄨 𑄝𑄬𑄭𑄣𑄧𑄚"
          },
          "colBackwards": {
            "no": "𑄢𑄳𑄦𑄧𑄉𑄪𑄚𑄴 𑄃𑄧𑄎𑄬𑄃𑄧𑄌𑄴𑄥𑄳𑄠𑄉𑄧𑄢𑄨 𑄝𑄬𑄭𑄣𑄧𑄚",
            "yes": "𑄢𑄳𑄦𑄧𑄉𑄪𑄚𑄴 𑄅𑄪𑄣𑄴𑄣𑄮𑄛𑄣𑄳𑄦𑄴 𑄉𑄧𑄢𑄨 𑄝𑄬𑄭𑄣𑄧𑄚"
          },
          "colCaseFirst": {
            "lower": "𑄜𑄪𑄣𑄴𑄣𑄳𑄠𑄬 𑄥𑄨𑄉𑄮𑄚𑄴 𑄦𑄘𑄧𑄢𑄴 𑄦𑄧𑄢𑄧𑄇𑄴 𑄝𑄬𑄭𑄣𑄧𑄚",
            "no": "𑄃𑄧𑄎𑄬𑄃𑄧𑄌𑄴 𑄇𑄬𑄥𑄴 𑄇𑄳𑄢𑄧𑄟𑄴 𑄝𑄬𑄭𑄣𑄧𑄚",
            "upper": "𑄜𑄪𑄣𑄴𑄣𑄳𑄠𑄬 𑄝𑄧𑄢𑄧𑄦𑄘𑄧𑄢𑄴 𑄦𑄧𑄢𑄧𑄇𑄴 𑄝𑄬𑄭𑄣𑄧𑄚"
          },
          "colCaseLevel": {
            "no": "𑄇𑄬𑄥𑄴 𑄃𑄧𑄥𑄧𑄁𑄝𑄬𑄘𑄩 𑄝𑄬𑄭𑄣𑄧𑄚",
            "yes": "𑄇𑄬𑄥𑄴 𑄥𑄧𑄁𑄝𑄘𑄩 𑄝𑄬𑄭𑄣𑄧𑄚"
          },
          "collation": {
            "big5han": "𑄛𑄳𑄢𑄧𑄗𑄉𑄧𑄖𑄧 𑄌𑄩𑄚 𑄥𑄧𑄎𑄴𑄎𑄇𑄳𑄢𑄟𑄴-𑄝𑄨𑄉𑄴𑄻",
            "compat": "compat",
            "dictionary": "𑄇𑄧𑄙𑄖𑄢 𑄝𑄬𑄭𑄣𑄧𑄚𑄢𑄴 𑄚𑄨𑄠𑄮𑄟𑄴",
            "ducet": "𑄓𑄨𑄜𑄧𑄣𑄴𑄑𑄴 𑄃𑄨𑄃𑄪𑄚𑄨𑄇𑄮𑄓𑄴 𑄝𑄬𑄭𑄣𑄧𑄚",
            "emoji": "emoji",
            "eor": "eor",
            "gb2312han": "𑄃𑄧𑄎𑄬𑄃𑄧𑄌𑄴 𑄌𑄩𑄚 𑄥𑄎𑄚-𑄎𑄨𑄝𑄨𑄸𑄹𑄷𑄸",
            "phonebook": "𑄜𑄮𑄚𑄴𑄝𑄪𑄇𑄴 𑄥𑄎𑄚",
            "phonetic": "𑄢𑄳𑄦𑄧 𑄝𑄬𑄭𑄣𑄧𑄚",
            "pinyin": "𑄛𑄨𑄚𑄨𑄚𑄴 𑄥𑄎𑄚",
            "reformed": "𑄢𑄨𑄜𑄧𑄟𑄴𑄓𑄨 𑄝𑄬𑄭𑄣𑄧𑄚",
            "search": "𑄃𑄧𑄎𑄧𑄃𑄧𑄌𑄴-𑄅𑄪𑄘𑄨𑄌𑄴𑄥𑄳𑄠 𑄖𑄮𑄉𑄚",
            "searchjl": "𑄦𑄋𑄴𑄉𑄪𑄣𑄴 𑄛𑄧𑄖𑄴𑄗𑄧𑄟𑄴 𑄝𑄧𑄣𑄬𑄟𑄖𑄳𑄠𑄬 𑄦𑄧𑄢𑄧𑄇𑄴 𑄘𑄨𑄚𑄬𑄭 𑄖𑄮𑄉𑄚",
            "standard": "𑄉𑄧𑄟𑄴 𑄘𑄮𑄣𑄴 𑄝𑄬𑄭𑄣𑄧𑄚",
            "stroke": "𑄊𑄪𑄎𑄳𑄠𑄛𑄪𑄏𑄳𑄠 𑄥𑄎𑄬𑄭𑄗𑄧𑄚",
            "traditional": "𑄛𑄳𑄢𑄧𑄗𑄉𑄧𑄖𑄧 𑄝𑄬𑄭𑄣𑄧𑄚",
            "unihan": "𑄢𑄓𑄨𑄇𑄬𑄣𑄴 𑄃𑄨𑄌𑄴𑄑𑄳𑄢𑄮𑄇𑄴 𑄝𑄬𑄭𑄣𑄧𑄚",
            "zhuyin": "zhuyin"
          },
          "colNormalization": {
            "no": "𑄃𑄧𑄎𑄬𑄃𑄧𑄌𑄴 𑄍𑄢 𑄝𑄬𑄭𑄣𑄧𑄚",
            "yes": "𑄃𑄧𑄎𑄬𑄃𑄧𑄌𑄴 𑄃𑄨𑄃𑄪𑄚𑄨𑄇𑄮𑄓𑄴 𑄝𑄬𑄭𑄣𑄧𑄚"
          },
          "colNumeric": {
            "no": "𑄚𑄘 𑄜𑄢𑄧𑄇𑄴𑄉𑄧𑄢𑄨 𑄝𑄬𑄭𑄣𑄧𑄚",
            "yes": "𑄚𑄘 𑄚𑄘𑄘𑄬𑄇𑄳𑄠 𑄝𑄬𑄭𑄣𑄧𑄚"
          },
          "colStrength": {
            "identical": "𑄝𑄬𑄇𑄴𑄅𑄚𑄴 𑄝𑄬𑄭𑄣𑄧𑄚",
            "primary": "𑄝𑄚 𑄜𑄪𑄣𑄴𑄣𑄳𑄠 𑄦𑄧𑄢𑄧𑄇𑄴𑄅𑄚𑄴 𑄝𑄬𑄭𑄣𑄧𑄚",
            "quaternary": "𑄢𑄳𑄦𑄧/𑄇𑄬𑄥𑄴/𑄃𑄮𑄏𑄢𑄴/𑄇𑄚 𑄝𑄬𑄭𑄣𑄧𑄚",
            "secondary": "𑄢𑄳𑄦𑄧 𑄝𑄬𑄭𑄣𑄧𑄚",
            "tertiary": "𑄢𑄳𑄦𑄧/𑄇𑄬𑄥𑄴/𑄃𑄮𑄏𑄢𑄴 𑄝𑄬𑄭𑄣𑄧𑄚"
          },
          "d0": {
            "fwidth": "𑄛𑄪𑄢𑄮𑄃𑄮𑄏𑄢𑄴",
            "hwidth": "𑄃𑄧𑄖𑄴𑄘𑄬𑄇𑄴 𑄃𑄮𑄏𑄢𑄴",
            "npinyin": "𑄚𑄘𑄝𑄝𑄧𑄖𑄳𑄠"
          },
          "hc": {
            "h11": "𑄷𑄸 𑄊𑄧𑄚𑄴𑄑𑄢𑄴 𑄦𑄨𑄏𑄬𑄛𑄴 (𑄶-𑄷𑄷)",
            "h12": "𑄷𑄸 𑄊𑄧𑄚𑄴𑄑𑄢𑄴 𑄦𑄨𑄏𑄬𑄛𑄴 (𑄷-𑄷𑄸)",
            "h23": "𑄸𑄺 𑄊𑄧𑄚𑄴𑄑𑄢𑄴 𑄦𑄨𑄏𑄬𑄛𑄴(𑄷-𑄸𑄹)",
            "h24": "𑄸𑄺 𑄊𑄧𑄚𑄴𑄑𑄢𑄴 𑄦𑄨𑄏𑄬𑄛𑄴 (𑄷-𑄸𑄺)"
          },
          "lb": {
            "loose": "𑄃𑄣𑄴𑄉 𑄣𑄭𑄚𑄴 𑄜𑄢𑄧𑄉𑄧𑄢𑄴 𑄚𑄨𑄠𑄮𑄟𑄴",
            "normal": "𑄃𑄧𑄎𑄬𑄃𑄧𑄌𑄴 𑄣𑄭𑄚𑄴 𑄜𑄢𑄧𑄉𑄧𑄢𑄴 𑄚𑄨𑄠𑄮𑄟𑄴",
            "strict": "𑄑𑄭𑄑𑄴 𑄣𑄭𑄚𑄴 𑄜𑄢𑄧𑄉𑄧𑄢𑄴 𑄚𑄨𑄠𑄮𑄟𑄴"
          },
          "m0": {
            "bgn": "𑄝𑄨𑄎𑄨𑄃𑄬𑄚𑄴",
            "ungegn": "𑄃𑄚𑄴𑄎𑄨𑄃𑄨𑄎𑄨𑄃𑄬𑄚𑄴"
          },
          "ms": {
            "metric": "𑄟𑄬𑄑𑄳𑄢𑄨𑄇𑄴 𑄥𑄨𑄥𑄴𑄑𑄬𑄟𑄴",
            "uksystem": "𑄃𑄨𑄟𑄴𑄛𑄬𑄢𑄨𑄠𑄣𑄴 𑄟𑄝𑄧𑄢𑄴 𑄥𑄨𑄥𑄴𑄑𑄬𑄟𑄴",
            "ussystem": "𑄟𑄢𑄴𑄇𑄨𑄚𑄴 𑄎𑄧𑄙𑄢𑄬𑄌𑄴𑄎𑄮𑄢𑄴 𑄟𑄝𑄧𑄢𑄴 𑄥𑄨𑄥𑄴𑄑𑄬𑄟𑄴"
          },
          "numbers": {
            "ahom": "ahom",
            "arab": "𑄃𑄢𑄧𑄝𑄨-𑄞𑄢𑄨𑄖𑄩𑄠𑄧 𑄚𑄘",
            "arabext": "𑄍𑄧𑄢𑄨𑄠𑄬 𑄍𑄨𑄖𑄴𑄖𑄳𑄠𑄬 𑄃𑄢𑄧𑄝𑄨-𑄞𑄢𑄧𑄖𑄩𑄠 𑄚𑄘",
            "armn": "𑄃𑄢𑄴𑄟𑄬𑄚𑄩𑄠𑄧 𑄚𑄘",
            "armnlow": "𑄃𑄢𑄴𑄟𑄬𑄚𑄩𑄠𑄧 𑄌𑄨𑄉𑄮𑄚𑄴 𑄦𑄘𑄧𑄢𑄴 𑄚𑄘",
            "bali": "bali",
            "beng": "𑄝𑄁𑄣 𑄚𑄘",
            "brah": "brah",
            "cakm": "cakm",
            "cham": "cham",
            "cyrl": "cyrl",
            "deva": "𑄘𑄬𑄝𑄧𑄚𑄉𑄧𑄢𑄨 𑄚𑄘",
            "ethi": "𑄃𑄨𑄗𑄨𑄠𑄮𑄛𑄇𑄴 𑄚𑄘",
            "finance": "𑄃𑄧𑄢𑄴𑄗𑄧𑄚𑄨𑄖𑄨𑄇𑄴 𑄚𑄘𑄝𑄝𑄧𑄖𑄳𑄠",
            "fullwide": "𑄛𑄪𑄢𑄮 𑄃𑄧𑄏𑄢𑄴 𑄚𑄘𑄨",
            "geor": "𑄎𑄧𑄢𑄴𑄎𑄨𑄠𑄚𑄴 𑄚𑄘",
            "gonm": "gonm",
            "grek": "𑄉𑄳𑄢𑄨𑄇𑄴 𑄚𑄘𑄨",
            "greklow": "𑄉𑄳𑄢𑄨𑄇𑄴 𑄌𑄨𑄉𑄮𑄚𑄴 𑄦𑄘𑄧𑄢𑄴 𑄚𑄘",
            "gujr": "𑄉𑄪𑄎𑄴𑄢𑄖𑄨 𑄚𑄘",
            "guru": "𑄉𑄪𑄢𑄪𑄟𑄪𑄈𑄨 𑄚𑄘",
            "hanidec": "𑄌𑄳𑄆𑄚𑄨𑄇 𑄜𑄪𑄘𑄮 𑄚𑄘",
            "hans": "𑄅𑄪𑄎𑄪𑄅𑄪𑄎𑄪 𑄌𑄳𑄆𑄚𑄨𑄇𑄴 𑄚𑄘",
            "hansfin": "𑄅𑄪𑄎𑄪𑄅𑄎𑄪 𑄌𑄳𑄆𑄚𑄨𑄇𑄴 𑄑𑄬𑄋 𑄚𑄘",
            "hant": "𑄢𑄨𑄘𑄨𑄥𑄪𑄘𑄮𑄟𑄴 𑄌𑄳𑄆𑄚𑄨𑄇𑄴 𑄚𑄘",
            "hantfin": "𑄢𑄨𑄘𑄨𑄥𑄪𑄘𑄮𑄟𑄴 𑄌𑄳𑄆𑄚𑄨𑄇𑄴 𑄑𑄬𑄋 𑄚𑄘",
            "hebr": "𑄦𑄨𑄝𑄳𑄢𑄪 𑄚𑄘𑄨",
            "hmng": "hmng",
            "java": "java",
            "jpan": "𑄎𑄛𑄚𑄨 𑄚𑄘",
            "jpanfin": "𑄎𑄛𑄚𑄨 𑄑𑄬𑄋 𑄚𑄘",
            "kali": "kali",
            "khmr": "𑄈𑄬𑄟𑄬𑄢𑄴 𑄚𑄘",
            "knda": "𑄇𑄧𑄚𑄴𑄚𑄧𑄢𑄴 𑄚𑄘",
            "lana": "lana",
            "lanatham": "lanatham",
            "laoo": "𑄣𑄃𑄮 𑄚𑄘",
            "latn": "𑄃𑄮𑄠𑄬𑄌𑄴𑄑𑄢𑄴𑄚𑄴 𑄓𑄨𑄎𑄨𑄑𑄴",
            "lepc": "lepc",
            "limb": "limb",
            "mathbold": "mathbold",
            "mathdbl": "mathdbl",
            "mathmono": "mathmono",
            "mathsanb": "mathsanb",
            "mathsans": "mathsans",
            "mlym": "𑄟𑄣𑄴𑄠𑄣𑄧𑄟𑄴 𑄚𑄘",
            "modi": "modi",
            "mong": "𑄟𑄧𑄋𑄴𑄉𑄮𑄣𑄩𑄠𑄧 𑄚𑄘",
            "mroo": "mroo",
            "mtei": "mtei",
            "mymr": "𑄟𑄠𑄚𑄴𑄟𑄢𑄴 𑄚𑄘",
            "mymrshan": "mymrshan",
            "mymrtlng": "mymrtlng",
            "native": "𑄃𑄟𑄧𑄚𑄧 𑄎𑄉𑄢𑄴 𑄚𑄘𑄨",
            "nkoo": "nkoo",
            "olck": "olck",
            "orya": "𑄃𑄮𑄢𑄨𑄠 𑄚𑄘",
            "osma": "osma",
            "roman": "𑄢𑄮𑄟𑄚𑄴 𑄚𑄘",
            "romanlow": "𑄢𑄮𑄟𑄚𑄴 𑄌𑄨𑄉𑄮𑄚𑄴 𑄦𑄘𑄧𑄢𑄴 𑄚𑄘",
            "saur": "saur",
            "shrd": "shrd",
            "sind": "sind",
            "sinh": "sinh",
            "sora": "sora",
            "sund": "sund",
            "takr": "takr",
            "talu": "talu",
            "taml": "𑄢𑄨𑄘𑄨𑄥𑄪𑄘𑄮𑄟𑄴 𑄖𑄟𑄨𑄣𑄴 𑄚𑄘",
            "tamldec": "𑄖𑄟𑄨𑄣 𑄚𑄘",
            "telu": "𑄖𑄬𑄣𑄪𑄉𑄪 𑄚𑄘",
            "thai": "𑄗𑄭 𑄚𑄘",
            "tibt": "𑄖𑄨𑄛𑄴𑄝𑄧𑄖𑄨 𑄚𑄘",
            "tirh": "tirh",
            "traditional": "𑄢𑄨𑄘𑄨𑄥𑄪𑄘𑄮𑄟𑄴 𑄚𑄘𑄝𑄝𑄧𑄖𑄳𑄠",
            "vaii": "𑄞𑄭 𑄚𑄘",
            "wara": "wara"
          }
        },
        "codePatterns": {
          "language": "𑄞𑄌𑄴: {0}",
          "script": "𑄦𑄧𑄢𑄧𑄇𑄴: {0}",
          "territory": "𑄎𑄉: {0}"
        }
      }
    }
  }
}
