{
  "main": {
    "ccp": {
      "identity": {
        "version": {
          "_number": "$Revision: 13751 $",
          "_cldrVersion": "32"
        },
        "language": "ccp"
      },
      "localeDisplayNames": {
        "scripts": {
          "Adlm": "Adlm",
          "Aghb": "Aghb",
          "Ahom": "Ahom",
          "Arab": "𑄃𑄢𑄧𑄝𑄨",
          "Arab-alt-variant": "𑄜𑄢𑄴𑄥𑄨-𑄃𑄢𑄧𑄝𑄨",
          "Armi": "𑄃𑄢𑄧𑄟𑄨",
          "Armn": "𑄃𑄢𑄴𑄟𑄬𑄚𑄩𑄠𑄧",
          "Avst": "𑄃𑄞𑄬𑄥𑄧𑄖𑄚𑄴",
          "Bali": "𑄝𑄣𑄩𑄠𑄧",
          "Bamu": "Bamu",
          "Bass": "Bass",
          "Batk": "𑄖𑄑𑄇𑄴",
          "Beng": "𑄝𑄁𑄣",
          "Bhks": "Bhks",
          "Blis": "𑄝𑄳𑄣𑄨𑄌𑄴𑄛𑄳𑄢𑄧𑄖𑄩𑄇𑄴",
          "Bopo": "𑄝𑄮𑄛𑄮𑄟𑄮𑄜𑄮",
          "Brah": "𑄝𑄳𑄢𑄟𑄴𑄦𑄴𑄟𑄩",
          "Brai": "𑄝𑄳𑄢𑄳𑄆𑄬𑄣𑄴",
          "Bugi": "𑄝𑄪𑄉𑄨",
          "Buhd": "𑄝𑄪𑄦𑄨𑄓𑄴",
          "Cakm": "𑄌𑄋𑄴𑄟𑄳𑄦",
          "Cans": "𑄎𑄧𑄙 𑄇𑄚𑄓𑄨𑄠𑄚𑄴 𑄃𑄳𑄠𑄝𑄳𑄢𑄮𑄎𑄨𑄚𑄨𑄠𑄚𑄴 𑄥𑄨𑄣𑄬𑄝𑄨𑄇𑄴𑄥𑄧",
          "Cari": "𑄇𑄳𑄠𑄢𑄨𑄠𑄚𑄴",
          "Cham": "𑄌𑄳𑄠𑄟𑄴",
          "Cher": "𑄌𑄬𑄇𑄮𑄇𑄨",
          "Cirt": "𑄇𑄨𑄢𑄴𑄑𑄧",
          "Copt": "𑄇𑄮𑄛𑄴𑄑𑄨𑄇𑄴",
          "Cprt": "𑄥𑄭𑄛𑄳𑄢𑄮𑄠𑄬𑄖𑄴",
          "Cyrl": "𑄥𑄨𑄢𑄨𑄣𑄨𑄇𑄴",
          "Cyrs": "𑄛𑄪𑄢𑄮𑄚𑄨 𑄌𑄢𑄴𑄌𑄧 𑄥𑄳𑄣𑄞𑄮𑄚𑄨𑄇𑄴 𑄥𑄨𑄢𑄨𑄣𑄨𑄇𑄴",
          "Deva": "𑄘𑄬𑄛𑄴𑄚𑄉𑄧𑄢𑄨",
          "Dsrt": "𑄘𑄬𑄥𑄬𑄢𑄖𑄴",
          "Dupl": "Dupl",
          "Egyd": "𑄟𑄨𑄥𑄧𑄢𑄩𑄠𑄧 𑄓𑄬𑄟𑄮𑄑𑄨𑄇𑄴",
          "Egyh": "𑄟𑄨𑄥𑄧𑄢𑄩𑄠𑄧 𑄦𑄠𑄴𑄢𑄬𑄑𑄨𑄇𑄴",
          "Egyp": "𑄟𑄨𑄥𑄧𑄢𑄩𑄠𑄧 𑄦𑄠𑄢𑄮𑄉𑄳𑄣𑄨𑄛𑄴",
          "Elba": "Elba",
          "Ethi": "𑄃𑄨𑄗𑄨𑄃𑄮𑄛𑄨𑄠𑄧",
          "Geok": "𑄎𑄧𑄢𑄴𑄎𑄨𑄠𑄧 𑄈𑄪𑄖𑄴𑄥𑄪𑄢𑄨",
          "Geor": "𑄎𑄧𑄢𑄴𑄎𑄨𑄠𑄚𑄴",
          "Glag": "𑄉𑄳𑄣𑄉𑄮𑄣𑄨𑄑𑄨𑄇𑄴",
          "Gonm": "Gonm",
          "Goth": "𑄉𑄮𑄗𑄨𑄇𑄴",
          "Gran": "Gran",
          "Grek": "𑄉𑄳𑄢𑄨𑄇𑄴",
          "Gujr": "𑄉𑄪𑄎𑄴𑄢𑄑𑄨",
          "Guru": "𑄉𑄪𑄢𑄪𑄟𑄪𑄈𑄨",
          "Hanb": "𑄦𑄳𑄠𑄚𑄴𑄝𑄨",
          "Hang": "𑄦𑄋𑄴𑄉𑄪𑄣𑄴",
          "Hani": "𑄦𑄳𑄠𑄚𑄴",
          "Hano": "𑄦𑄳𑄠𑄚𑄪𑄚𑄪",
          "Hans": "𑄅𑄪𑄎𑄪𑄅𑄪𑄏𑄫",
          "Hans-alt-stand-alone": "𑄅𑄪𑄎𑄪𑄅𑄪𑄏𑄪 𑄦𑄳𑄠𑄚𑄴",
          "Hant": "𑄢𑄨𑄘𑄨𑄥𑄪𑄘𑄮𑄟𑄴",
          "Hant-alt-stand-alone": "𑄢𑄨𑄘𑄨𑄥𑄪𑄘𑄮𑄟𑄴 𑄦𑄳𑄠𑄚𑄴",
          "Hatr": "Hatr",
          "Hebr": "𑄦𑄨𑄛𑄴𑄝𑄳𑄢𑄪",
          "Hira": "𑄦𑄨𑄢𑄉𑄚",
          "Hluw": "Hluw",
          "Hmng": "𑄜𑄦𑄃𑄮𑄟𑄧𑄋𑄴",
          "Hrkt": "𑄎𑄛𑄚𑄨 𑄦𑄧𑄢𑄧𑄇𑄴",
          "Hung": "𑄛𑄪𑄢𑄮𑄚𑄴 𑄦𑄋𑄴𑄉𑄬𑄢𑄨𑄠𑄧",
          "Inds": "𑄥𑄨𑄚𑄴𑄙𑄪",
          "Ital": "𑄛𑄪𑄢𑄮𑄚𑄩 𑄃𑄨𑄖𑄣𑄨",
          "Jamo": "𑄎𑄳𑄠𑄟𑄮",
          "Java": "𑄎𑄞𑄚𑄨𑄎𑄴",
          "Jpan": "𑄎𑄛𑄚𑄩",
          "Kali": "𑄇𑄠𑄦𑄧𑄣𑄨",
          "Kana": "𑄇𑄑𑄇𑄚",
          "Khar": "𑄈𑄢𑄮𑄌𑄴𑄒𑄩",
          "Khmr": "𑄈𑄬𑄟𑄬𑄢𑄴",
          "Khoj": "Khoj",
          "Knda": "𑄇𑄚𑄢",
          "Kore": "𑄇𑄮𑄢𑄨𑄠𑄚𑄴",
          "Kthi": "𑄇𑄭𑄗𑄨",
          "Lana": "𑄣𑄚𑄳𑄦",
          "Laoo": "𑄣𑄃𑄮",
          "Latf": "𑄜𑄳𑄢𑄇𑄴𑄑𑄪𑄢𑄴 𑄣𑄳𑄠𑄑𑄨𑄚𑄴",
          "Latg": "𑄉𑄳𑄠𑄣𑄨𑄇𑄴 𑄣𑄳𑄠𑄑𑄨𑄚𑄴",
          "Latn": "𑄣𑄳𑄠𑄑𑄨𑄚𑄴",
          "Lepc": "𑄣𑄬𑄛𑄴𑄌",
          "Limb": "𑄣𑄨𑄟𑄴𑄝𑄪",
          "Lina": "𑄣𑄨𑄚𑄨𑄠𑄢𑄴 𑄆",
          "Linb": "𑄣𑄨𑄚𑄨𑄠𑄢𑄴 𑄝𑄨",
          "Lisu": "Lisu",
          "Lyci": "𑄣𑄭𑄥𑄨𑄠𑄚𑄴",
          "Lydi": "𑄣𑄭𑄓𑄨𑄠𑄚𑄴",
          "Mahj": "Mahj",
          "Mand": "𑄟𑄳𑄠𑄚𑄴𑄓𑄠𑄩𑄚𑄴",
          "Mani": "𑄟𑄳𑄠𑄚𑄨𑄌𑄭𑄚𑄴",
          "Marc": "Marc",
          "Maya": "𑄟𑄠𑄚𑄴 𑄦𑄠𑄢𑄮𑄉𑄳𑄣𑄨𑄛𑄴",
          "Mend": "Mend",
          "Merc": "Merc",
          "Mero": "𑄟𑄬𑄢𑄮𑄃𑄨𑄑𑄨𑄇𑄴",
          "Mlym": "𑄟𑄣𑄠𑄣𑄟𑄴",
          "Modi": "Modi",
          "Mong": "𑄟𑄮𑄋𑄴𑄉𑄮𑄣𑄩𑄠𑄧",
          "Moon": "𑄟𑄪𑄚𑄴",
          "Mroo": "Mroo",
          "Mtei": "𑄟𑄳𑄆𑄬𑄑𑄳𑄆𑄬 𑄟𑄠𑄬𑄇𑄴",
          "Mult": "Mult",
          "Mymr": "𑄟𑄠𑄚𑄴𑄟𑄢𑄴",
          "Narb": "Narb",
          "Nbat": "Nbat",
          "Newa": "Newa",
          "Nkoo": "𑄃𑄬𑄚𑄴𑄇𑄮",
          "Nshu": "Nshu",
          "Ogam": "𑄃𑄮𑄊𑄟𑄴",
          "Olck": "𑄃𑄮𑄣𑄴𑄌𑄨𑄇𑄨",
          "Orkh": "𑄃𑄧𑄢𑄴𑄈𑄮𑄚𑄴",
          "Orya": "𑄃𑄮𑄢𑄨𑄠",
          "Osge": "Osge",
          "Osma": "𑄃𑄮𑄥𑄟𑄚𑄨𑄠𑄧",
          "Palm": "Palm",
          "Pauc": "Pauc",
          "Perm": "𑄛𑄪𑄢𑄮𑄚𑄴 𑄛𑄢𑄴𑄟𑄨𑄇𑄴",
          "Phag": "𑄜𑄧𑄉𑄴𑄥𑄧-𑄛",
          "Phli": "𑄈𑄧𑄘𑄨𑄖𑄧 𑄛𑄳𑄦𑄣𑄧𑄞𑄩",
          "Phlp": "𑄥𑄧𑄣𑄴𑄑𑄢𑄴 𑄛𑄳𑄦𑄣𑄧𑄞𑄩",
          "Phlv": "𑄛𑄪𑄌𑄴𑄖𑄧𑄇𑄴 𑄛𑄳𑄦𑄣𑄧𑄞𑄩",
          "Phnx": "𑄜𑄨𑄚𑄨𑄥𑄩𑄠𑄧",
          "Plrd": "𑄛𑄮𑄣𑄢𑄴𑄓𑄧 𑄙𑄧𑄚𑄨𑄇𑄴",
          "Prti": "𑄛𑄢𑄴𑄗𑄨𑄠𑄧𑄚𑄴",
          "Rjng": "𑄢𑄬𑄎𑄳𑄠𑄋𑄴𑄉𑄧",
          "Roro": "𑄢𑄮𑄋𑄴𑄉𑄮𑄢𑄮𑄋𑄴𑄉𑄮",
          "Runr": "𑄢𑄪𑄚𑄨𑄇𑄴",
          "Samr": "𑄥𑄧𑄟𑄬𑄢𑄨𑄑𑄧𑄚𑄴",
          "Sara": "𑄥𑄢𑄖𑄨",
          "Sarb": "Sarb",
          "Saur": "𑄥𑄯𑄢𑄌𑄴𑄑𑄳𑄢𑄧",
          "Sgnw": "𑄌𑄨𑄚𑄴𑄦𑄧 𑄣𑄨𑄈𑄧𑄚𑄴",
          "Shaw": "𑄥𑄞𑄨𑄠𑄚𑄴",
          "Shrd": "Shrd",
          "Sidd": "Sidd",
          "Sind": "Sind",
          "Sinh": "𑄥𑄨𑄁𑄦𑄧𑄣𑄨",
          "Sora": "Sora",
          "Soyo": "Soyo",
          "Sund": "𑄥𑄚𑄴𑄘𑄚𑄨𑄎𑄴",
          "Sylo": "𑄥𑄨𑄣𑄬𑄑𑄨 𑄚𑄉𑄧𑄢𑄨",
          "Syrc": "𑄥𑄨𑄢𑄨𑄠𑄇𑄴",
          "Syre": "𑄃𑄬𑄌𑄴𑄑𑄳𑄢𑄬𑄋𑄴𑄉𑄬𑄣𑄮 𑄥𑄨𑄢𑄨𑄠𑄇𑄴",
          "Syrj": "𑄛𑄧𑄏𑄨𑄟𑄴𑄎𑄉𑄢𑄴 𑄥𑄨𑄢𑄨𑄠𑄇𑄴",
          "Syrn": "𑄛𑄪𑄇𑄴𑄎𑄉𑄧𑄢𑄴 𑄥𑄨𑄢𑄨𑄠𑄇𑄴",
          "Tagb": "𑄑𑄉𑄮𑄤𑄚",
          "Takr": "Takr",
          "Tale": "𑄖𑄭𑄣𑄬",
          "Talu": "𑄚𑄱 𑄖𑄭 𑄣𑄪",
          "Taml": "𑄖𑄟𑄨𑄣𑄴",
          "Tang": "Tang",
          "Tavt": "𑄖𑄭 𑄞𑄨𑄠𑄬𑄖𑄴",
          "Telu": "𑄖𑄬𑄣𑄬𑄉𑄪",
          "Teng": "𑄖𑄬𑄋𑄴𑄉𑄮𑄠𑄢𑄴",
          "Tfng": "𑄖𑄨𑄜𑄨𑄚𑄉𑄴",
          "Tglg": "𑄑𑄉𑄣𑄧𑄉𑄴",
          "Thaa": "𑄗𑄚",
          "Thai": "𑄗𑄭",
          "Tibt": "𑄖𑄨𑄛𑄴𑄝𑄧𑄖𑄨",
          "Tirh": "Tirh",
          "Ugar": "𑄅𑄪𑄉𑄢𑄨𑄑𑄨𑄇𑄴",
          "Vaii": "𑄞𑄭",
          "Visp": "𑄘𑄬𑄉𑄧𑄎𑄭𑄘𑄳𑄠𑄬 𑄞𑄌𑄴",
          "Wara": "Wara",
          "Xpeo": "𑄛𑄪𑄢𑄮𑄚𑄴 𑄜𑄢𑄴𑄥𑄨",
          "Xsux": "𑄥𑄪𑄟𑄬𑄢𑄧-𑄃𑄇𑄳𑄇𑄘𑄩𑄠𑄧 𑄇𑄩𑄣𑄧𑄇𑄴𑄢𑄪𑄛𑄴",
          "Yiii": "𑄅𑄪𑄃𑄨",
          "Zanb": "Zanb",
          "Zinh": "𑄇𑄭",
          "Zmth": "𑄚𑄘𑄞𑄬𑄖𑄴 𑄌𑄨𑄚𑄴𑄦𑄧",
          "Zsye": "𑄃𑄨𑄟𑄮𑄎𑄨",
          "Zsym": "𑄍𑄪𑄝𑄨𑄉𑄪𑄚𑄴",
          "Zxxx": "𑄚𑄧𑄣𑄬𑄇𑄴𑄈𑄳𑄠𑄬",
          "Zyyy": "𑄃𑄧𑄎𑄬𑄃𑄧𑄌𑄴",
          "Zzzz": "𑄦𑄧𑄝𑄧𑄢𑄴𑄚𑄧𑄛𑄨𑄠𑄬 𑄦𑄧𑄢𑄧𑄇𑄴"
        }
      }
    }
  }
}
