{
  "main": {
    "bez": {
      "identity": {
        "version": {
          "_number": "$Revision: 13133 $",
          "_cldrVersion": "32"
        },
        "language": "bez"
      },
      "localeDisplayNames": {
        "territories": {
          "001": "001",
          "002": "002",
          "003": "003",
          "005": "005",
          "009": "009",
          "011": "011",
          "013": "013",
          "014": "014",
          "015": "015",
          "017": "017",
          "018": "018",
          "019": "019",
          "021": "021",
          "029": "029",
          "030": "030",
          "034": "034",
          "035": "035",
          "039": "039",
          "053": "053",
          "054": "054",
          "057": "057",
          "061": "061",
          "142": "142",
          "143": "143",
          "145": "145",
          "150": "150",
          "151": "151",
          "154": "154",
          "155": "155",
          "202": "202",
          "419": "419",
          "AC": "AC",
          "AD": "Huandola",
          "AE": "Hufalme dza Hihalabu",
          "AF": "Huafuganistani",
          "AG": "Huantigua na Hubarubuda",
          "AI": "Huanguila",
          "AL": "Hualbania",
          "AM": "Huamenia",
          "AO": "Huangola",
          "AQ": "AQ",
          "AR": "Huajendina",
          "AS": "Husamoa ya Humalekani",
          "AT": "Huastlia",
          "AU": "Huaustlalia",
          "AW": "Hualuba",
          "AX": "AX",
          "AZ": "Huazabajani",
          "BA": "Hubosinia na Huhezegovina",
          "BB": "Hubabadosi",
          "BD": "Hubangaladeshi",
          "BE": "Huubelgiji",
          "BF": "Hubukinafaso",
          "BG": "Hubulgaria",
          "BH": "Hubahaleni",
          "BI": "Huburundi",
          "BJ": "Hubenini",
          "BL": "BL",
          "BM": "Hubelmuda",
          "BN": "Hubrunei",
          "BO": "Hubolivia",
          "BQ": "BQ",
          "BR": "Hublazili",
          "BS": "Hubahama",
          "BT": "Hubutani",
          "BV": "BV",
          "BW": "Hubotiswana",
          "BY": "Hubelalusi",
          "BZ": "Hubelize",
          "CA": "Hukanada",
          "CC": "CC",
          "CD": "Ijamhuri ya Hidemokrasi ya Hukongo",
          "CD-alt-variant": "CD",
          "CF": "Ijamhuri ya Afrika ya Pagati",
          "CG": "Hukongo",
          "CG-alt-variant": "CG",
          "CH": "Huuswisi",
          "CI": "Hukodivaa",
          "CI-alt-variant": "CI",
          "CK": "Ifisima fya Kook",
          "CL": "Huchile",
          "CM": "Hukameruni",
          "CN": "Huchina",
          "CO": "Hukolombia",
          "CP": "CP",
          "CR": "Hukostarika",
          "CU": "Hukuba",
          "CV": "Hukepuvede",
          "CW": "CW",
          "CX": "CX",
          "CY": "Hukuprosi",
          "CZ": "Ijamhuri ya Cheki",
          "CZ-alt-variant": "CZ",
          "DE": "Huujerumani",
          "DG": "DG",
          "DJ": "Hujibuti",
          "DK": "Hudenmaki",
          "DM": "Hudominika",
          "DO": "Ijamhuri ya Hudominika",
          "DZ": "Hualjelia",
          "EA": "EA",
          "EC": "Huekwado",
          "EE": "Huestonia",
          "EG": "Humisri",
          "EH": "EH",
          "ER": "Hueritrea",
          "ES": "Huhispania",
          "ET": "Huuhabeshi",
          "EU": "EU",
          "EZ": "EZ",
          "FI": "Huufini",
          "FJ": "Hufiji",
          "FK": "Ifisima fya Falkland",
          "FK-alt-variant": "FK",
          "FM": "Humikronesia",
          "FO": "FO",
          "FR": "Huufaransa",
          "GA": "Hugaboni",
          "GB": "Huuingereza",
          "GB-alt-short": "GB",
          "GD": "Hugrenada",
          "GE": "Hujojia",
          "GF": "Hugwiyana ya Huufaransa",
          "GG": "GG",
          "GH": "Hughana",
          "GI": "Hujiblalta",
          "GL": "Hujinlandi",
          "GM": "Hugambia",
          "GN": "Hujine",
          "GP": "Hugwadelupe",
          "GQ": "Huginekweta",
          "GR": "Huugiliki",
          "GS": "GS",
          "GT": "Hugwatemala",
          "GU": "Hugwam",
          "GW": "Huginebisau",
          "GY": "Huguyana",
          "HK": "HK",
          "HK-alt-short": "HK",
          "HM": "HM",
          "HN": "Huhondulasi",
          "HR": "Hukorasia",
          "HT": "Huhaiti",
          "HU": "Huhungalia",
          "IC": "IC",
          "ID": "Huindonesia",
          "IE": "Huayalandi",
          "IL": "Huislaheli",
          "IM": "IM",
          "IN": "Huindia",
          "IO": "Ulubali lwa Hubahari ya Hindi lwa Huingereza",
          "IQ": "Huilaki",
          "IR": "Huuajemi",
          "IS": "Huaislandi",
          "IT": "Huitalia",
          "JE": "JE",
          "JM": "Hujamaika",
          "JO": "Huyolodani",
          "JP": "Hujapani",
          "KE": "Hukenya",
          "KG": "Hukiligizistani",
          "KH": "Hukambodia",
          "KI": "Hukilibati",
          "KM": "Hukomoro",
          "KN": "Husantakitzi na Hunevis",
          "KP": "Hukolea Kaskazini",
          "KR": "Hukolea Kusini",
          "KW": "Hukuwaiti",
          "KY": "Ifisima fya Kayman",
          "KZ": "Hukazakistani",
          "LA": "Hulaosi",
          "LB": "Hulebanoni",
          "LC": "Husantalusia",
          "LI": "Hulishenteni",
          "LK": "Husirilanka",
          "LR": "Hulibelia",
          "LS": "Hulesoto",
          "LT": "Hulitwania",
          "LU": "Hulasembagi",
          "LV": "Hulativia",
          "LY": "Hulibiya",
          "MA": "Humoloko",
          "MC": "Humonako",
          "MD": "Humoldova",
          "ME": "ME",
          "MF": "MF",
          "MG": "Hubukini",
          "MH": "Ifisima fya Marshal",
          "MK": "Humasedonia",
          "MK-alt-variant": "MK",
          "ML": "Humali",
          "MM": "Humyama",
          "MN": "Humongolia",
          "MO": "MO",
          "MO-alt-short": "MO",
          "MP": "Ifisima fya Mariana fya Hukaskazini",
          "MQ": "Humartiniki",
          "MR": "Humolitania",
          "MS": "Humontserrati",
          "MT": "Humalta",
          "MU": "Humolisi",
          "MV": "Humodivu",
          "MW": "Humalawi",
          "MX": "Humeksiko",
          "MY": "Humalesia",
          "MZ": "Humusumbiji",
          "NA": "Hunamibia",
          "NC": "Hunyukaledonia",
          "NE": "Hunijeli",
          "NF": "Ihisima sha Norfok",
          "NG": "Hunijelia",
          "NI": "Hunikaragwa",
          "NL": "Huuholanzi",
          "NO": "Hunolwe",
          "NP": "Hunepali",
          "NR": "Hunauru",
          "NU": "Huniue",
          "NZ": "Hunyuzilandi",
          "OM": "Huomani",
          "PA": "Hupanama",
          "PE": "Hupelu",
          "PF": "Hupolinesia ya Huufaransa",
          "PG": "Hupapua",
          "PH": "Hufilipino",
          "PK": "Hupakistani",
          "PL": "Hupolandi",
          "PM": "Husantapieri na Humikeloni",
          "PN": "Hupitkaini",
          "PR": "Hupwetoriko",
          "PS": "Ulubali lwa Magharibi nu Gaza wa Hupalestina",
          "PS-alt-short": "PS",
          "PT": "Huuleno",
          "PW": "Hupalau",
          "PY": "Hupalagwai",
          "QA": "Hukatali",
          "QO": "QO",
          "RE": "Huliyunioni",
          "RO": "Hulomania",
          "RS": "RS",
          "RU": "Huulusi",
          "RW": "Hulwanda",
          "SA": "Husaudi",
          "SB": "Ifisima fya Solomon",
          "SC": "Hushelisheli",
          "SD": "Husudani",
          "SE": "Huuswidi",
          "SG": "Husingapoo",
          "SH": "Husantahelena",
          "SI": "Huslovenia",
          "SJ": "SJ",
          "SK": "Huslovakia",
          "SL": "Husiela Lioni",
          "SM": "Husamalino",
          "SN": "Husenegali",
          "SO": "Husomalia",
          "SR": "Husurinamu",
          "SS": "SS",
          "ST": "Husaotome na Huprinsipe",
          "SV": "Huelsavado",
          "SX": "SX",
          "SY": "Husilia",
          "SZ": "Huuswazi",
          "TA": "TA",
          "TC": "Ifisima fya Turki na Kaiko",
          "TD": "Huchadi",
          "TF": "TF",
          "TG": "Hutogo",
          "TH": "Hutailandi",
          "TJ": "Hutajikistani",
          "TK": "Hutokelau",
          "TL": "Hutimori ya Mashariki",
          "TL-alt-variant": "TL",
          "TM": "Huuturukimenistani",
          "TN": "Hutunisia",
          "TO": "Hutonga",
          "TR": "Huuturuki",
          "TT": "Hutrinad na Hutobago",
          "TV": "Hutuvalu",
          "TW": "Hutaiwani",
          "TZ": "Hutanzania",
          "UA": "Huukraini",
          "UG": "Huuganda",
          "UM": "UM",
          "UN": "UN",
          "US": "Humalekani",
          "US-alt-short": "US",
          "UY": "Huulugwai",
          "UZ": "Huuzibekistani",
          "VA": "Huvatikani",
          "VC": "Husantavisenti na Hugrenadini",
          "VE": "Huvenezuela",
          "VG": "Ifisima fya Virgin fya Huingereza",
          "VI": "Ifisima fya Virgin fya Humelekani",
          "VN": "Huvietinamu",
          "VU": "Huvanuatu",
          "WF": "Huwalis na Hufutuna",
          "WS": "Husamoa",
          "XK": "XK",
          "YE": "Huyemeni",
          "YT": "Humayotte",
          "ZA": "Huafrika iya Hukusini",
          "ZM": "Huzambia",
          "ZW": "Huzimbabwe",
          "ZZ": "ZZ"
        }
      }
    }
  }
}
