{
  "main": {
    "ckb": {
      "identity": {
        "version": {
          "_number": "$Revision: 13686 $",
          "_cldrVersion": "32"
        },
        "language": "ckb"
      },
      "localeDisplayNames": {
        "territories": {
          "001": "001",
          "002": "002",
          "003": "003",
          "005": "005",
          "009": "009",
          "011": "011",
          "013": "013",
          "014": "014",
          "015": "015",
          "017": "017",
          "018": "018",
          "019": "019",
          "021": "021",
          "029": "029",
          "030": "030",
          "034": "034",
          "035": "035",
          "039": "ئەورووپای باشووری",
          "053": "053",
          "054": "054",
          "057": "057",
          "061": "061",
          "142": "142",
          "143": "ئاسیای ناوەندی",
          "145": "ئاسیای ڕۆژاوا",
          "150": "150",
          "151": "151",
          "154": "154",
          "155": "155",
          "202": "202",
          "419": "419",
          "AC": "AC",
          "AD": "ئاندۆرا",
          "AE": "میرنشینە یەکگرتووە عەرەبییەکان",
          "AF": "ئەفغانستان",
          "AG": "ئانتیگوا و باربودا",
          "AI": "AI",
          "AL": "ئەڵبانیا",
          "AM": "ئەرمەنستان",
          "AO": "ئەنگۆلا",
          "AQ": "ئانتارکتیکا",
          "AR": "ئەرژەنتین",
          "AS": "ساموای ئەمەریکایی",
          "AT": "نەمسا",
          "AU": "ئوسترالیا",
          "AW": "ئارووبا",
          "AX": "AX",
          "AZ": "ئازەربایجان",
          "BA": "بۆسنیا و ھەرزەگۆڤینا",
          "BB": "باربادۆس",
          "BD": "بەنگلادیش",
          "BE": "بەلژیک",
          "BF": "بورکینافاسۆ",
          "BG": "بولگاریا",
          "BH": "بەحرەین",
          "BI": "بوروندی",
          "BJ": "بێنین",
          "BL": "BL",
          "BM": "BM",
          "BN": "BN",
          "BO": "بۆلیڤیا",
          "BQ": "BQ",
          "BR": "برازیل",
          "BS": "بەھاما",
          "BT": "بووتان",
          "BV": "BV",
          "BW": "بۆتسوانا",
          "BY": "بیلاڕووس",
          "BZ": "بەلیز",
          "CA": "کانەدا",
          "CC": "CC",
          "CD": "کۆنگۆ کینشاسا",
          "CD-alt-variant": "کۆماری دیموکراتیکی کۆنگۆ",
          "CF": "کۆماری ئەفریقای ناوەڕاست",
          "CG": "CG",
          "CG-alt-variant": "کۆماری کۆنگۆ",
          "CH": "سویسرا",
          "CI": "کۆتدیڤوار",
          "CI-alt-variant": "CI",
          "CK": "CK",
          "CL": "چیلی",
          "CM": "کامیرۆن",
          "CN": "چین",
          "CO": "کۆلۆمبیا",
          "CP": "CP",
          "CR": "کۆستاریکا",
          "CU": "کووبا",
          "CV": "کەیپڤەرد",
          "CW": "CW",
          "CX": "CX",
          "CY": "قیبرس",
          "CZ": "کۆماری چیک",
          "CZ-alt-variant": "CZ",
          "DE": "ئەڵمانیا",
          "DG": "DG",
          "DJ": "جیبووتی",
          "DK": "دانمارک",
          "DM": "دۆمینیکا",
          "DO": "DO",
          "DZ": "جەزایر",
          "EA": "EA",
          "EC": "ئیکوادۆر",
          "EE": "EE",
          "EG": "میسر",
          "EH": "EH",
          "ER": "ئەریتریا",
          "ES": "ئیسپانیا",
          "ET": "ئەتیۆپیا",
          "EU": "EU",
          "EZ": "EZ",
          "FI": "فینلاند",
          "FJ": "فیجی",
          "FK": "FK",
          "FK-alt-variant": "FK",
          "FM": "مایکرۆنیزیا",
          "FO": "FO",
          "FR": "فەڕەنسا",
          "GA": "گابۆن",
          "GB": "شانشینی یەکگرتوو",
          "GB-alt-short": "GB",
          "GD": "گرینادا",
          "GE": "گورجستان",
          "GF": "GF",
          "GG": "GG",
          "GH": "غەنا",
          "GI": "GI",
          "GL": "گرینلاند",
          "GM": "گامبیا",
          "GN": "گینێ",
          "GP": "GP",
          "GQ": "GQ",
          "GR": "یۆنان",
          "GS": "GS",
          "GT": "گواتیمالا",
          "GU": "گوام",
          "GW": "گینێ بیساو",
          "GY": "گویانا",
          "HK": "HK",
          "HK-alt-short": "HK",
          "HM": "HM",
          "HN": "ھۆندووراس",
          "HR": "کرۆواتیا",
          "HT": "ھایتی",
          "HU": "مەجارستان",
          "IC": "IC",
          "ID": "ئیندۆنیزیا",
          "IE": "ئیرلەند",
          "IL": "ئیسرائیل",
          "IM": "IM",
          "IN": "ھیندستان",
          "IO": "IO",
          "IQ": "عێراق",
          "IR": "ئێران",
          "IS": "ئایسلەند",
          "IT": "ئیتاڵی",
          "JE": "JE",
          "JM": "جامایکا",
          "JO": "ئوردن",
          "JP": "ژاپۆن",
          "KE": "KE",
          "KG": "قرغیزستان",
          "KH": "کەمبۆدیا",
          "KI": "کیریباس",
          "KM": "دوورگەکانی کۆمۆر",
          "KN": "سەینت کیتس و نیڤیس",
          "KP": "کۆریای باکوور",
          "KR": "KR",
          "KW": "کوەیت",
          "KY": "KY",
          "KZ": "کازاخستان",
          "LA": "لاوس",
          "LB": "لوبنان",
          "LC": "سەینت لووسیا",
          "LI": "لیختنشتاین",
          "LK": "سریلانکا",
          "LR": "لیبەریا",
          "LS": "لەسۆتۆ",
          "LT": "لیتوانایا",
          "LU": "لوکسەمبورگ",
          "LV": "لاتڤیا",
          "LY": "لیبیا",
          "MA": "مەغریب",
          "MC": "مۆناکۆ",
          "MD": "مۆلدۆڤا",
          "ME": "مۆنتینیگرۆ",
          "MF": "MF",
          "MG": "ماداگاسکار",
          "MH": "دوورگەکانی مارشاڵ",
          "MK": "MK",
          "MK-alt-variant": "MK",
          "ML": "مالی",
          "MM": "میانمار",
          "MN": "مەنگۆلیا",
          "MO": "MO",
          "MO-alt-short": "MO",
          "MP": "MP",
          "MQ": "MQ",
          "MR": "مۆریتانیا",
          "MS": "MS",
          "MT": "ماڵتا",
          "MU": "MU",
          "MV": "مالدیڤ",
          "MW": "مالاوی",
          "MX": "مەکسیک",
          "MY": "مالیزیا",
          "MZ": "مۆزامبیک",
          "NA": "نامیبیا",
          "NC": "NC",
          "NE": "نیجەر",
          "NF": "NF",
          "NG": "NG",
          "NI": "نیکاراگوا",
          "NL": "ھۆڵەندا",
          "NO": "نۆرویژ",
          "NP": "نیپال",
          "NR": "نائوروو",
          "NU": "NU",
          "NZ": "نیوزیلاند",
          "OM": "عومان",
          "PA": "پاناما",
          "PE": "پیروو",
          "PF": "PF",
          "PG": "پاپوا گینێی نوێ",
          "PH": "فلیپین",
          "PK": "پاکستان",
          "PL": "پۆڵەندا",
          "PM": "PM",
          "PN": "PN",
          "PR": "PR",
          "PS": "PS",
          "PS-alt-short": "PS",
          "PT": "پورتوگال",
          "PW": "پالاو",
          "PY": "پاراگوای",
          "QA": "قەتەر",
          "QO": "QO",
          "RE": "RE",
          "RO": "ڕۆمانیا",
          "RS": "سربیا",
          "RU": "ڕووسیا",
          "RW": "ڕواندا",
          "SA": "عەرەبستانی سەعوودی",
          "SB": "دوورگەکانی سلێمان",
          "SC": "سیشێل",
          "SD": "سوودان",
          "SE": "سوید",
          "SG": "سینگاپور",
          "SH": "SH",
          "SI": "سلۆڤێنیا",
          "SJ": "SJ",
          "SK": "سلۆڤاکیا",
          "SL": "سیەرالیۆن",
          "SM": "سان مارینۆ",
          "SN": "سینیگال",
          "SO": "سۆمالیا",
          "SR": "سورینام",
          "SS": "SS",
          "ST": "ساوتۆمێ و پرینسیپی",
          "SV": "ئێلسالڤادۆر",
          "SX": "SX",
          "SY": "سووریا",
          "SZ": "سوازیلاند",
          "TA": "TA",
          "TC": "TC",
          "TD": "چاد",
          "TF": "TF",
          "TG": "تۆگۆ",
          "TH": "تایلەند",
          "TJ": "تاجیکستان",
          "TK": "TK",
          "TL": "TL",
          "TL-alt-variant": "TL",
          "TM": "تورکمانستان",
          "TN": "توونس",
          "TO": "تۆنگا",
          "TR": "تورکیا",
          "TT": "ترینیداد و تۆباگو",
          "TV": "تووڤالوو",
          "TW": "تایوان",
          "TZ": "تانزانیا",
          "UA": "ئۆکرانیا",
          "UG": "ئوگاندا",
          "UM": "UM",
          "UN": "UN",
          "US": "ویلایەتە یەکگرتووەکان",
          "US-alt-short": "US",
          "UY": "ئوروگوای",
          "UZ": "ئوزبەکستان",
          "VA": "ڤاتیکان",
          "VC": "سەینت ڤینسەنت و گرینادینز",
          "VE": "VE",
          "VG": "VG",
          "VI": "VI",
          "VN": "ڤیەتنام",
          "VU": "ڤانوواتوو",
          "WF": "WF",
          "WS": "ساموا",
          "XK": "XK",
          "YE": "یەمەن",
          "YT": "YT",
          "ZA": "ئەفریقای باشوور",
          "ZM": "زامبیا",
          "ZW": "زیمبابوی",
          "ZZ": "ZZ"
        }
      }
    }
  }
}
