{
  "main": {
    "asa": {
      "identity": {
        "version": {
          "_number": "$Revision: 13133 $",
          "_cldrVersion": "32"
        },
        "language": "asa"
      },
      "localeDisplayNames": {
        "territories": {
          "001": "001",
          "002": "002",
          "003": "003",
          "005": "005",
          "009": "009",
          "011": "011",
          "013": "013",
          "014": "014",
          "015": "015",
          "017": "017",
          "018": "018",
          "019": "019",
          "021": "021",
          "029": "029",
          "030": "030",
          "034": "034",
          "035": "035",
          "039": "039",
          "053": "053",
          "054": "054",
          "057": "057",
          "061": "061",
          "142": "142",
          "143": "143",
          "145": "145",
          "150": "150",
          "151": "151",
          "154": "154",
          "155": "155",
          "202": "202",
          "419": "419",
          "AC": "AC",
          "AD": "Andora",
          "AE": "Falme dha Kiarabu",
          "AF": "Afuganistani",
          "AG": "Antigua na Barbuda",
          "AI": "Anguilla",
          "AL": "Albania",
          "AM": "Armenia",
          "AO": "Angola",
          "AQ": "AQ",
          "AR": "Ajentina",
          "AS": "Thamoa ya Marekani",
          "AT": "Authtria",
          "AU": "Authtralia",
          "AW": "Aruba",
          "AX": "AX",
          "AZ": "Adhabajani",
          "BA": "Bothnia na Hedhegovina",
          "BB": "Babadothi",
          "BD": "Bangladeshi",
          "BE": "Ubelgiji",
          "BF": "Bukinafatho",
          "BG": "Bulgaria",
          "BH": "Bahareni",
          "BI": "Burundi",
          "BJ": "Benini",
          "BL": "BL",
          "BM": "Bermuda",
          "BN": "Brunei",
          "BO": "BO",
          "BQ": "BQ",
          "BR": "Brazili",
          "BS": "Bahama",
          "BT": "Butani",
          "BV": "BV",
          "BW": "Botthwana",
          "BY": "Belaruthi",
          "BZ": "Belidhe",
          "CA": "Kanada",
          "CC": "CC",
          "CD": "Jamhuri ya Kidemokrathia ya Kongo",
          "CD-alt-variant": "CD",
          "CF": "Jamhuri ya Afrika ya Kati",
          "CG": "Kongo",
          "CG-alt-variant": "CG",
          "CH": "Uthwithi",
          "CI": "Kodivaa",
          "CI-alt-variant": "CI",
          "CK": "Vithiwa vya Cook",
          "CL": "Chile",
          "CM": "Kameruni",
          "CN": "China",
          "CO": "Kolombia",
          "CP": "CP",
          "CR": "Kothtarika",
          "CU": "Kuba",
          "CV": "Kepuvede",
          "CW": "CW",
          "CX": "CX",
          "CY": "Kuprothi",
          "CZ": "Jamhuri ya Cheki",
          "CZ-alt-variant": "CZ",
          "DE": "Ujerumani",
          "DG": "DG",
          "DJ": "Jibuti",
          "DK": "Denmaki",
          "DM": "Dominika",
          "DO": "Jamhuri ya Dominika",
          "DZ": "Aljeria",
          "EA": "EA",
          "EC": "Ekwado",
          "EE": "Ethtonia",
          "EG": "Mithri",
          "EH": "EH",
          "ER": "Eritrea",
          "ES": "Hithpania",
          "ET": "Uhabeshi",
          "EU": "EU",
          "EZ": "EZ",
          "FI": "Ufini",
          "FJ": "Fiji",
          "FK": "Vithiwa vya Falkland",
          "FK-alt-variant": "FK",
          "FM": "Mikronethia",
          "FO": "FO",
          "FR": "Ufarantha",
          "GA": "Gaboni",
          "GB": "Uingeredha",
          "GB-alt-short": "GB",
          "GD": "Grenada",
          "GE": "Jojia",
          "GF": "Gwiyana ya Ufarantha",
          "GG": "GG",
          "GH": "Ghana",
          "GI": "Jibralta",
          "GL": "Grinlandi",
          "GM": "Gambia",
          "GN": "Gine",
          "GP": "Gwadelupe",
          "GQ": "Ginekweta",
          "GR": "Ugiriki",
          "GS": "GS",
          "GT": "Gwatemala",
          "GU": "Gwam",
          "GW": "Ginebisau",
          "GY": "Guyana",
          "HK": "HK",
          "HK-alt-short": "HK",
          "HM": "HM",
          "HN": "Hondurathi",
          "HR": "Korathia",
          "HT": "Haiti",
          "HU": "Hungaria",
          "IC": "IC",
          "ID": "Indonethia",
          "IE": "Ayalandi",
          "IL": "Ithraeli",
          "IM": "IM",
          "IN": "India",
          "IO": "Ieneo la Uingeredha katika Bahari Hindi",
          "IQ": "Iraki",
          "IR": "Uajemi",
          "IS": "Aithlandi",
          "IT": "Italia",
          "JE": "JE",
          "JM": "Jamaika",
          "JO": "Yordani",
          "JP": "Japani",
          "KE": "Kenya",
          "KG": "Kirigizithtani",
          "KH": "Kambodia",
          "KI": "Kiribati",
          "KM": "Komoro",
          "KN": "Thantakitdhi na Nevith",
          "KP": "Korea Kathkazini",
          "KR": "Korea Kuthini",
          "KW": "Kuwaiti",
          "KY": "Vithiwa vya Kayman",
          "KZ": "Kazakithtani",
          "LA": "Laothi",
          "LB": "Lebanoni",
          "LC": "Thantaluthia",
          "LI": "Lishenteni",
          "LK": "Thirilanka",
          "LR": "Liberia",
          "LS": "Lethoto",
          "LT": "Litwania",
          "LU": "Lathembagi",
          "LV": "Lativia",
          "LY": "Libya",
          "MA": "Moroko",
          "MC": "Monako",
          "MD": "Moldova",
          "ME": "ME",
          "MF": "MF",
          "MG": "Bukini",
          "MH": "Vithiwa vya Marshal",
          "MK": "Mathedonia",
          "MK-alt-variant": "MK",
          "ML": "Mali",
          "MM": "Myama",
          "MN": "Mongolia",
          "MO": "MO",
          "MO-alt-short": "MO",
          "MP": "Vithiwa vya Mariana vya Kathkazini",
          "MQ": "Martiniki",
          "MR": "Moritania",
          "MS": "Monttherrati",
          "MT": "Malta",
          "MU": "Morithi",
          "MV": "Modivu",
          "MW": "Malawi",
          "MX": "Mekthiko",
          "MY": "Malethia",
          "MZ": "Mthumbiji",
          "NA": "Namibia",
          "NC": "Nyukaledonia",
          "NE": "Nijeri",
          "NF": "Kithiwa cha Norfok",
          "NG": "Nijeria",
          "NI": "Nikaragwa",
          "NL": "Uholandhi",
          "NO": "Norwe",
          "NP": "Nepali",
          "NR": "Nauru",
          "NU": "Niue",
          "NZ": "Nyudhilandi",
          "OM": "Omani",
          "PA": "Panama",
          "PE": "Peru",
          "PF": "Polinesia ya Ufarantha",
          "PG": "Papua",
          "PH": "Filipino",
          "PK": "Pakithtani",
          "PL": "Polandi",
          "PM": "Thantapieri na Mikeloni",
          "PN": "Pitkairni",
          "PR": "Pwetoriko",
          "PS": "Palestina",
          "PS-alt-short": "PS",
          "PT": "Ureno",
          "PW": "Palau",
          "PY": "Paragwai",
          "QA": "Katari",
          "QO": "QO",
          "RE": "Riyunioni",
          "RO": "Romania",
          "RS": "RS",
          "RU": "Uruthi",
          "RW": "Rwanda",
          "SA": "Thaudi",
          "SB": "Vithiwa vya Tholomon",
          "SC": "Shelisheli",
          "SD": "Thudani",
          "SE": "Uthwidi",
          "SG": "Thingapoo",
          "SH": "Thantahelena",
          "SI": "Thlovenia",
          "SJ": "SJ",
          "SK": "Tholvakia",
          "SL": "Thiera Leoni",
          "SM": "Thamarino",
          "SN": "Thenegali",
          "SO": "Thomalia",
          "SR": "Thurinamu",
          "SS": "SS",
          "ST": "Thao Tome na Principe",
          "SV": "Elsavado",
          "SX": "SX",
          "SY": "Thiria",
          "SZ": "Uthwadhi",
          "TA": "TA",
          "TC": "Vithiwa vya Turki na Kaiko",
          "TD": "Chadi",
          "TF": "TF",
          "TG": "Togo",
          "TH": "Tailandi",
          "TJ": "Tajikithtani",
          "TK": "Tokelau",
          "TL": "Timori ya Mashariki",
          "TL-alt-variant": "TL",
          "TM": "Turukimenithtani",
          "TN": "Tunithia",
          "TO": "Tonga",
          "TR": "Uturuki",
          "TT": "Trinidad na Tobago",
          "TV": "Tuvalu",
          "TW": "Taiwani",
          "TZ": "Tadhania",
          "UA": "UA",
          "UG": "Uganda",
          "UM": "UM",
          "UN": "UN",
          "US": "Marekani",
          "US-alt-short": "US",
          "UY": "Urugwai",
          "UZ": "Udhibekithtani",
          "VA": "Vatikani",
          "VC": "Thantavithenti na Grenadini",
          "VE": "Venezuela",
          "VG": "Vithiwa vya Virgin vya Uingeredha",
          "VI": "Vithiwa vya Virgin vya Marekani",
          "VN": "Vietinamu",
          "VU": "Vanuatu",
          "WF": "Walith na Futuna",
          "WS": "Thamoa",
          "XK": "XK",
          "YE": "Yemeni",
          "YT": "Mayotte",
          "ZA": "Afrika Kuthini",
          "ZM": "Dhambia",
          "ZW": "Dhimbabwe",
          "ZZ": "ZZ"
        }
      }
    }
  }
}
