{
  "main": {
    "br": {
      "identity": {
        "version": {
          "_number": "$Revision: 13701 $",
          "_cldrVersion": "32"
        },
        "language": "br"
      },
      "localeDisplayNames": {
        "languages": {
          "aa": "afar",
          "ab": "abkhazeg",
          "ace": "achineg",
          "ach": "acoli",
          "ada": "adangme",
          "ady": "adygeieg",
          "ae": "avesteg",
          "aeb": "arabeg Tunizia",
          "af": "afrikaans",
          "afh": "afrihili",
          "agq": "aghem",
          "ain": "ainoueg",
          "ak": "akan",
          "akk": "akadeg",
          "akz": "alabamaeg",
          "ale": "aleouteg",
          "aln": "gegeg",
          "alt": "altaieg ar Su",
          "am": "amhareg",
          "an": "aragoneg",
          "ang": "hensaozneg",
          "anp": "angika",
          "ar": "arabeg",
          "ar-001": "arabeg modern",
          "arc": "arameeg",
          "arn": "araoukaneg",
          "aro": "araona",
          "arp": "arapaho",
          "arq": "arabeg Aljeria",
          "arw": "arawakeg",
          "ary": "arabeg Maroko",
          "arz": "arabeg Egipt",
          "as": "asameg",
          "asa": "asu",
          "ase": "yezh sinoù Amerika",
          "ast": "asturianeg",
          "av": "avar",
          "awa": "awadhi",
          "ay": "aymara",
          "az": "azerbaidjaneg",
          "az-alt-short": "azeri",
          "ba": "bachkir",
          "bal": "baloutchi",
          "ban": "balineg",
          "bar": "bavarieg",
          "bas": "basaa",
          "be": "belaruseg",
          "bej": "bedawieg",
          "bem": "bemba",
          "bez": "bena",
          "bg": "bulgareg",
          "bgn": "baloutchi ar Cʼhornôg",
          "bho": "bhojpuri",
          "bi": "bislama",
          "bik": "bikol",
          "bin": "bini",
          "bla": "bla",
          "bm": "bambara",
          "bn": "bengali",
          "bo": "tibetaneg",
          "br": "brezhoneg",
          "bra": "braj",
          "brh": "brahweg",
          "brx": "bodo",
          "bs": "bosneg",
          "bss": "akoose",
          "bua": "bouriat",
          "bug": "bugi",
          "byn": "blin",
          "ca": "katalaneg",
          "cad": "caddo",
          "car": "karibeg",
          "cch": "atsam",
          "ce": "tchetcheneg",
          "ceb": "cebuano",
          "cgg": "cgg",
          "ch": "chamorru",
          "chb": "chibcha",
          "chk": "chk",
          "chm": "marieg",
          "cho": "choktaw",
          "chp": "chipewyan",
          "chr": "cherokee",
          "chy": "cheyenne",
          "ckb": "kurdeg sorani",
          "co": "korseg",
          "cop": "kopteg",
          "cr": "kri",
          "crh": "turkeg Krimea",
          "crs": "crs",
          "cs": "tchekeg",
          "csb": "kachoubeg",
          "cu": "slavoneg iliz",
          "cv": "tchouvatch",
          "cy": "kembraeg",
          "da": "daneg",
          "dak": "dakota",
          "dar": "dargwa",
          "dav": "dav",
          "de": "alamaneg",
          "de-AT": "alamaneg Aostria",
          "de-CH": "alamaneg uhel Suis",
          "del": "delaware",
          "dgr": "dogrib",
          "din": "dinka",
          "dje": "dje",
          "doi": "dogri",
          "dsb": "izelsorabeg",
          "dua": "dua",
          "dum": "nederlandeg krenn",
          "dv": "divehi",
          "dyo": "dyo",
          "dyu": "dyula",
          "dz": "dzongkha",
          "dzg": "dzg",
          "ebu": "embu",
          "ee": "ewe",
          "efi": "efik",
          "egy": "henegipteg",
          "eka": "ekajuk",
          "el": "gresianeg",
          "elx": "elameg",
          "en": "saozneg",
          "en-AU": "saozneg Aostralia",
          "en-CA": "saozneg Kanada",
          "en-GB": "saozneg Breizh-Veur",
          "en-GB-alt-short": "saozneg RU",
          "en-US": "saozneg Amerika",
          "en-US-alt-short": "saozneg SU",
          "enm": "krennsaozneg",
          "eo": "esperanteg",
          "es": "spagnoleg",
          "es-419": "spagnoleg Amerika latin",
          "es-ES": "spagnoleg Europa",
          "es-MX": "spagnoleg Mecʼhiko",
          "et": "estoneg",
          "eu": "euskareg",
          "ewo": "ewondo",
          "fa": "perseg",
          "fan": "fang",
          "fat": "fanti",
          "ff": "ff",
          "fi": "finneg",
          "fil": "filipineg",
          "fit": "finneg traoñienn an Torne",
          "fj": "fidjieg",
          "fo": "faeroeg",
          "fon": "fon",
          "fr": "galleg",
          "fr-CA": "galleg Kanada",
          "fr-CH": "galleg Suis",
          "frc": "galleg cajun",
          "frm": "krenncʼhalleg",
          "fro": "hencʼhalleg",
          "frp": "arpitaneg",
          "frr": "frizeg an Norzh",
          "frs": "frizeg ar Reter",
          "fur": "frioulaneg",
          "fy": "frizeg ar Cʼhornôg",
          "ga": "iwerzhoneg",
          "gaa": "ga",
          "gag": "gagaouzeg",
          "gan": "sinaeg Gan",
          "gay": "gayo",
          "gba": "gbaya",
          "gd": "skoseg",
          "gez": "gezeg",
          "gil": "gilberteg",
          "gl": "galizeg",
          "gmh": "krennalamaneg uhel",
          "gn": "guarani",
          "goh": "henalamaneg uhel",
          "gor": "gorontalo",
          "got": "goteg",
          "grb": "grebo",
          "grc": "hencʼhresianeg",
          "gsw": "alamaneg Suis",
          "gu": "gujarati",
          "guz": "guz",
          "gv": "manaveg",
          "gwi": "gwi",
          "ha": "haousa",
          "hai": "haida",
          "hak": "sinaeg Hakka",
          "haw": "hawaieg",
          "he": "hebraeg",
          "hi": "hindi",
          "hil": "hiligaynon",
          "hmn": "hmong",
          "ho": "hiri motu",
          "hr": "kroateg",
          "hsb": "uhelsorabeg",
          "hsn": "sinaeg Xian",
          "ht": "haitieg",
          "hu": "hungareg",
          "hup": "hupa",
          "hy": "armenianeg",
          "hz": "herero",
          "ia": "interlingua",
          "iba": "iban",
          "ibb": "ibibio",
          "id": "indonezeg",
          "ie": "interlingue",
          "ig": "igbo",
          "ii": "yieg Sichuan",
          "ik": "inupiaq",
          "ilo": "ilo",
          "inh": "ingoucheg",
          "io": "ido",
          "is": "islandeg",
          "it": "italianeg",
          "iu": "inuktitut",
          "ja": "japaneg",
          "jam": "kreoleg Jamaika",
          "jbo": "jbo",
          "jgo": "jgo",
          "jmc": "jmc",
          "jpr": "yuzev-perseg",
          "jrb": "yuzev-arabeg",
          "jv": "javaneg",
          "ka": "jorjianeg",
          "kaa": "karakalpak",
          "kab": "kabileg",
          "kac": "kachin",
          "kaj": "kaj",
          "kam": "kamba",
          "kbd": "kabardeg",
          "kcg": "kcg",
          "kde": "kde",
          "kea": "kabuverdianu",
          "kfo": "kfo",
          "kg": "kongo",
          "kha": "khasi",
          "kho": "khotaneg",
          "khq": "khq",
          "ki": "kikuyu",
          "kj": "kwanyama",
          "kk": "kazak",
          "kkj": "kkj",
          "kl": "kl",
          "kln": "kln",
          "km": "khmer",
          "kmb": "kimbundu",
          "kn": "kanareg",
          "ko": "koreaneg",
          "kok": "konkani",
          "kos": "kosrae",
          "kpe": "kpelle",
          "kr": "kanouri",
          "krc": "karatchay-balkar",
          "krl": "karelieg",
          "kru": "kurukh",
          "ks": "kashmiri",
          "ksb": "ksb",
          "ksf": "ksf",
          "ksh": "koluneg",
          "ku": "kurdeg",
          "kum": "kum",
          "kut": "kutenai",
          "kv": "kv",
          "kw": "kerneveureg",
          "ky": "kirgiz",
          "la": "latin",
          "lad": "ladino",
          "lag": "lag",
          "lah": "lahnda",
          "lam": "lamba",
          "lb": "luksembourgeg",
          "lez": "lezgi",
          "lfn": "lingua franca nova",
          "lg": "ganda",
          "li": "limbourgeg",
          "lij": "ligurieg",
          "lkt": "lkt",
          "ln": "lingala",
          "lo": "laoseg",
          "lol": "mongo",
          "lou": "lou",
          "loz": "lozi",
          "lrc": "lrc",
          "lt": "lituaneg",
          "lu": "luba-katanga",
          "lua": "luba-lulua",
          "lui": "luiseno",
          "lun": "lunda",
          "luo": "luo",
          "lus": "lushai",
          "luy": "luyia",
          "lv": "latvieg",
          "lzh": "sinaeg lennegel",
          "mad": "mad",
          "mag": "magahi",
          "mai": "maithili",
          "mak": "mak",
          "mas": "masai",
          "mdf": "moksha",
          "mdr": "mandar",
          "men": "mende",
          "mer": "mer",
          "mfe": "moriseg",
          "mg": "malgacheg",
          "mga": "krenniwerzhoneg",
          "mgh": "mgh",
          "mgo": "mgo",
          "mh": "marshall",
          "mi": "maori",
          "mic": "mic",
          "min": "min",
          "mk": "makedoneg",
          "ml": "malayalam",
          "mn": "mongoleg",
          "mnc": "manchou",
          "mni": "manipuri",
          "moh": "mohawk",
          "mos": "mos",
          "mr": "marathi",
          "mrj": "marieg ar Cʼhornôg",
          "ms": "malayseg",
          "mt": "malteg",
          "mua": "mua",
          "mul": "yezhoù lies",
          "mus": "muskogi",
          "mwl": "mirandeg",
          "my": "birmaneg",
          "myv": "erza",
          "mzn": "mzn",
          "na": "naurueg",
          "nan": "sinaeg Min Nan",
          "nap": "napolitaneg",
          "naq": "naq",
          "nb": "norvegeg bokmål",
          "nd": "ndebele an Norzh",
          "nds": "alamaneg izel",
          "nds-NL": "saksoneg izel",
          "ne": "nepaleg",
          "new": "newari",
          "ng": "ndonga",
          "nia": "nias",
          "niu": "niue",
          "njo": "aoeg",
          "nl": "nederlandeg",
          "nl-BE": "flandrezeg",
          "nmg": "nmg",
          "nn": "norvegeg nynorsk",
          "nnh": "nnh",
          "no": "norvegeg",
          "nog": "nogay",
          "non": "hennorseg",
          "nov": "novial",
          "nqo": "nqo",
          "nr": "ndebele ar Su",
          "nso": "sotho an Norzh",
          "nus": "nus",
          "nv": "navacʼho",
          "nwc": "newari klasel",
          "ny": "nyanja",
          "nym": "nyamwezi",
          "nyn": "nyankole",
          "nyo": "nyoro",
          "oc": "okitaneg",
          "oj": "ojibwa",
          "om": "om",
          "or": "oriya",
          "os": "oseteg",
          "osa": "osage",
          "ota": "turkeg otoman",
          "pa": "punjabi",
          "pag": "pangasinan",
          "pal": "pahlavi",
          "pam": "pampanga",
          "pap": "papiamento",
          "pau": "palau",
          "pcd": "pikardeg",
          "pcm": "pcm",
          "pdc": "alamaneg Pennsylvania",
          "peo": "henberseg",
          "phn": "fenikianeg",
          "pi": "pali",
          "pl": "poloneg",
          "pms": "piemonteg",
          "pnt": "ponteg",
          "pon": "pohnpei",
          "prg": "henbruseg",
          "pro": "henbrovañseg",
          "ps": "pachto",
          "pt": "portugaleg",
          "pt-BR": "portugaleg Brazil",
          "pt-PT": "portugaleg Europa",
          "qu": "kechuaeg",
          "quc": "quc",
          "qug": "kichuaeg Chimborazo",
          "raj": "rajasthani",
          "rap": "rapanui",
          "rar": "rarotonga",
          "rgn": "romagnoleg",
          "rm": "romañcheg",
          "rn": "rundi",
          "ro": "roumaneg",
          "ro-MD": "moldoveg",
          "rof": "rombo",
          "rom": "romanieg",
          "root": "root",
          "ru": "rusianeg",
          "rup": "aroumaneg",
          "rw": "kinyarwanda",
          "rwk": "rwa",
          "sa": "sanskriteg",
          "sad": "sandawe",
          "sah": "yakouteg",
          "sam": "arameeg ar Samaritaned",
          "saq": "saq",
          "sas": "sasak",
          "sat": "santali",
          "sba": "sba",
          "sbp": "sbp",
          "sc": "sardeg",
          "scn": "sikilieg",
          "sco": "skoteg",
          "sd": "sindhi",
          "sdc": "sasareseg",
          "se": "sámi an Norzh",
          "seh": "seh",
          "ses": "ses",
          "sg": "sango",
          "sga": "heniwerzhoneg",
          "sh": "serb-kroateg",
          "shi": "tacheliteg",
          "shn": "shan",
          "shu": "arabeg Tchad",
          "si": "singhaleg",
          "sid": "sidamo",
          "sk": "slovakeg",
          "sl": "sloveneg",
          "sm": "samoan",
          "sma": "sámi ar Su",
          "smj": "sámi Luleå",
          "smn": "sámi Inari",
          "sms": "sámi Skolt",
          "sn": "shona",
          "snk": "soninke",
          "so": "somali",
          "sog": "sogdieg",
          "sq": "albaneg",
          "sr": "serbeg",
          "srn": "srn",
          "srr": "serer",
          "ss": "swati",
          "ssy": "ssy",
          "st": "sotho ar Su",
          "su": "sundaneg",
          "suk": "suk",
          "sux": "sumereg",
          "sv": "svedeg",
          "sw": "swahili",
          "sw-CD": "swahili Kongo",
          "swb": "komoreg",
          "syc": "sirieg klasel",
          "syr": "sirieg",
          "szl": "silezieg",
          "ta": "tamileg",
          "tcy": "touloueg",
          "te": "telougou",
          "tem": "tem",
          "teo": "teo",
          "ter": "tereno",
          "tet": "tetum",
          "tg": "tadjik",
          "th": "thai",
          "ti": "tigrigna",
          "tig": "tigreaneg",
          "tiv": "tiv",
          "tk": "turkmeneg",
          "tkl": "tokelau",
          "tl": "tagalog",
          "tlh": "klingon",
          "tli": "tinglit",
          "tmh": "tamacheg",
          "tn": "tswana",
          "to": "tonga",
          "tog": "nyasa tonga",
          "tpi": "tok pisin",
          "tr": "turkeg",
          "tru": "turoyoeg",
          "trv": "trv",
          "ts": "tsonga",
          "tsi": "tsimshian",
          "tt": "tatar",
          "tum": "tumbuka",
          "tvl": "tuvalu",
          "tw": "twi",
          "twq": "twq",
          "ty": "tahitianeg",
          "tyv": "touva",
          "tzm": "tamazigteg Kreizatlas",
          "udm": "oudmourteg",
          "ug": "ouigoureg",
          "uga": "ougariteg",
          "uk": "ukraineg",
          "umb": "umbundu",
          "und": "yezh dianav",
          "ur": "ourdou",
          "uz": "ouzbekeg",
          "vai": "vai",
          "ve": "venda",
          "vec": "venezieg",
          "vep": "vepseg",
          "vi": "vietnameg",
          "vls": "flandrezeg ar c’hornôg",
          "vo": "volapük",
          "vot": "votyakeg",
          "vro": "voroeg",
          "vun": "vun",
          "wa": "walloneg",
          "wae": "walser",
          "wal": "walamo",
          "war": "waray",
          "was": "washo",
          "wo": "wolof",
          "wuu": "sinaeg Wu",
          "xal": "kalmouk",
          "xh": "xhosa",
          "xmf": "megreleg",
          "xog": "xog",
          "yao": "yao",
          "yap": "yapeg",
          "yav": "yav",
          "ybb": "ybb",
          "yi": "yiddish",
          "yo": "yorouba",
          "yue": "kantoneg",
          "za": "zhuang",
          "zap": "zapoteg",
          "zbl": "Bliss",
          "zea": "zelandeg",
          "zen": "zenaga",
          "zgh": "tamacheg Maroko standart",
          "zh": "sinaeg",
          "zh-Hans": "sinaeg eeunaet",
          "zh-Hant": "sinaeg hengounel",
          "zu": "zouloueg",
          "zun": "zuni",
          "zxx": "diyezh",
          "zza": "zza"
        }
      }
    }
  }
}
