{
  "main": {
    "br": {
      "identity": {
        "version": {
          "_number": "$Revision: 13701 $",
          "_cldrVersion": "32"
        },
        "language": "br"
      },
      "localeDisplayNames": {
        "localeDisplayPattern": {
          "localePattern": "{0} ({1})",
          "localeSeparator": "{0}, {1}",
          "localeKeyTypePattern": "{0} : {1}"
        },
        "keys": {
          "calendar": "deiziadur",
          "cf": "cf",
          "collation": "doare rummañ",
          "currency": "moneiz",
          "hc": "kelcʼhiad eurioù",
          "lb": "lb",
          "ms": "reizhiad vuzuliañ",
          "numbers": "niveroù"
        },
        "types": {
          "calendar": {
            "buddhist": "deiziadur boudaat",
            "chinese": "deiziadur sinaat",
            "coptic": "deiziadur kopt",
            "dangi": "deiziadur dangi",
            "ethiopic": "deiziadur etiopiat",
            "ethiopic-amete-alem": "deiziadur etiopiat Amete Alem",
            "gregorian": "deiziadur gregorian",
            "hebrew": "deiziadur hebraek",
            "indian": "deiziadur indian",
            "islamic": "deiziadur islamek",
            "islamic-civil": "deiziadur islamek keodedel",
            "islamic-rgsa": "deiziadur islamek (Arabia Saoudat)",
            "islamic-tbla": "deiziadur islamek steredoniel",
            "islamic-umalqura": "deiziadur islamek (Umm al-Qura)",
            "iso8601": "deiziadur ISO-8601",
            "japanese": "deiziadur japanat",
            "persian": "deiziadur persek",
            "roc": "deiziadur Republik Sina"
          },
          "cf": {
            "account": "account",
            "standard": "standard"
          },
          "collation": {
            "big5han": "urzh rummañ sinaek hengounel - Big5",
            "compat": "compat",
            "dictionary": "urzh rummañ ar geriadur",
            "ducet": "urzh rummañ Unicode dre ziouer",
            "emoji": "emoji",
            "eor": "reolennoù urzhiañ europat",
            "gb2312han": "urzh rummañ sinaek eeunaet - GB2312",
            "phonebook": "urzh rummañ al levr-pellgomz",
            "pinyin": "urzh rummañ pinyin",
            "reformed": "urzh rummañ adreizhet",
            "search": "enklask hollek",
            "searchjl": "searchjl",
            "standard": "urzh rummañ standart",
            "stroke": "urzh rummañ an tresoù",
            "traditional": "urzh rummañ hengounel",
            "unihan": "urzh rummañ UniHan",
            "zhuyin": "urzh rummañ Zhuyin"
          },
          "hc": {
            "h11": "reizhiad 12 eurvezh (0–11)",
            "h12": "reizhiad 12 eurvezh (1–12)",
            "h23": "reizhiad 24 eurvezh (0–23)",
            "h24": "reizhiad 24 eurvezh (1–24)"
          },
          "lb": {
            "loose": "loose",
            "normal": "normal",
            "strict": "strict"
          },
          "ms": {
            "metric": "reizhiad vetrek",
            "uksystem": "reizhiad vuzuliañ RU",
            "ussystem": "reizhiad vuzuliañ SU"
          },
          "numbers": {
            "ahom": "ahom",
            "arab": "sifroù arabek indian",
            "arabext": "sifroù arabek indian astennet",
            "armn": "niveroù armenianek",
            "armnlow": "niveroù armenianek bihan",
            "bali": "sifroù balinek",
            "beng": "sifroù bengali",
            "brah": "sifroù brahmi",
            "cakm": "sifroù chakma",
            "cham": "sifroù cham",
            "cyrl": "cyrl",
            "deva": "sifroù devanagari",
            "ethi": "niveroù etiopiat",
            "fullwide": "sifroù led plaen",
            "geor": "niveroù jorjianek",
            "gonm": "gonm",
            "grek": "niveroù gresianek",
            "greklow": "niveroù gresianek bihan",
            "gujr": "sifroù gujarati",
            "guru": "sifroù gurmukhi",
            "hanidec": "niveroù sinaek dekvedennek",
            "hans": "niveroù sinaek eeunaet",
            "hansfin": "niveroù sinaek eeunaet an arcʼhant",
            "hant": "niveroù sinaek hengounel",
            "hantfin": "niveroù sinaek hengounel an arcʼhant",
            "hebr": "niveroù hebraek",
            "hmng": "hmng",
            "java": "sifroù javanek",
            "jpan": "niveroù japanek",
            "jpanfin": "niveroù japanek an arcʼhant",
            "kali": "sifroù Kayah Li",
            "khmr": "sifroù khmer",
            "knda": "sifroù kanarek",
            "lana": "sifroù Tai Tham Hora",
            "lanatham": "sifroù Tai Tham Tham",
            "laoo": "sifroù laosek",
            "latn": "sifroù arabek ar Cʼhornôg",
            "lepc": "sifroù lepcha",
            "limb": "sifroù limbu",
            "mathbold": "mathbold",
            "mathdbl": "mathdbl",
            "mathmono": "mathmono",
            "mathsanb": "mathsanb",
            "mathsans": "mathsans",
            "mlym": "sifroù malayalam",
            "modi": "modi",
            "mong": "sifroù mongolek",
            "mroo": "mroo",
            "mtei": "sifroù meitei mayek",
            "mymr": "sifroù myanmar",
            "mymrshan": "sifroù shan Myanmar",
            "mymrtlng": "mymrtlng",
            "nkoo": "sifroù nʼko",
            "olck": "sifroù ol chiki",
            "orya": "sifroù oriya",
            "osma": "sifroù osmanya",
            "roman": "niveroù roman",
            "romanlow": "niveroù roman bihan",
            "saur": "saur",
            "shrd": "shrd",
            "sind": "sind",
            "sinh": "sinh",
            "sora": "sifroù Sora Sompeng",
            "sund": "sifroù sundanek",
            "takr": "sifroù takri",
            "talu": "talu",
            "taml": "niveroù tamilek hengounel",
            "tamldec": "sifroù tamilek",
            "telu": "sifroù telougou",
            "thai": "sifroù thai",
            "tibt": "sifroù tibetan",
            "tirh": "tirh",
            "vaii": "sifroù vai",
            "wara": "wara"
          }
        },
        "codePatterns": {
          "language": "{0}",
          "script": "{0}",
          "territory": "{0}"
        }
      }
    }
  }
}
