{
  "main": {
    "bn": {
      "identity": {
        "version": {
          "_number": "$Revision: 13686 $",
          "_cldrVersion": "32"
        },
        "language": "bn"
      },
      "localeDisplayNames": {
        "scripts": {
          "Adlm": "Adlm",
          "Aghb": "Aghb",
          "Ahom": "Ahom",
          "Arab": "আরবি",
          "Arab-alt-variant": "ফারসি-আরবি",
          "Armi": "আরমি",
          "Armn": "আর্মেনীয়",
          "Avst": "আভেসতান",
          "Bali": "বালীয়",
          "Bamu": "Bamu",
          "Bass": "Bass",
          "Batk": "বাটাক",
          "Beng": "বাংলা",
          "Bhks": "Bhks",
          "Blis": "ব্লিসপ্রতীক",
          "Bopo": "বোপোমোফো",
          "Brah": "ব্রাহ্মী",
          "Brai": "ব্রেইল",
          "Bugi": "বুগি",
          "Buhd": "বুহিড",
          "Cakm": "চাকমা",
          "Cans": "সংযুক্ত কানাডিয়ান অ্যাব্রোজিনিয়ান সিলেবিক্স",
          "Cari": "ক্যারিয়ান",
          "Cham": "চ্যাম",
          "Cher": "চেরোকি",
          "Cirt": "কির্ট",
          "Copt": "কোপ্টিক",
          "Cprt": "সাইপ্রোয়েট",
          "Cyrl": "সিরিলিক",
          "Cyrs": "প্রাচীন চার্চ স্লাভোনিক সিরিলিক",
          "Deva": "দেবনাগরি",
          "Dsrt": "দেসেরাত",
          "Dupl": "Dupl",
          "Egyd": "মিশরীয় ডেমোটিক",
          "Egyh": "মিশরীয় হায়রেটিক",
          "Egyp": "মিশরীয় হায়ারোগ্লিপ",
          "Elba": "Elba",
          "Ethi": "ইথিওপিয়",
          "Geok": "জর্জিয় খুৎসুরি",
          "Geor": "জর্জিয়ান",
          "Glag": "গ্লাগোলিটিক",
          "Gonm": "Gonm",
          "Goth": "গোথিক",
          "Gran": "Gran",
          "Grek": "গ্রিক",
          "Gujr": "গুজরাটি",
          "Guru": "গুরুমুখি",
          "Hanb": "হ্যানবি",
          "Hang": "হাঙ্গুল",
          "Hani": "হ্যান",
          "Hano": "হ্যানুনু",
          "Hans": "সরলীকৃত",
          "Hans-alt-stand-alone": "সরলিকৃত হ্যান",
          "Hant": "ঐতিহ্যবাহী",
          "Hant-alt-stand-alone": "ঐতিহ্যবাহী হ্যান",
          "Hatr": "Hatr",
          "Hebr": "হিব্রু",
          "Hira": "হিরাগানা",
          "Hluw": "Hluw",
          "Hmng": "ফাহাও মঙ",
          "Hrkt": "জাপানি অক্ষরমালা",
          "Hung": "পুরোনো হাঙ্গেরীয়",
          "Inds": "সিন্ধু",
          "Ital": "প্রাচীন ইতালি",
          "Jamo": "জ্যামো",
          "Java": "জাভানিজ",
          "Jpan": "জাপানী",
          "Kali": "কায়াহ লি",
          "Kana": "কাটাকানা",
          "Khar": "খরোষ্ঠী",
          "Khmr": "খেমের",
          "Khoj": "Khoj",
          "Knda": "কানাড়া",
          "Kore": "কোরিয়ান",
          "Kthi": "কাইথি",
          "Lana": "লান্না",
          "Laoo": "লাও",
          "Latf": "ফ্রাক্টুর ল্যাটিন",
          "Latg": "গ্যালিক ল্যাটিন",
          "Latn": "ল্যাটিন",
          "Lepc": "লেপ্চা",
          "Limb": "লিম্বু",
          "Lina": "লিনিয়ার এ",
          "Linb": "লিনিয়ার বি",
          "Lisu": "Lisu",
          "Lyci": "লাইসিয়ান",
          "Lydi": "লাইডিয়ান",
          "Mahj": "Mahj",
          "Mand": "ম্যান্ডায়ীন",
          "Mani": "ম্যানিচাইন",
          "Marc": "Marc",
          "Maya": "মায়ান হায়ারোগ্লিপ",
          "Mend": "Mend",
          "Merc": "Merc",
          "Mero": "মেরোইটিক",
          "Mlym": "মালায়ালাম",
          "Modi": "Modi",
          "Mong": "মোঙ্গোলীয়",
          "Moon": "মুন",
          "Mroo": "Mroo",
          "Mtei": "মেইটেই মায়েক",
          "Mult": "Mult",
          "Mymr": "মায়ানমার",
          "Narb": "Narb",
          "Nbat": "Nbat",
          "Newa": "Newa",
          "Nkoo": "এনকো",
          "Nshu": "Nshu",
          "Ogam": "ওঘাম",
          "Olck": "ওল চিকি",
          "Orkh": "অর্খোন",
          "Orya": "ওড়িয়া",
          "Osge": "Osge",
          "Osma": "ওসমানিয়",
          "Palm": "Palm",
          "Pauc": "Pauc",
          "Perm": "প্রাচীন পার্মিক",
          "Phag": "ফাগ্স-পা",
          "Phli": "খদিত পাহলভি",
          "Phlp": "সল্টার পাহলভি",
          "Phlv": "পুস্তক পাহলভি",
          "Phnx": "ফিনিশিয়",
          "Plrd": "পোলার্ড ধ্বনিক",
          "Prti": "পার্থিয়ন",
          "Rjng": "রেজ্যাঙ্গ",
          "Roro": "রোঙ্গোরোঙ্গো",
          "Runr": "রুনিক",
          "Samr": "সমেরিটন",
          "Sara": "সারাতি",
          "Sarb": "Sarb",
          "Saur": "সৌরাষ্ট্র",
          "Sgnw": "চিহ্ন লিখন",
          "Shaw": "সাভিয়ান",
          "Shrd": "Shrd",
          "Sidd": "Sidd",
          "Sind": "Sind",
          "Sinh": "সিংহলি",
          "Sora": "Sora",
          "Soyo": "Soyo",
          "Sund": "সান্দানিজ",
          "Sylo": "সিলেটি নাগরি",
          "Syrc": "সিরিয়াক",
          "Syre": "এস্ট্রেঙ্গেলো সিরিয়াক",
          "Syrj": "পশ্চিমাঞ্চলীয় সিরিয়াক",
          "Syrn": "পূর্বাঞ্চলীয় সিরিয়াক",
          "Tagb": "টাগোওয়ানা",
          "Takr": "Takr",
          "Tale": "তাইলে",
          "Talu": "নতুন তাই লু",
          "Taml": "তামিল",
          "Tang": "Tang",
          "Tavt": "তাই ভিয়েৎ",
          "Telu": "তেলেগু",
          "Teng": "তেঙ্গোয়ার",
          "Tfng": "তিফিনাগ",
          "Tglg": "টাগালগ",
          "Thaa": "থানা",
          "Thai": "থাই",
          "Tibt": "তিব্বতি",
          "Tirh": "Tirh",
          "Ugar": "উগারিটিক",
          "Vaii": "ভাই",
          "Visp": "দৃশ্যমান ভাষা",
          "Wara": "Wara",
          "Xpeo": "প্রাচীন ফার্সি",
          "Xsux": "সুমের-আক্কাদীয় কীলকরূপ",
          "Yiii": "উই",
          "Zanb": "Zanb",
          "Zinh": "কাই",
          "Zmth": "গাণিতিক চিহ্ন",
          "Zsye": "ইমোজি",
          "Zsym": "প্রতিকগুলি",
          "Zxxx": "অলিখিত",
          "Zyyy": "সাধারন",
          "Zzzz": "অজানা লিপি"
        }
      }
    }
  }
}
