{
  "main": {
    "chr": {
      "identity": {
        "version": {
          "_number": "$Revision: 13701 $",
          "_cldrVersion": "32"
        },
        "language": "chr"
      },
      "localeDisplayNames": {
        "languages": {
          "aa": "ᎠᏩᎳ",
          "ab": "ᎠᏆᏏᎠᏂ",
          "ace": "ᎠᏥᏂᏏ",
          "ada": "ᎠᏓᎾᎦᎺ",
          "ady": "ᎠᏗᎨ",
          "af": "ᎠᎬᎿᎨᏍᏛ",
          "agq": "ᎠᎨᎹ",
          "ain": "ᎠᏱᏄ",
          "ak": "ᎠᎧᎾ",
          "ale": "ᎠᎵᎤᏘ",
          "alt": "ᏧᎦᎾᏮ ᏗᏜ ᎠᎵᏔᎢ",
          "am": "ᎠᎹᎭᎵᎩ",
          "an": "ᎠᏩᎪᏂᏏ",
          "anp": "ᎠᎾᎩᎧ",
          "ar": "ᎡᎳᏈ",
          "ar-001": "ᎪᎯᏊ ᎢᎬᏥᎩ ᎠᏟᎶᏍᏗ ᎡᎳᏈ",
          "arn": "ᎹᏊᏤ",
          "arp": "ᎠᏩᏈᎰ",
          "as": "ᎠᏌᎻᏏ",
          "asa": "ᎠᏑ",
          "ast": "ᎠᏍᏚᎵᎠᏂ",
          "av": "ᎠᏩᎵᎧ",
          "awa": "ᎠᏩᏗ",
          "ay": "ᎠᏱᎹᎳ",
          "az": "ᎠᏎᏆᏣᏂ",
          "az-alt-short": "ᎠᏎᎵ",
          "ba": "ᏆᏍᎯᎩᎠ",
          "ban": "ᏆᎵᏁᏏ",
          "bas": "ᏆᏌᎠ",
          "be": "ᏇᎳᎷᏏ",
          "bem": "ᏇᎹᏆ",
          "bez": "ᏇᎾ",
          "bg": "ᏊᎵᎨᎵᎠᏂ",
          "bho": "ᏉᏣᏊᎵ",
          "bi": "ᏈᏍᎳᎹ",
          "bin": "ᏈᏂ",
          "bla": "ᏏᎩᏏᎧ",
          "bm": "ᏆᎻᏆᎳ",
          "bn": "ᏇᏂᎦᎳ",
          "bo": "ᏘᏇᏔᏂ",
          "br": "ᏇᏙᏂ",
          "brx": "ᏉᏙ",
          "bs": "ᏆᏍᏂᎠᏂ",
          "bug": "ᏈᎥᎩᏂᏍ",
          "byn": "ᏟᏂ",
          "ca": "ᎨᏔᎳᏂ",
          "cay": "ᎧᏳᎦ",
          "ce": "ᏤᏤᏂ",
          "ceb": "ᏎᏆᏃ",
          "cgg": "ᏥᎦ",
          "ch": "ᏣᎼᎶ",
          "chk": "ᏧᎨᏎ",
          "chm": "ᎹᎵ",
          "cho": "ᎠᏣᏓ",
          "chr": "ᏣᎳᎩ",
          "chy": "ᏣᏰᏂ",
          "ckb": "ᎠᏰᏟ ᎫᏗᏏ",
          "co": "ᎪᎵᏍᎢᎧᏂ",
          "crs": "ᏎᏎᎵᏩ ᏟᏲᎵ ᎠᏂᎦᎸ",
          "cs": "ᏤᎩ",
          "cu": "ᏧᏂᎳᏫᏍᏗ ᏍᎳᏫᎪ",
          "cv": "ᏧᏩᏏ",
          "cy": "ᏪᎵᏏ",
          "da": "ᏕᏂᏍ",
          "dak": "ᏓᎪᏔ",
          "dar": "ᏓᎳᏆ",
          "dav": "ᏔᎢᏔ",
          "de": "ᏙᎢᏥ",
          "de-AT": "ᎠᏟᏯᏂ ᎠᏂᏓᏥ",
          "de-CH": "ᏍᏫᏏ ᎦᎸᎳᏗ ᎠᏂᏓᏥ",
          "dgr": "ᎩᏟ ᎤᏄᎳᏥ",
          "dje": "ᏌᎹ",
          "dsb": "ᎡᎳᏗ ᏐᏈᎠᏂ",
          "dua": "ᏚᎠᎳ",
          "dv": "ᏗᏪᎯ",
          "dyo": "ᏦᎳ-ᏬᏱ",
          "dz": "ᏓᏐᏅᎧ",
          "dzg": "ᏓᏌᎦ",
          "ebu": "ᎡᎻᏊ",
          "ee": "ᎡᏪ",
          "efi": "ᎡᏫᎩ",
          "eka": "ᎨᎧᏧᎧ",
          "el": "ᎠᏂᎪᎢ",
          "en": "ᎩᎵᏏ",
          "en-AU": "ᎡᎳᏗᏜ ᎩᎵᏏ",
          "en-CA": "ᎨᎾᏓ ᎩᎵᏏ",
          "en-GB": "ᎩᎵᏏᏲ ᎩᎵᏏ",
          "en-GB-alt-short": "UK ᎩᎵᏏ",
          "en-US": "ᎠᎹᏰᏟ ᎩᎵᏏ",
          "en-US-alt-short": "US ᎩᎵᏏ",
          "eo": "ᎡᏍᏇᎳᏂᏙ",
          "es": "ᏍᏆᏂ",
          "es-419": "ᏔᏘᏂ ᎠᎹᏰᏟ ᏍᏆᏂ",
          "es-ES": "ᎠᏂᏍᏆᏂᏱ ᏍᏆᏂ",
          "es-MX": "ᏍᏆᏂᏱ ᏍᏆᏂ",
          "et": "ᎡᏍᏙᏂᎠᏂ",
          "eu": "ᏆᏍᎨ",
          "ewo": "ᎡᏬᏂᏙ",
          "fa": "ᏇᏏᎠᏂ",
          "ff": "ᏊᎳᏂ",
          "fi": "ᏈᏂᏍ",
          "fil": "ᎠᏈᎵᎩ",
          "fj": "ᏫᏥᎠᏂ",
          "fo": "ᏇᎶᎡᏍ",
          "fon": "ᏠᏂ",
          "fr": "ᎦᎸᏥ",
          "fr-CA": "ᎨᎾᏓ ᎦᎸᏥ",
          "fr-CH": "ᏍᏫᏏ ᎦᎸᏥ",
          "frc": "frc",
          "fur": "ᏞᎤᎵᎠᏂ",
          "fy": "ᏭᏕᎵᎬ ᏗᏜ ᏟᏏᎠᏂ",
          "ga": "ᎨᎵᎩ",
          "gaa": "Ꭶ",
          "gan": "gan",
          "gd": "ᏍᎦᏗ ᎨᎵᎩ",
          "gez": "ᎩᏏ",
          "gil": "ᎩᏇᏘᏏ",
          "gl": "ᎦᎵᏏᎠᏂ",
          "gn": "ᏆᎳᏂ",
          "gor": "ᎪᎶᏂᏔᏃ",
          "gsw": "ᏍᏫᏏ ᎠᏂᏓᏥ",
          "gu": "ᎫᏣᎳᏘ",
          "guz": "ᎫᏏ",
          "gv": "ᎹᎾᎧᏏ",
          "gwi": "ᏈᏥᏂ",
          "ha": "ᎭᎤᏌ",
          "hak": "hak",
          "haw": "ᎭᏩᎼ",
          "he": "ᎠᏂᏈᎷ",
          "hi": "ᎯᏂᏗ",
          "hil": "ᎯᎵᎨᎾᏂ",
          "hmn": "ᎭᎼᏂᎩ",
          "hr": "ᎧᎶᎡᏏᏂ",
          "hsb": "ᎦᎸᎳᏗᎨ ᏐᏈᎠᏂ",
          "hsn": "hsn",
          "ht": "ᎮᏏᎠᏂ ᏟᏲᎵ",
          "hu": "ᎲᏂᎦᎵᎠᏂ",
          "hup": "ᎠᏂᎱᏆ",
          "hy": "ᎠᎳᎻᎠᏂ",
          "hz": "ᎮᎴᎶ",
          "ia": "ᎠᏰᏟ ᎦᏬᏂᎯᏍᏗ",
          "iba": "ᎢᏆᏂ",
          "ibb": "ᎢᏈᏈᎣ",
          "id": "ᎢᏂᏙᏂᏏᎠ",
          "ig": "ᎢᎦᎪ",
          "ii": "ᏏᏧᏩᏂ Ᏹ",
          "ilo": "ᎢᎶᎪ",
          "inh": "ᎢᏂᎫᏏ",
          "io": "ᎢᏙ",
          "is": "ᏧᏁᏍᏓᎸᎯᎢᎩ",
          "it": "ᎬᏩᎵᏲᏥᎢ",
          "iu": "ᎢᏄᎦᏘᏚ",
          "ja": "ᏣᏩᏂᏏ",
          "jbo": "ᎶᏣᏆᏂ",
          "jgo": "ᎾᎪᏆ",
          "jmc": "ᎹᏣᎺ",
          "jv": "ᏆᏌ ᏣᏩ",
          "ka": "ᏦᏥᎠᏂ",
          "kab": "ᎧᏈᎴ",
          "kac": "ᎧᏥᏂ",
          "kaj": "ᏥᏧ",
          "kam": "ᎧᎻᏆ",
          "kbd": "ᎧᏆᏗᎠᏂ",
          "kcg": "ᏔᏯᏆ",
          "kde": "ᎹᎪᏕ",
          "kea": "ᎧᏊᏪᏗᎠᏄ",
          "kfo": "ᎪᎶ",
          "kha": "ᎧᏏ",
          "khq": "ᎪᏱᎳ ᏥᏂ",
          "ki": "ᎩᎫᏳ",
          "kj": "ᎫᏩᏂᎠᎹ",
          "kk": "ᎧᏌᎧ",
          "kkj": "ᎧᎪ",
          "kl": "ᎧᎳᎵᏑᏘ",
          "kln": "ᎧᎴᏂᏥᏂ",
          "km": "ᎩᎻᎷ",
          "kmb": "ᎩᎻᏊᏚ",
          "kn": "ᎧᎾᏓ",
          "ko": "ᎪᎵᎠᏂ",
          "kok": "ᎧᏂᎧᏂ",
          "kpe": "ᏇᎴ",
          "kr": "ᎧᏄᎵ",
          "krc": "ᎧᎳᏣᏱ-ᏆᎵᎧᎵ",
          "krl": "ᎧᎴᎵᎠᏂ",
          "kru": "ᎫᎷᎩ",
          "ks": "ᎧᏏᎻᎵ",
          "ksb": "ᏝᎻᏆᎸ",
          "ksf": "ᏆᏫᎠ",
          "ksh": "ᎪᎶᏂᎠᏂ",
          "ku": "ᎫᏗᏏ",
          "kum": "ᎫᎻᎧ",
          "kv": "ᎪᎻ",
          "kw": "ᏎᎷᎭ",
          "ky": "ᎩᎵᏣᎢᏍ",
          "la": "ᎳᏘᏂ",
          "lad": "ᎳᏗᏃ",
          "lag": "ᎳᏂᎩ",
          "lb": "ᎸᎦᏏᎻᏋᎢᏍ",
          "lez": "ᎴᏏᎦᏂ",
          "lg": "ᎦᏂᏓ",
          "li": "ᎴᎹᏊᎵᏏ",
          "lkt": "ᎳᎪᏓ",
          "ln": "ᎵᏂᎦᎳ",
          "lo": "ᎳᎣ",
          "lou": "lou",
          "loz": "ᎶᏏ",
          "lrc": "ᏧᏴᏢ ᏗᏜ ᎷᎵ",
          "lt": "ᎵᏚᏩᏂᎠᏂ",
          "lu": "ᎷᏆ-ᎧᏔᎦ",
          "lua": "ᎷᏆ-ᎷᎷᎠ",
          "lun": "ᎷᎾᏓ",
          "luo": "ᎷᎣ",
          "lus": "ᎻᏐ",
          "luy": "ᎷᏱᎠ",
          "lv": "ᎳᏘᏫᎠᏂ",
          "mad": "ᎹᏚᎴᏏ",
          "mag": "ᎹᎦᎯ",
          "mai": "ᎹᏟᎵ",
          "mak": "ᎹᎧᏌ",
          "mas": "ᎹᏌᏱ",
          "mdf": "ᎼᎧᏌ",
          "men": "ᎺᎾᏕ",
          "mer": "ᎺᎷ",
          "mfe": "ᎼᎵᏏᎡᏂ",
          "mg": "ᎹᎳᎦᏏ",
          "mgh": "ᎹᎫᏩ-ᎻᏙ",
          "mgo": "ᎺᎳ’",
          "mh": "ᎹᏌᎵᏏ",
          "mi": "ᎹᏫ",
          "mic": "ᎻᎧᎹᎩ",
          "min": "ᎻᎾᎧᏆᎤ",
          "mk": "ᎹᏎᏙᏂᎠᏂ",
          "ml": "ᎹᎳᏯᎳᎻ",
          "mn": "ᎹᏂᎪᎵᎠᏂ",
          "mni": "ᎺᏂᏉᎵ",
          "moh": "ᎼᎭᎩ",
          "mos": "ᎼᏍᏏ",
          "mr": "ᎹᎳᏘ",
          "ms": "ᎹᎴ",
          "mt": "ᎹᎵᏘᏍ",
          "mua": "ᎽᏂᏓᎩ",
          "mul": "ᏧᏈᏍᏗ ᏗᎦᏬᏂᎯᏍᏗ",
          "mus": "ᎠᎫᏌ",
          "mwl": "ᎻᎳᏕᏏ",
          "my": "ᏋᎻᏍ",
          "myv": "ᎡᏏᏯ",
          "mzn": "ᎹᏌᏕᎳᏂ",
          "na": "ᏃᎤᎷ",
          "nan": "nan",
          "nap": "ᏂᏯᏆᎵᏔᏂ",
          "naq": "ᎾᎹ",
          "nb": "ᏃᎵᏪᏥᏂ ᏉᎧᎹᎵ",
          "nd": "ᏧᏴᏢ ᏂᏕᏇᎴ",
          "nds-NL": "ᎡᎳᏗ ᏁᏛᎳᏂ",
          "ne": "ᏁᏆᎵ",
          "new": "ᏁᏩᎵ",
          "ng": "ᎾᏙᎦ",
          "nia": "ᏂᎠᏏ",
          "niu": "ᏂᏳᏫᏯᏂ",
          "nl": "ᏛᏥ",
          "nl-BE": "ᏊᎵᏥᎥᎻ ᏛᏥ",
          "nmg": "ᏆᏏᏲ",
          "nn": "ᏃᎵᏪᏥᏂ ᎾᎵᏍᎩ",
          "nnh": "ᎾᏥᏰᎹᏊᏂ",
          "nog": "ᏃᎦᏱ",
          "nqo": "ᎾᎪ",
          "nr": "ᏧᎦᎾᏮ ᏂᏕᏇᎴ",
          "nso": "ᏧᏴᏢ ᏗᏜ ᏐᏠ",
          "nus": "ᏄᏪᎵ",
          "nv": "ᎾᏩᎰ",
          "ny": "ᏂᏯᏂᏣ",
          "nyn": "ᏂᏯᎾᎪᎴ",
          "oc": "ᎠᏏᏔᏂ",
          "om": "ᎣᎶᎼ",
          "or": "ᎣᏗᎠ",
          "os": "ᎣᏎᏘᎧ",
          "pa": "ᏡᏂᏣᏈ",
          "pag": "ᏇᎦᏏᎠᏂ",
          "pam": "ᏆᎹᏆᎾᎦ",
          "pap": "ᏆᏈᏯᎺᎾᏙ",
          "pau": "ᏆᎳᎤᏩᏂ",
          "pcm": "ᎾᎩᎵᎠᏂ ᏈᏥᏂ",
          "pl": "ᏉᎵᏍ",
          "prg": "ᏡᏏᎠᏂ",
          "ps": "ᏆᏍᏙ",
          "pt": "ᏉᏧᎩᏍ",
          "pt-BR": "ᏆᏏᎵᎢ ᏉᏧᎩᏍ",
          "pt-PT": "ᏉᏥᎦᎳ ᏉᏧᎩᏍ",
          "qu": "ᎨᏧᏩ",
          "quc": "ᎩᏤ",
          "rap": "ᎳᏆᏄᏫ",
          "rar": "ᎳᎶᏙᎾᎦᏂ",
          "rm": "ᎠᏂᎶᎺᏂ",
          "rn": "ᎷᏂᏗ",
          "ro": "ᎶᎹᏂᎠᏂ",
          "ro-MD": "ᎹᎵᏙᏫᎠ ᏣᎹᏂᎠᏂ",
          "rof": "ᎶᎹᏉ",
          "root": "ᎤᎾᏍᎦᎸ",
          "ru": "ᏲᏅᎯ",
          "rup": "ᎠᏬᎹᏂᎠᏂ",
          "rw": "ᎩᏂᏯᏩᏂᏓ",
          "rwk": "Ꮖ",
          "sa": "ᏍᏂᏍᎩᏗ",
          "sad": "ᏌᏅᏓᏫ",
          "sah": "ᏌᎧᎾ",
          "saq": "ᏌᎹᏊᎷ",
          "sat": "ᏌᏂᏔᎵ",
          "sba": "ᎾᎦᎹᏇ",
          "sbp": "ᏌᏁᎫ",
          "sc": "ᏌᏗᏂᎠᏂ",
          "scn": "ᏏᏏᎵᎠᏂ",
          "sco": "ᏍᎦᏗ",
          "sd": "ᏏᏂᏗ",
          "se": "ᏧᏴᏢ ᏗᏜ ᏌᎻ",
          "see": "ᏏᏂᎦ",
          "seh": "ᏎᎾ",
          "ses": "ᎪᏱᎳᏈᎶ ᏎᏂ",
          "sg": "ᏌᏂᎪ",
          "shi": "ᏔᏤᎵᎯᏘ",
          "shn": "ᏝᏂ",
          "si": "ᏏᎾᎭᎳ",
          "sk": "ᏍᎶᏩᎩ",
          "sl": "ᏍᎶᏫᏂᎠᏂ",
          "sm": "ᏌᎼᏯᏂ",
          "sma": "ᏧᎦᎾᏮ ᏗᏜ ᏌᎻ",
          "smj": "ᎷᎴ ᏌᎻ",
          "smn": "ᎢᎾᎵ ᏌᎻ",
          "sms": "ᏍᎪᎵᏘ ᏌᎻ",
          "sn": "ᏠᎾ",
          "snk": "ᏐᏂᏂᎨ",
          "so": "ᏐᎹᎵ",
          "sq": "ᎠᎵᏇᏂ",
          "sr": "ᏒᏈᎠᏂ",
          "srn": "ᏏᎳᎾᏂ ᏙᏃᎪ",
          "ss": "ᏍᏩᏘ",
          "ssy": "ᏌᎰ",
          "st": "ᏧᎦᎾᏮ ᏗᏜ ᏐᏠ",
          "su": "ᏑᏂᏓᏂᏏ",
          "suk": "ᏑᎫᎹ",
          "sv": "ᏍᏫᏗᏏ",
          "sw": "ᏍᏩᎯᎵ",
          "sw-CD": "ᎧᏂᎪ ᏍᏩᎯᎵ",
          "swb": "ᎪᎼᎵᎠᏂ",
          "syr": "ᏏᎵᎠᎩ",
          "ta": "ᏔᎻᎵ",
          "te": "ᏖᎷᎦ",
          "tem": "ᏘᎹᏁ",
          "teo": "ᏖᏐ",
          "tet": "ᏖᏚᎼ",
          "tg": "ᏔᏥᎩ",
          "th": "ᏔᏱ",
          "ti": "ᏘᎩᎵᏂᎠ",
          "tig": "ᏢᏓᏥ",
          "tk": "ᎠᏂᎬᎾ",
          "tlh": "ᏟᎦᎾ",
          "tn": "ᏧᏩᎾ",
          "to": "ᏙᎾᎦᏂ",
          "tpi": "ᏙᎩ ᏈᏏᏂ",
          "tr": "ᎠᎬᎾ",
          "trv": "ᏔᎶᎪ",
          "ts": "ᏦᎾᎦ",
          "tt": "ᏔᏔ",
          "tum": "ᏛᎹᏊᎧ",
          "tvl": "ᏚᏩᎷ",
          "twq": "ᏔᏌᏩᎩ",
          "ty": "ᏔᎯᏘᎠᏂ",
          "tyv": "ᏚᏫᏂᎠᏂ",
          "tzm": "ᎠᏰᏟ ᎡᎶᎯ ᏓᏟᎶᏍᏗᏓᏅᎢ ᏔᎹᏏᏘ",
          "udm": "ᎤᏚᎷᏘ",
          "ug": "ᏫᎦ",
          "uk": "ᏳᎧᎴᏂᎠᏂ",
          "umb": "ᎤᎹᏊᏅᏚ",
          "und": "ᏄᏬᎵᏍᏛᎾ ᎦᏬᏂᎯᏍᏗ",
          "ur": "ᎤᎵᏚ",
          "uz": "ᎤᏍᏇᎩ",
          "vai": "ᏩᏱ",
          "ve": "ᏫᏂᏓ",
          "vi": "ᏫᎡᏘᎾᎻᏍ",
          "vo": "ᏬᎳᏊᎩ",
          "vun": "ᏭᎾᏦ",
          "wa": "ᏩᎷᎾ",
          "wae": "ᏩᎵᏎᎵ",
          "wal": "ᏬᎳᏱᏔ",
          "war": "ᏩᎴ",
          "wo": "ᏬᎶᏫ",
          "wuu": "wuu",
          "xal": "ᎧᎳᎻᎧ",
          "xh": "ᏠᏌ",
          "xog": "ᏐᎦ",
          "yav": "ᏰᎾᎦᏇᏂ",
          "ybb": "ᏰᎹᏋ",
          "yi": "ᏱᏗᏍ",
          "yo": "ᏲᏄᏆ",
          "yue": "ᎨᎾᏙᏂᏏ",
          "zgh": "ᎠᏟᎶᏍᏗ ᎼᎶᎪ ᏔᎹᏏᏘ",
          "zh": "ᏓᎶᏂᎨ",
          "zh-Hans": "ᎠᎯᏗᎨ ᏓᎶᏂᎨ",
          "zh-Hant": "ᎤᏦᏍᏗ ᏓᎶᏂᎨ",
          "zu": "ᏑᎷ",
          "zun": "ᏑᏂ",
          "zxx": "Ꮭ ᎦᏬᏂᎯᏍᏗ ᎦᎸᏛᎢ ᏱᎩ",
          "zza": "ᏌᏌ"
        }
      }
    }
  }
}
