{
  "main": {
    "chr": {
      "identity": {
        "version": {
          "_number": "$Revision: 13701 $",
          "_cldrVersion": "32"
        },
        "language": "chr"
      },
      "localeDisplayNames": {
        "localeDisplayPattern": {
          "localePattern": "{0} ({1})",
          "localeSeparator": "{0}, {1}",
          "localeKeyTypePattern": "{0}, {1}"
        },
        "keys": {
          "calendar": "ᏅᏙ ᏗᏎᏍᏗ",
          "cf": "ᎠᏕᎳ ᏱᎬᏁᎸᎯ",
          "collation": "ᏗᎦᏅᏃᏙᏗ ᏕᎦᏅᏃᏛᎢ",
          "currency": "ᎠᏕᎳ",
          "hc": "ᏑᏟᎶᏓ ᎠᏓᏁᏟᏴᏎᎬ (12 vs 24)",
          "lb": "ᎠᏍᏓᏅᏅ ᎠᏲᏍᏔᏅᎩ ᏂᏚᏍᏛ",
          "ms": "ᎠᏟᎶᏛ ᏄᏍᏗᏓᏅᎢ",
          "numbers": "ᏗᏎᏍᏗ"
        },
        "types": {
          "calendar": {
            "buddhist": "ᏊᏗᏍᏘ ᏅᏙ ᏗᏎᏍᏗ",
            "chinese": "ᏓᎶᏂᎨᏍᏛ ᏅᏙ ᏗᏎᏍᏗ",
            "coptic": "coptic",
            "dangi": "ᏓᏂᎩ ᏅᏙ ᏗᏎᏍᏗ",
            "ethiopic": "ᎢᏗᏯᏈᎩ ᏅᏙ ᏗᏎᏍᏗ",
            "ethiopic-amete-alem": "ethiopic-amete-alem",
            "gregorian": "ᎩᎴᎪᎵᎠᏂ ᏅᏙ ᏗᏎᏍᏗ",
            "hebrew": "ᎠᏂᏈᎷ ᏅᏙ ᏗᏎᏍᏗ",
            "indian": "indian",
            "islamic": "ᎢᏍᎳᎻᎩ ᏅᏙ ᏗᏎᏍᏗ",
            "islamic-civil": "islamic-civil",
            "islamic-rgsa": "islamic-rgsa",
            "islamic-tbla": "islamic-tbla",
            "islamic-umalqura": "islamic-umalqura",
            "iso8601": "ISO-8601 ᏅᏙ ᏗᏎᏍᏗ",
            "japanese": "ᏣᏆᏂᏏ ᏅᏙ ᏗᏎᏍᏗ",
            "persian": "ᏇᏏᎠᏂ ᏅᏙ ᏗᏎᏍᏗ",
            "roc": "ᏍᎦᏚᎩ ᎾᎿ ᏓᎶᏂᎨᏍᏛ ᏅᏙ ᏗᏎᏍᏗ"
          },
          "cf": {
            "account": "ᎠᏕᎳ ᏗᏎᎯᎯ ᎠᏕᎳ ᏱᎬᏁᎸᎯ",
            "standard": "ᎠᏟᎶᏍᏗ ᎠᏕᎳ ᏱᎬᏁᎸᎯ"
          },
          "collation": {
            "big5han": "big5han",
            "compat": "compat",
            "dictionary": "dictionary",
            "ducet": "ᎠᏓᏁᏟᏴᏗᏍᎩ Unicode ᏗᎦᏅᏃᏙᏗ ᏕᎦᏅᏃᏛᎢ",
            "emoji": "emoji",
            "eor": "eor",
            "gb2312han": "gb2312han",
            "phonebook": "phonebook",
            "pinyin": "pinyin",
            "reformed": "reformed",
            "search": "ᏂᎦᎥ-ᎢᏳᏱᎸᏗ ᎠᏱᏍᏗ",
            "searchjl": "searchjl",
            "standard": "ᎠᏟᎶᏍᏗ ᏗᎦᏅᏃᏙᏗ ᏕᎦᏅᏃᏛᎢ",
            "stroke": "stroke",
            "traditional": "traditional",
            "unihan": "unihan",
            "zhuyin": "zhuyin"
          },
          "hc": {
            "h11": "12 ᎢᏳᏟᎶᏓ ᏄᏍᏗᏓᏅᎢ (0–11)",
            "h12": "12 ᎢᏳᏟᎶᏓ ᏄᏍᏗᏓᏅᎢ (1–12)",
            "h23": "24 ᎢᏳᏟᎶᏓ ᏄᏍᏗᏓᏅᎢ (0–23)",
            "h24": "24 ᎢᏳᏟᎶᏓ ᏄᏍᏗᏓᏅᎢ (1–24)"
          },
          "lb": {
            "loose": "ᏩᎾᎢ ᎠᏍᏓᏅᏅ ᎠᏲᏍᏔᏅᎩ ᏂᏚᏍᏛ",
            "normal": "ᏱᎬᏍᏗᎭᏊ ᎠᏍᏓᏅᏅ ᎠᏲᏍᏔᏅᎩ ᏂᏚᏍᏛ",
            "strict": "ᎤᎶᏒᏍᏔᏅᎯ ᎠᏍᏓᏅᏅ ᎠᏲᏍᏔᏅᎩ ᏂᏚᏍᏛ"
          },
          "ms": {
            "metric": "ᎠᏂᎩᎸᏥ ᏂᏓᏳᏓᎴᏅᎯ ᏗᏎᏍᏗ ᏄᏍᏗᏓᏅᎢ",
            "uksystem": "ᏂᎬᎾᏛᎢ ᎤᏓᏤᎵᎦᏯ ᎠᏟᎶᏛ ᏄᏍᏗᏓᏅᎢ",
            "ussystem": "US ᎠᏟᎶᏛ ᏄᏍᏗᏓᏅᎢ"
          },
          "numbers": {
            "ahom": "ahom",
            "arab": "ᎠᎳᏈ-ᎡᏂᏗᎩ ᏗᏎᏍᏗ",
            "arabext": "ᎦᏅᎯᏛ ᎠᎳᏈ-ᎡᏂᏗᎩ ᏗᏎᏍᏗ",
            "armn": "ᎠᎳᎻᎠᏂ ᏗᏎᏍᏗ",
            "armnlow": "ᎠᎳᎻᎠᏂ ᏧᏍᏗ ᏗᎪᏪᎵ ᏗᏎᏍᏗ",
            "bali": "bali",
            "beng": "ᏇᏂᎦᎳ ᏗᏎᏍᏗ",
            "brah": "brah",
            "cakm": "cakm",
            "cham": "cham",
            "cyrl": "cyrl",
            "deva": "ᏕᏫᎾᎦᎵ ᏗᏎᏍᏗ",
            "ethi": "ᎢᏗᏯᏈᎩ ᏗᏎᏍᏗ",
            "fullwide": "ᎧᎵᎢ-ᎾᏯᏛᏒ ᏗᏎᏍᏗ",
            "geor": "ᎩᎴᎪᎵᎠᏂ ᏗᏎᏍᏗ",
            "gonm": "gonm",
            "grek": "ᎠᏂᎪᎢ ᏗᏎᏍᏗ",
            "greklow": "ᎠᏂᎪᎢ ᏧᏍᏗ ᏗᎪᏪᎵ ᏗᏎᏍᏗ",
            "gujr": "ᎫᏣᎳᏘ ᏗᏎᏍᏗ",
            "guru": "ᎬᎹᎩ ᏗᏎᏍᏗ",
            "hanidec": "ᏓᎶᏂᎨ ᏕᏏᎹᎵ ᏗᏎᏍᏗ",
            "hans": "ᎠᎯᏗᎨ ᏓᎶᏂᎨ ᏗᏎᏍᏗ",
            "hansfin": "ᎠᎯᏗᎨ ᏓᎶᏂᎨ ᎠᏕᎳ ᏗᏎᏍᏗ",
            "hant": "ᎤᏦᏍᏗ ᏓᎶᏂᎨ ᏗᏎᏍᏗ",
            "hantfin": "ᎤᏦᏍᏗ ᏓᎶᏂᎨ ᎠᏕᎳ ᏗᏎᏍᏗ",
            "hebr": "ᎠᏂᏈᎷ ᏗᏎᏍᏗ",
            "hmng": "hmng",
            "java": "java",
            "jpan": "ᏣᏆᏂᏏ ᏗᏎᏍᏗ",
            "jpanfin": "ᏣᏆᏂᏏ ᎠᏕᎳ ᏗᏎᏍᏗ",
            "kali": "kali",
            "khmr": "ᎩᎻᎷ ᏗᏎᏍᏗ",
            "knda": "ᎧᎾᏓ ᏗᏎᏍᏗ",
            "lana": "lana",
            "lanatham": "lanatham",
            "laoo": "ᎳᎣ ᏗᏎᏍᏗ",
            "latn": "ᏭᏗᎵᎬ ᏗᏜ ᏗᏎᏍᏗ",
            "lepc": "lepc",
            "limb": "limb",
            "mathbold": "mathbold",
            "mathdbl": "mathdbl",
            "mathmono": "mathmono",
            "mathsanb": "mathsanb",
            "mathsans": "mathsans",
            "mlym": "ᎹᎳᏯᎳᎻ ᏗᏎᏍᏗ",
            "modi": "modi",
            "mong": "mong",
            "mroo": "mroo",
            "mtei": "mtei",
            "mymr": "ᎹᏯᎹᎵ ᏗᏎᏍᏗ",
            "mymrshan": "mymrshan",
            "mymrtlng": "mymrtlng",
            "nkoo": "nkoo",
            "olck": "olck",
            "orya": "ᎣᏗᎠ ᏗᏎᏍᏗ",
            "osma": "osma",
            "roman": "ᎠᏂᎶᎻ ᏗᏎᏍᏗ",
            "romanlow": "ᎠᏂᎶᎻ ᏧᏍᏗ ᏗᎪᏪᎵ ᏗᏎᏍᏗ",
            "saur": "saur",
            "shrd": "shrd",
            "sind": "sind",
            "sinh": "sinh",
            "sora": "sora",
            "sund": "sund",
            "takr": "takr",
            "talu": "talu",
            "taml": "ᎤᏦᏍᏗ ᏔᎻᎵ ᏗᏎᏍᏗ",
            "tamldec": "ᏔᎻᎵ ᏗᏎᏍᏗ",
            "telu": "ᏖᎷᎦ ᏗᏎᏍᏗ",
            "thai": "ᏔᏱ ᏗᏎᏍᏗ",
            "tibt": "ᏘᏇᏔᏂ ᏗᏎᏍᏗ",
            "tirh": "tirh",
            "vaii": "vaii",
            "wara": "wara"
          }
        },
        "codePatterns": {
          "language": "ᎦᏬᏂᎯᏍᏗ: {0}",
          "script": "ᎧᏁᎢᏍᏗ: {0}",
          "territory": "ᎢᎬᎾᏕᎾ: {0}"
        }
      }
    }
  }
}
