{
  "main": {
    "chr": {
      "identity": {
        "version": {
          "_number": "$Revision: 13701 $",
          "_cldrVersion": "32"
        },
        "language": "chr"
      },
      "localeDisplayNames": {
        "scripts": {
          "Adlm": "Adlm",
          "Aghb": "Aghb",
          "Ahom": "Ahom",
          "Arab": "ᎡᎳᏈᎩ",
          "Armi": "Armi",
          "Armn": "ᎠᎳᎻᎠᏂ",
          "Avst": "Avst",
          "Bali": "Bali",
          "Bamu": "Bamu",
          "Bass": "Bass",
          "Batk": "Batk",
          "Beng": "ᏇᏂᎦᎠ",
          "Bhks": "Bhks",
          "Bopo": "ᏆᏉᎼᏬ",
          "Brah": "Brah",
          "Brai": "ᏗᏂᎨᏫ ᎤᏃᏪᎶᏙᏗ",
          "Bugi": "Bugi",
          "Buhd": "Buhd",
          "Cakm": "Cakm",
          "Cans": "Cans",
          "Cari": "Cari",
          "Cham": "Cham",
          "Cher": "ᏣᎳᎩ",
          "Copt": "Copt",
          "Cprt": "Cprt",
          "Cyrl": "ᏲᏂᎢ ᏗᎪᏪᎵ",
          "Deva": "ᏕᏫᎾᎦᎵ",
          "Dsrt": "Dsrt",
          "Dupl": "Dupl",
          "Egyp": "Egyp",
          "Elba": "Elba",
          "Ethi": "ᎢᏗᏯᏈᎩ",
          "Geor": "ᏦᏥᎠᏂ",
          "Glag": "Glag",
          "Gonm": "Gonm",
          "Goth": "Goth",
          "Gran": "Gran",
          "Grek": "ᎪᎢ",
          "Gujr": "ᎫᏣᎳᏘ",
          "Guru": "ᎬᎹᎩ",
          "Hanb": "ᎭᏂ-ᏆᏉᎼᏬ",
          "Hang": "ᎭᏂᎫᎵ",
          "Hani": "ᎭᏂ",
          "Hano": "Hano",
          "Hans": "ᎠᎯᏗᎨ",
          "Hans-alt-stand-alone": "ᎠᎯᏗᎨ ᎭᏂ",
          "Hant": "ᎤᏦᏍᏗ",
          "Hant-alt-stand-alone": "ᎤᏦᏍᏗ ᎭᏂ",
          "Hatr": "Hatr",
          "Hebr": "ᎠᏂᏈᎵ",
          "Hira": "ᎯᎳᎦᎾ",
          "Hluw": "Hluw",
          "Hmng": "Hmng",
          "Hrkt": "ᏣᏩᏂᏏ ᏧᏃᏴᎩ",
          "Hung": "Hung",
          "Ital": "Ital",
          "Jamo": "ᏣᎼ",
          "Java": "Java",
          "Jpan": "ᏣᏆᏂᏏ",
          "Kali": "Kali",
          "Kana": "ᎧᏔᎧᎾ",
          "Khar": "Khar",
          "Khmr": "ᎩᎻᎷ",
          "Khoj": "Khoj",
          "Knda": "ᎧᎾᏓ",
          "Kore": "ᎪᎵᎠᏂ",
          "Kthi": "Kthi",
          "Lana": "Lana",
          "Laoo": "ᎳᎣ",
          "Latn": "ᎳᏘᏂ",
          "Lepc": "Lepc",
          "Limb": "Limb",
          "Lina": "Lina",
          "Linb": "Linb",
          "Lisu": "Lisu",
          "Lyci": "Lyci",
          "Lydi": "Lydi",
          "Mahj": "Mahj",
          "Mand": "Mand",
          "Mani": "Mani",
          "Marc": "Marc",
          "Mend": "Mend",
          "Merc": "Merc",
          "Mero": "Mero",
          "Mlym": "ᎹᎳᏯᎳᎻ",
          "Modi": "Modi",
          "Mong": "ᎹᏂᎪᎵᎠᏂ",
          "Mroo": "Mroo",
          "Mtei": "Mtei",
          "Mult": "Mult",
          "Mymr": "ᎹᎡᏂᎹᎳ",
          "Narb": "Narb",
          "Nbat": "Nbat",
          "Newa": "Newa",
          "Nkoo": "Nkoo",
          "Nshu": "Nshu",
          "Ogam": "Ogam",
          "Olck": "Olck",
          "Orkh": "Orkh",
          "Orya": "ᎣᏗᎠ",
          "Osge": "Osge",
          "Osma": "Osma",
          "Palm": "Palm",
          "Pauc": "Pauc",
          "Perm": "Perm",
          "Phag": "Phag",
          "Phli": "Phli",
          "Phlp": "Phlp",
          "Phnx": "Phnx",
          "Plrd": "Plrd",
          "Prti": "Prti",
          "Rjng": "Rjng",
          "Runr": "Runr",
          "Samr": "Samr",
          "Sarb": "Sarb",
          "Saur": "Saur",
          "Sgnw": "Sgnw",
          "Shaw": "Shaw",
          "Shrd": "Shrd",
          "Sidd": "Sidd",
          "Sind": "Sind",
          "Sinh": "ᏏᏅᎭᎳ",
          "Sora": "Sora",
          "Soyo": "Soyo",
          "Sund": "Sund",
          "Sylo": "Sylo",
          "Syrc": "Syrc",
          "Tagb": "Tagb",
          "Takr": "Takr",
          "Tale": "Tale",
          "Talu": "Talu",
          "Taml": "ᏔᎻᎵ",
          "Tang": "Tang",
          "Tavt": "Tavt",
          "Telu": "ᏖᎷᎦ",
          "Tfng": "Tfng",
          "Tglg": "Tglg",
          "Thaa": "ᏔᎠᎾ",
          "Thai": "ᏔᏱ ᏔᏯᎴᏂ",
          "Tibt": "ᏘᏇᏔᏂ",
          "Tirh": "Tirh",
          "Ugar": "Ugar",
          "Vaii": "Vaii",
          "Wara": "Wara",
          "Xpeo": "Xpeo",
          "Xsux": "Xsux",
          "Yiii": "Yiii",
          "Zanb": "Zanb",
          "Zinh": "Zinh",
          "Zmth": "ᎠᏰᎦᎴᏴᏫᏍᎩ ᎠᎤᏓᏗᏍᏙᏗ",
          "Zsye": "ᎡᎼᏥ",
          "Zsym": "ᏗᎬᏟᎶᏍᏙᏗ",
          "Zxxx": "ᎪᏪᎳᏅ ᏂᎨᏒᎾ",
          "Zyyy": "ᏯᏃᏉ ᏱᎬᏍᏛᏭ",
          "Zzzz": "ᏄᏬᎵᏍᏛᎾ ᎠᏍᏓᏩᏛᏍᏙᏗ"
        }
      }
    }
  }
}
