{
  "main": {
    "chr": {
      "identity": {
        "version": {
          "_number": "$Revision: 13701 $",
          "_cldrVersion": "32"
        },
        "language": "chr"
      },
      "localeDisplayNames": {
        "territories": {
          "001": "ᎡᎶᎯ",
          "002": "ᎬᎿᎨᏍᏛ",
          "003": "ᏧᏴᏢ ᎠᎹᏰᏟ",
          "005": "ᏧᎦᏃᏮ ᎠᎺᎵᎦ",
          "009": "ᎣᏏᏰᏂᎠ",
          "011": "ᏭᏕᎵᎬ ᏗᏜ ᎬᎿᎨᏍᏛ",
          "013": "ᎠᏰᏟ ᎠᎹᏰᏟ",
          "014": "ᏗᎧᎸᎬ ᏗᏜ ᎬᎿᎨᏍᏛ",
          "015": "ᏧᏴᏢ ᏗᏜ ᎬᎿᎨᏍᏛ",
          "017": "ᎠᏰᏟ ᎬᎿᎨᏍᏛ",
          "018": "ᏧᎦᎾᏮ ᏗᏜ ᎬᎿᎨᏍᏛ",
          "019": "ᎠᎺᎵᎦᎢ",
          "021": "ᏧᏴᏢ ᏗᏜ ᎠᎹᏰᏟ",
          "029": "ᎨᏆᏙᏯ",
          "030": "ᏗᎧᎸᎬ ᏗᏜ ᏓᎶᏂᎨᏍᏛ",
          "034": "ᏧᎦᎾᏮ ᏗᏜ ᏓᎶᏂᎨᏍᏛ",
          "035": "ᏧᎦᎾᏮ ᏗᎧᎸᎬ ᏓᎶᏂᎨᏍᏛ",
          "039": "ᏧᎦᎾᏮ ᏗᏜ ᏳᎳᏛ",
          "053": "ᎠᏍᏔᎴᏏᎠ",
          "054": "ᎺᎳᏁᏏᎠ",
          "057": "ᎠᏰᏟ ᏧᎾᎵᎪᎯ ᎾᎿ ᎹᎢᏉᏂᏏᏯ ᎢᎬᎾᏕᎾ",
          "061": "ᏆᎵᏂᏏᎠ",
          "142": "ᏓᎶᎾᎨᏍᏛ",
          "143": "ᎠᏰᏟ ᏓᎶᏂᎨᏍᏛ",
          "145": "ᏭᏕᎵᎬ ᏗᏜ ᏓᎶᏂᎨᏍᏛ",
          "150": "ᏳᎳᏛ",
          "151": "ᏗᎧᎸᎬ ᏗᏜ ᏳᎳᏛ",
          "154": "ᏧᏴᏢ ᏗᏜ ᏳᎳᏛ",
          "155": "ᏭᏕᎵᎬ ᏗᏜ ᏳᎳᏛ",
          "202": "202",
          "419": "ᎳᏘᏂ ᎠᎹᏰᏟ",
          "AC": "ᎤᎵᏌᎳᏓᏅ ᎤᎦᏚᏛᎢ",
          "AD": "ᎠᏂᏙᎳ",
          "AE": "ᏌᏊ ᎢᏳᎾᎵᏍᏔᏅ ᎡᎳᏈ ᎢᎹᎵᏘᏏ",
          "AF": "ᎠᏫᎨᏂᏍᏖᏂ",
          "AG": "ᎤᏪᏘ ᎠᎴ ᏆᏊᏓ",
          "AI": "ᎠᏂᎩᎳ",
          "AL": "ᎠᎵᏇᏂᏯ",
          "AM": "ᎠᎵᎻᏂᎠ",
          "AO": "ᎠᏂᎪᎳ",
          "AQ": "ᏧᏁᏍᏓᎸ",
          "AR": "ᎠᏥᏂᏘᏂᎠ",
          "AS": "ᎠᎺᎵᎧ ᏌᎼᎠ",
          "AT": "ᎠᏍᏟᏯ",
          "AU": "ᎡᎳᏗᏜ",
          "AW": "ᎠᎷᏆ",
          "AX": "ᎣᎴᏅᏓ ᏚᎦᏚᏛᎢ",
          "AZ": "ᎠᏎᏆᏣᏂ",
          "BA": "ᏉᏏᏂᎠ ᎠᎴ ᎲᏤᎪᏫ",
          "BB": "ᏆᏇᏙᏍ",
          "BD": "ᏆᏂᎦᎵᏕᏍ",
          "BE": "ᏇᎵᏥᎥᎻ",
          "BF": "ᏋᎩᎾ ᏩᏐ",
          "BG": "ᏊᎵᎨᎵᎠ",
          "BH": "ᏆᎭᎴᎢᏂ",
          "BI": "ᏋᎷᏂᏗ",
          "BJ": "ᏆᏂᎢᏂ",
          "BL": "ᎤᏓᏅᏘ ᏆᏕᎳᎻ",
          "BM": "ᏆᏊᏓ",
          "BN": "ᏊᎾᎢ",
          "BO": "ᏉᎵᏫᎠ",
          "BQ": "ᎧᎵᏈᎢᏂᎯ ᎾᏍᎩᏁᏛᎳᏂ",
          "BR": "ᏆᏏᎵ",
          "BS": "ᎾᏍᎩ ᏆᎭᎹᏍ",
          "BT": "ᏊᏔᏂ",
          "BV": "ᏊᏪ ᎤᎦᏚᏛᎢ",
          "BW": "ᏆᏣᏩᎾ",
          "BY": "ᏇᎳᎷᏍ",
          "BZ": "ᏇᎵᏍ",
          "CA": "ᎨᎾᏓ",
          "CC": "ᎪᎪᏍ (ᎩᎵᏂ) ᏚᎦᏚᏛᎢ",
          "CD": "ᎧᏂᎪ - ᎨᏂᏝᏌ",
          "CD-alt-variant": "ᎧᏂᎪ (DRC)",
          "CF": "ᎬᎿᎨᏍᏛ ᎠᏰᏟ ᏍᎦᏚᎩ",
          "CG": "ᎧᏂᎪ - ᏆᏌᏩᎵ",
          "CG-alt-variant": "ᎧᏂᎪ (ᏍᎦᏚᎩ)",
          "CH": "ᏍᏫᏍ",
          "CI": "ᎢᏬᎵ ᎾᎿ ᎠᎹᏳᎶᏗ",
          "CI-alt-variant": "ᎤᏁᎬ ᎪᎳ ᎠᎹᏳᎶᏗ",
          "CK": "ᎠᏓᏍᏓᏴᎲᏍᎩ ᏚᎦᏚᏛᎢ",
          "CL": "ᏥᎵ",
          "CM": "ᎧᎹᎷᏂ",
          "CN": "ᏓᎶᏂᎨᏍᏛ",
          "CO": "ᎪᎸᎻᏈᎢᎠ",
          "CP": "ᎦᏂᏴᏔᏅᎣᏓᎸ ᎤᎦᏚᏛᎢ",
          "CR": "ᎪᏍᏓ ᎵᎧ",
          "CU": "ᎫᏆ",
          "CV": "ᎢᎬᎾᏕᎾ ᎢᏤᏳᏍᏗ",
          "CW": "ᎫᎳᎨᎣ",
          "CX": "ᏓᏂᏍᏓᏲᎯᎲ ᎤᎦᏚᏛᎢ",
          "CY": "ᏌᎢᏆᏍ",
          "CZ": "ᏤᎩᎠ",
          "CZ-alt-variant": "ᏤᎩ ᏍᎦᏚᎩ",
          "DE": "ᎠᏂᏛᏥ",
          "DG": "ᏗᏰᎪ ᎦᏏᏯ",
          "DJ": "ᏥᏊᏗ",
          "DK": "ᏗᏂᎹᎦ",
          "DM": "ᏙᎻᏂᎧ",
          "DO": "ᏙᎻᏂᎧᏂ ᏍᎦᏚᎩ",
          "DZ": "ᎠᎵᏥᎵᏯ",
          "EA": "ᏑᏔ ᎠᎴ ᎺᎵᏯ",
          "EC": "ᎡᏆᏙᎵ",
          "EE": "ᎡᏍᏙᏂᏯ",
          "EG": "ᎢᏥᏈᎢ",
          "EH": "ᏭᏕᎵᎬ ᏗᏜ ᏌᎮᎳ",
          "ER": "ᎡᎵᏟᏯ",
          "ES": "ᎠᏂᏍᏆᏂᏱ",
          "ET": "ᎢᏗᎣᏈᎠ",
          "EU": "ᏳᎳᏛ ᎠᏂᎤᎾᏓᏡᎬ",
          "EZ": "ᏳᎶᎠᏍᏓᏅᏅ",
          "FI": "ᏫᏂᎦᏙᎯ",
          "FJ": "ᏫᏥ",
          "FK": "ᏩᎩ ᏚᎦᏚᏛᎢ",
          "FK-alt-variant": "ᏩᎩ ᏚᎦᏚᏛᎢ (ᎢᏍᎳᏍ ᎹᎸᏫᎾᏍ)",
          "FM": "ᎹᎢᏉᏂᏏᏯ",
          "FO": "ᏪᎶ ᏚᎦᏚᏛᎢ",
          "FR": "ᎦᎸᏥᏱ",
          "GA": "ᎦᏉᏂ",
          "GB": "ᎩᎵᏏᏲ",
          "GB-alt-short": "UK",
          "GD": "ᏋᎾᏓ",
          "GE": "ᏣᎠᏥᎢ",
          "GF": "ᎠᏂᎦᎸᏥ ᎩᎠ",
          "GG": "ᎬᏂᏏ",
          "GH": "ᎦᎠᎾ",
          "GI": "ᏥᏆᎵᏓ",
          "GL": "ᎢᏤᏍᏛᏱ",
          "GM": "ᎦᎹᏈᎢᎠ",
          "GN": "ᎩᎢᏂ",
          "GP": "ᏩᏓᎷᏇ",
          "GQ": "ᎡᏆᏙᎵᎠᎵ ᎩᎢᏂ",
          "GR": "ᎪᎢᎯ",
          "GS": "ᏧᎦᏃᏮ ᏣᎠᏥᎢ ᎠᎴ ᎾᏍᎩ ᏧᎦᏃᏮ ᎠᏍᏛᎭᏟ ᏚᎦᏚᏛᎢ",
          "GT": "ᏩᏔᎹᎳ",
          "GU": "ᏆᎻ",
          "GW": "ᎩᎢᏂ-ᏈᏌᎤᏫ",
          "GY": "ᎦᏯᎾ",
          "HK": "ᎰᏂᎩ ᎪᏂᎩ ᎤᏓᏤᎵᏓ ᏧᏂᎸᏫᏍᏓᏁᏗ ᎢᎬᎾᏕᎾ ᏓᎶᏂᎨᏍᏛ",
          "HK-alt-short": "ᎰᏂᎩ ᎪᏂᎩ",
          "HM": "ᎲᏗ ᎤᎦᏚᏛᎢ ᎠᎴ ᎺᎩᏓᎾᎵᏗ ᏚᎦᏚᏛᎢ",
          "HN": "ᎭᏂᏚᎳᏍ",
          "HR": "ᎧᎶᎡᏏᎠ",
          "HT": "ᎮᎢᏘ",
          "HU": "ᎲᏂᎦᎵ",
          "IC": "ᏥᏍᏆ ᏚᎦᏚᏛᎢ",
          "ID": "ᎢᏂᏙᏂᏍᏯ",
          "IE": "ᎠᏲᎳᏂ",
          "IL": "ᎢᏏᎵᏱ",
          "IM": "ᎤᏍᏗ ᎤᎦᏚᏛᎢ ᎾᎿ ᎠᏍᎦᏯ",
          "IN": "ᎢᏅᏗᎾ",
          "IO": "ᏈᏗᏏ ᏴᏫᏯ ᎠᎺᏉ ᎢᎬᎾᏕᏅ",
          "IQ": "ᎢᎳᎩ",
          "IR": "ᎢᎴᏂ",
          "IS": "ᏧᏁᏍᏓᎸᎯ",
          "IT": "ᎢᏔᎵ",
          "JE": "ᏨᎵᏏ",
          "JM": "ᏣᎺᎢᎧ",
          "JO": "ᏦᏓᏂ",
          "JP": "ᏣᏩᏂᏏ",
          "KE": "ᎨᏂᏯ",
          "KG": "ᎩᎵᏣᎢᏍ",
          "KH": "ᎧᎹᏉᏗᎠᏂ",
          "KI": "ᎧᎵᏆᏘ",
          "KM": "ᎪᎼᎳᏍ",
          "KN": "ᎤᏓᏅᏘ ᎨᏘᏏ ᎠᎴ ᏁᏪᏏ",
          "KP": "ᏧᏴᏢ ᎪᎵᎠ",
          "KR": "ᏧᎦᏃᏮ ᎪᎵᎠ",
          "KW": "ᎫᏪᎢᏘ",
          "KY": "ᎨᎢᎹᏂ ᏚᎦᏚᏛᎢ",
          "KZ": "ᎧᏎᎧᏍᏕᏂ",
          "LA": "ᎴᎣᏍ",
          "LB": "ᎴᏆᎾᏂ",
          "LC": "ᎤᏓᏅᏘ ᎷᏏᏯ",
          "LI": "ᎵᎦᏗᏂᏍᏓᏂ",
          "LK": "ᏍᎵ ᎳᏂᎧ",
          "LR": "ᎳᏈᎵᏯ",
          "LS": "ᎴᏐᏙ",
          "LT": "ᎵᏗᏪᏂᎠ",
          "LU": "ᎸᎧᏎᏋᎩ",
          "LV": "ᎳᏘᏫᎠ",
          "LY": "ᎵᏈᏯ",
          "MA": "ᎼᎶᎪ",
          "MC": "ᎹᎾᎪ",
          "MD": "ᎹᎵᏙᏫᎠ",
          "ME": "ᎼᏂᏔᏁᎦᎶ",
          "MF": "ᎤᏓᏅᏘ ᏡᏡ",
          "MG": "ᎹᏓᎦᏍᎧᎵ",
          "MH": "ᎹᏌᎵ ᏚᎦᏚᏛᎢ",
          "MK": "ᎹᏎᏙᏂᏯ",
          "MK-alt-variant": "ᎹᏎᏙᏂᏯ (FYROM)",
          "ML": "ᎹᎵ",
          "MM": "ᎹᏯᎹᎵ",
          "MN": "ᎹᏂᎪᎵᎠ",
          "MO": "ᎹᎧᎣ (ᎤᏓᏤᎵᏓ ᏧᏂᎸᏫᏍᏓᏁᏗ ᎢᎬᎾᏕᎾ) ᏣᎢ",
          "MO-alt-short": "ᎹᎧᎣ",
          "MP": "ᏧᏴᏢ ᏗᏜ ᎹᎵᎠᎾ ᏚᎦᏚᏛᎢ",
          "MQ": "ᎹᏘᏂᎨ",
          "MR": "ᎹᏘᎢᏯ",
          "MS": "ᎹᏂᏘᏌᎳᏗ",
          "MT": "ᎹᎵᏔ",
          "MU": "ᎼᎵᏏᎥᏍ",
          "MV": "ᎹᎵᏗᏫᏍ",
          "MW": "ᎹᎳᏫ",
          "MX": "ᎠᏂᏍᏆᏂ",
          "MY": "ᎹᎴᏏᎢᎠ",
          "MZ": "ᎼᏎᎻᏇᎩ",
          "NA": "ᎾᎻᏈᎢᏯ",
          "NC": "ᎢᏤ ᎧᎵᏙᏂᎠᏂ",
          "NE": "ᎾᎢᏨ",
          "NF": "ᏃᎵᏬᎵᎩ ᎤᎦᏚᏛᎢ",
          "NG": "ᏂᏥᎵᏯ",
          "NI": "ᏂᎧᎳᏆ",
          "NL": "ᏁᏛᎳᏂ",
          "NO": "ᏃᏪ",
          "NP": "ᏁᏆᎵ",
          "NR": "ᏃᎤᎷ",
          "NU": "ᏂᏳ",
          "NZ": "ᎢᏤ ᏏᎢᎴᏂᏗ",
          "OM": "ᎣᎺᏂ",
          "PA": "ᏆᎾᎹ",
          "PE": "ᏇᎷ",
          "PF": "ᎠᏂᎦᎸᏥ ᏆᎵᏂᏏᎠ",
          "PG": "ᏆᏇ ᎢᏤ ᎩᎢᏂ",
          "PH": "ᎠᏂᏈᎵᎩᏃ",
          "PK": "ᏆᎩᏍᏖᏂ",
          "PL": "ᏉᎳᏂ",
          "PM": "ᎤᏓᏅᏘ ᏈᏰ ᎠᎴ ᎻᏇᎶᏂ",
          "PN": "ᏈᎧᎵᏂ ᏚᎦᏚᏛᎢ",
          "PR": "ᏇᎡᏙ ᎵᎢᎪ",
          "PS": "ᏆᎴᏍᏗᏂᎠᏂ ᏄᎬᏫᏳᏌᏕᎩ",
          "PS-alt-short": "ᏆᎴᏍᏗᏂ",
          "PT": "ᏉᏥᎦᎳ",
          "PW": "ᏆᎴᎠᏫ",
          "PY": "ᏆᎳᏇᎢᏯ",
          "QA": "ᎧᏔᎵ",
          "QO": "ᎠᏍᏛ ᎣᏏᏰᏂᎠ",
          "RE": "ᎴᏳᏂᎠᏂ",
          "RO": "ᎶᎹᏂᏯ",
          "RS": "ᏒᏈᏯ",
          "RU": "ᏲᏂᎢ",
          "RW": "ᎶᏩᏂᏓ",
          "SA": "ᏌᎤᏗ ᎡᎴᏈᎠ",
          "SB": "ᏐᎶᎹᏂ ᏚᎦᏚᏛᎢ",
          "SC": "ᏏᎡᏥᎵᏍ",
          "SD": "ᏑᏕᏂ",
          "SE": "ᏍᏫᏕᏂ",
          "SG": "ᏏᏂᎦᏉᎵ",
          "SH": "ᎤᏓᏅᏘ ᎮᎵᎾ",
          "SI": "ᏍᎶᏫᏂᎠ",
          "SJ": "ᏍᏩᎵᏆᎵᏗ ᎠᎴ ᏤᏂ ᎹᏰᏂ",
          "SK": "ᏍᎶᏩᎩᎠ",
          "SL": "ᏏᎡᎳ ᎴᎣᏂ",
          "SM": "ᎤᏓᏅᏘ ᎹᎵᎢᏃ",
          "SN": "ᏏᏂᎦᎵ",
          "SO": "ᏐᎹᎵ",
          "SR": "ᏒᎵᎾᎻ",
          "SS": "ᏧᎦᎾᏮ ᏑᏕᏂ",
          "ST": "ᏌᎣ ᏙᎺ ᎠᎴ ᏈᏂᏏᏇ",
          "SV": "ᎡᎵᏌᎵᏆᏙᎵ",
          "SX": "ᏏᏂᏘ ᎹᏘᏂ",
          "SY": "ᏏᎵᎠ",
          "SZ": "ᎠᏂᏍᏩᏏᎢ",
          "TA": "ᏟᏍᏛᏂ Ꮣ ᎫᎾᎭ",
          "TC": "ᎠᏂᏛᎵᎩ ᎠᎴ ᎨᎢᎪ ᏚᎦᏚᏛᎢ",
          "TD": "ᏣᏗ",
          "TF": "ᎠᏂᎦᎸᏥ ᏧᎦᎾᏮ ᎦᏙᎯ ᎤᎵᏍᏛᎢ",
          "TG": "ᏙᎪ",
          "TH": "ᏔᏯᎴᏂ",
          "TJ": "ᏔᏥᎩᏍᏕᏂ",
          "TK": "ᏙᎨᎳᏭ",
          "TL": "ᏘᎼᎵ-ᎴᏍᏖ",
          "TL-alt-variant": "ᏗᎧᎸᎬᎢ ᏘᎼᎵ",
          "TM": "ᏛᎵᎩᎺᏂᏍᏔᏂ",
          "TN": "ᏚᏂᏏᏍᎠ",
          "TO": "ᏔᏂᎪ",
          "TR": "ᎬᏃ",
          "TT": "ᏟᏂᏕᏗ ᎠᎴ ᏙᏆᎪ",
          "TV": "ᏚᏩᎷ",
          "TW": "ᏔᎢᏩᏂ",
          "TZ": "ᏖᏂᏏᏂᏯ",
          "UA": "ᏳᎧᎴᏂ",
          "UG": "ᏳᎦᏂᏓ",
          "UM": "U.S. ᎠᏍᏛ ᏚᎦᏚᏛᎢ",
          "UN": "ᏌᏊ ᎢᏳᎾᎵᏍᏔᏅ ᎠᏰᎵ ᏚᎾᏙᏢᏒ",
          "US": "ᏌᏊ ᎢᏳᎾᎵᏍᏔᏅ ᏍᎦᏚᎩ",
          "US-alt-short": "US",
          "UY": "ᏳᎷᏇ",
          "UZ": "ᎤᏍᏇᎩᏍᏖᏂ",
          "VA": "ᎠᏥᎳᏁᏠ ᎦᏚᎲ",
          "VC": "ᎤᏓᏅᏘ ᏫᏂᏏᏂᏗ ᎠᎴ ᎾᏍᎩ ᏇᎾᏗᏁᏍ",
          "VE": "ᏪᏁᏑᏪᎳ",
          "VG": "ᏈᏗᏍ ᎠᏒᏂᎸ ᏂᎨᏒᎾ ᏚᎦᏚᏛᎢ",
          "VI": "U.S. ᎠᏒᏂᎸ ᏂᎨᏒᎾ ᏚᎦᏚᏛᎢ",
          "VN": "ᏫᎡᏘᎾᎻ",
          "VU": "ᏩᏂᎤᏩᏚ",
          "WF": "ᏩᎵᏍ ᎠᎴ ᏊᏚᎾ",
          "WS": "ᏌᎼᎠ",
          "XK": "ᎪᏐᏉ",
          "YE": "ᏰᎺᏂ",
          "YT": "ᎺᏯᏖ",
          "ZA": "ᏧᎦᎾᏮ ᎬᎿᎨᏍᏛ",
          "ZM": "ᏌᎻᏈᏯ",
          "ZW": "ᏏᎻᏆᏇ",
          "ZZ": "ᏄᏬᎵᏍᏛᎾ ᎤᏔᏂᏗᎦᏙᎯ"
        }
      }
    }
  }
}
