{
  "main": {
    "bg": {
      "identity": {
        "version": {
          "_number": "$Revision: 13759 $",
          "_cldrVersion": "32"
        },
        "language": "bg"
      },
      "localeDisplayNames": {
        "localeDisplayPattern": {
          "localePattern": "{0} ({1})",
          "localeSeparator": "{0}, {1}",
          "localeKeyTypePattern": "{0}: {1}"
        },
        "keys": {
          "calendar": "календар",
          "cf": "формат на валута",
          "colAlternate": "Пренебрегване на сортирането по символи",
          "colBackwards": "Сортиране по диакритични знаци в обратен ред",
          "colCaseFirst": "Подреждане по горен/долен регистър",
          "colCaseLevel": "Сортиране с различаване на регистъра на буквите",
          "collation": "ред на сортиране",
          "colNormalization": "Нормализирано сортиране",
          "colNumeric": "Сортиране на цифрите",
          "colStrength": "Сила на сортиране",
          "currency": "валута",
          "hc": "Часови формат (12- или 24-часов)",
          "lb": "Стил за нов ред",
          "ms": "Мерна система",
          "numbers": "цифри",
          "timezone": "Часова зона",
          "va": "Вариант на локала",
          "x": "Собствена употреба"
        },
        "types": {
          "calendar": {
            "buddhist": "будистки календар",
            "chinese": "китайски календар",
            "coptic": "Коптски календар",
            "dangi": "корейски календар",
            "ethiopic": "етиопски календар",
            "ethiopic-amete-alem": "Етиопски календар Амит Алем",
            "gregorian": "григориански календар",
            "hebrew": "еврейски календар",
            "indian": "Индийски граждански календар",
            "islamic": "ислямски календар",
            "islamic-civil": "Ислямски цивилен календар",
            "islamic-rgsa": "islamic-rgsa",
            "islamic-tbla": "islamic-tbla",
            "islamic-umalqura": "islamic-umalqura",
            "iso8601": "календар съгласно ISO 8601",
            "japanese": "японски календар",
            "persian": "персийски календар",
            "roc": "календар на Република Китай"
          },
          "cf": {
            "account": "формат на валута за счетоводни цели",
            "standard": "стандартен формат на валута"
          },
          "colAlternate": {
            "non-ignorable": "Сортиране по символи",
            "shifted": "Сортиране с пренебрегване на символи"
          },
          "colBackwards": {
            "no": "Нормално сортиране по диакритични знаци",
            "yes": "Обратно сортиране по диакритични знаци"
          },
          "colCaseFirst": {
            "lower": "Сортиране първо по долен регистър",
            "no": "Сортиране с нормален ред за регистъра",
            "upper": "Сортиране първо по горен регистър"
          },
          "colCaseLevel": {
            "no": "Сортиране без различаване на регистъра на буквите",
            "yes": "Сортиране с различаване на регистъра на буквите"
          },
          "collation": {
            "big5han": "Традиционен китайски (Big5)",
            "compat": "compat",
            "dictionary": "Речников ред на сортиране",
            "ducet": "стандартен ред на сортиране в Уникод",
            "emoji": "emoji",
            "eor": "eor",
            "gb2312han": "Опростен китайски (GB2312)",
            "phonebook": "Азбучен ред",
            "phonetic": "Фонетичен ред на сортиране",
            "pinyin": "Сортиране Пинин",
            "reformed": "Следреформен ред на сортиране",
            "search": "търсене с общо предназначение",
            "searchjl": "Търсене по първоначални съгласни в хангул",
            "standard": "стандартен ред на сортиране",
            "stroke": "Сортиране по щрих",
            "traditional": "Традиционно",
            "unihan": "Ред на сортиране по ключове и черти",
            "zhuyin": "zhuyin"
          },
          "colNormalization": {
            "no": "Сортиране без нормализиране",
            "yes": "Нормализирано сортиране в Уникод"
          },
          "colNumeric": {
            "no": "Сортиране на цифрите индивидуално",
            "yes": "Сортиране на цифрите по числена стойност"
          },
          "colStrength": {
            "identical": "Сортиране на всички",
            "primary": "Сортиране само по основни букви",
            "quaternary": "Сортиране по диакритични знаци/регистър/ширина/кана",
            "secondary": "Сортиране по диакритични знаци",
            "tertiary": "Сортиране по диакритични знаци/регистър/ширина"
          },
          "d0": {
            "fwidth": "С пълна ширина",
            "hwidth": "С половин ширина",
            "npinyin": "Цифрови"
          },
          "hc": {
            "h11": "12-часова система (0 – 11)",
            "h12": "12-часова система (1 – 12)",
            "h23": "24-часова система (0 – 23)",
            "h24": "24-часова система (1 – 24)"
          },
          "lb": {
            "loose": "Свободен стил за нов ред",
            "normal": "Нормален стил за нов ред",
            "strict": "Строг стил за нов ред"
          },
          "m0": {
            "bgn": "АКГН (BGN)",
            "ungegn": "ГЕСГИ ООН (UNGEGN)"
          },
          "ms": {
            "metric": "Метрична система",
            "uksystem": "Имперска мерна система",
            "ussystem": "Мерна система на САЩ"
          },
          "numbers": {
            "ahom": "ahom",
            "arab": "арабско-индийски цифри",
            "arabext": "разширени арабско-индийски цифри",
            "armn": "арменски цифри",
            "armnlow": "арменски цифри в долен регистър",
            "bali": "bali",
            "beng": "бенгалски цифри",
            "brah": "brah",
            "cakm": "cakm",
            "cham": "cham",
            "cyrl": "cyrl",
            "deva": "цифри в деванагари",
            "ethi": "етиопски цифри",
            "finance": "Финансови цифри",
            "fullwide": "цифри с пълна ширина",
            "geor": "грузински цифри",
            "gonm": "gonm",
            "grek": "гръцки цифри",
            "greklow": "гръцки цифри в долен регистър",
            "gujr": "цифри в гуджарати",
            "guru": "цифри в гурмукхи",
            "hanidec": "китайски десетични цифри",
            "hans": "цифри в китайски (опростен)",
            "hansfin": "финансови цифри в китайски (опростен)",
            "hant": "цифри в китайски (традиционен)",
            "hantfin": "финансови цифри в китайски (традиционен)",
            "hebr": "цифри в иврит",
            "hmng": "hmng",
            "java": "java",
            "jpan": "японски цифри",
            "jpanfin": "японски финансови цифри",
            "kali": "kali",
            "khmr": "кхмерски цифри",
            "knda": "цифри в каннада",
            "lana": "lana",
            "lanatham": "lanatham",
            "laoo": "лаоски цифри",
            "latn": "западни цифри",
            "lepc": "lepc",
            "limb": "limb",
            "mathbold": "mathbold",
            "mathdbl": "mathdbl",
            "mathmono": "mathmono",
            "mathsanb": "mathsanb",
            "mathsans": "mathsans",
            "mlym": "цифри в малаялам",
            "modi": "modi",
            "mong": "Монголски цифри",
            "mroo": "mroo",
            "mtei": "mtei",
            "mymr": "бирмански цифри",
            "mymrshan": "mymrshan",
            "mymrtlng": "mymrtlng",
            "native": "Местни цифри",
            "nkoo": "nkoo",
            "olck": "olck",
            "orya": "цифри в ория",
            "osma": "osma",
            "roman": "римски цифри",
            "romanlow": "римски цифри в долен регистър",
            "saur": "saur",
            "shrd": "shrd",
            "sind": "sind",
            "sinh": "sinh",
            "sora": "sora",
            "sund": "sund",
            "takr": "takr",
            "talu": "talu",
            "taml": "традиционни тамилски цифри",
            "tamldec": "тамилски цифри",
            "telu": "цифри в телугу",
            "thai": "тайландски цифри",
            "tibt": "тибетски цифри",
            "tirh": "tirh",
            "traditional": "Традиционни цифри",
            "vaii": "Цифри във ваи",
            "wara": "wara"
          }
        },
        "codePatterns": {
          "language": "Език: {0}",
          "script": "Писменост: {0}",
          "territory": "Регион: {0}"
        }
      }
    }
  }
}
