{
  "main": {
    "bg": {
      "identity": {
        "version": {
          "_number": "$Revision: 13759 $",
          "_cldrVersion": "32"
        },
        "language": "bg"
      },
      "localeDisplayNames": {
        "scripts": {
          "Adlm": "Adlm",
          "Aghb": "Aghb",
          "Ahom": "Ahom",
          "Arab": "арабска",
          "Arab-alt-variant": "персийско-арабска",
          "Armi": "Арамейска",
          "Armn": "арменска",
          "Avst": "Авестанска",
          "Bali": "Балийски",
          "Bamu": "Bamu",
          "Bass": "Bass",
          "Batk": "Батакска",
          "Beng": "бенгалска",
          "Bhks": "Bhks",
          "Blis": "Блис символи",
          "Bopo": "бопомофо",
          "Brah": "Брахми",
          "Brai": "Брайлова",
          "Bugi": "Бугинска",
          "Buhd": "Бухид",
          "Cakm": "Чакма",
          "Cans": "Унифицирани символи на канадски аборигени",
          "Cari": "Карийска",
          "Cham": "Хамитска",
          "Cher": "Чероки",
          "Cirt": "Кирт",
          "Copt": "Коптска",
          "Cprt": "Кипърска",
          "Cyrl": "кирилица",
          "Deva": "деванагари",
          "Dsrt": "Дезерет",
          "Dupl": "Dupl",
          "Egyd": "Египетско демотично писмо",
          "Egyh": "Египетско йератично писмо",
          "Egyp": "Египетски йероглифи",
          "Elba": "Elba",
          "Ethi": "етиопска",
          "Geok": "Грузинска хуцури",
          "Geor": "грузинска",
          "Glag": "Глаголическа",
          "Gonm": "Gonm",
          "Goth": "Готическа",
          "Gran": "Gran",
          "Grek": "гръцка",
          "Gujr": "гуджарати",
          "Guru": "гурмукхи",
          "Hanb": "ханб",
          "Hang": "хангъл",
          "Hani": "китайска",
          "Hano": "Хануну",
          "Hans": "опростена",
          "Hans-alt-stand-alone": "опростен китайски",
          "Hant": "традиционен",
          "Hant-alt-stand-alone": "традиционен китайски",
          "Hatr": "Hatr",
          "Hebr": "иврит",
          "Hira": "хирагана",
          "Hluw": "Hluw",
          "Hmng": "Пахау хмонг",
          "Hrkt": "японска сричкова",
          "Hung": "Староунгарска",
          "Inds": "Харапска",
          "Ital": "Древно италийска",
          "Jamo": "джамо",
          "Java": "Яванска",
          "Jpan": "японска",
          "Kali": "Кая Ли",
          "Kana": "катакана",
          "Khar": "Кхароштхи",
          "Khmr": "кхмерска",
          "Khoj": "Khoj",
          "Knda": "каннада",
          "Kore": "корейска",
          "Kthi": "Кайтхи",
          "Lana": "Ланна",
          "Laoo": "лаоска",
          "Latf": "Латинска фрактура",
          "Latg": "Галска латинска",
          "Latn": "латиница",
          "Lepc": "Лепча",
          "Limb": "Лимбу",
          "Lina": "Линейна А",
          "Linb": "Линейна Б",
          "Lisu": "Lisu",
          "Lyci": "Лицийска",
          "Lydi": "Лидийска",
          "Mahj": "Mahj",
          "Mand": "Мандаринска",
          "Mani": "Манихейска",
          "Marc": "Marc",
          "Maya": "Йероглифи на Маите",
          "Mend": "Mend",
          "Merc": "Merc",
          "Mero": "Мероитска",
          "Mlym": "малаялам",
          "Modi": "Modi",
          "Mong": "монголска",
          "Moon": "Мун",
          "Mroo": "Mroo",
          "Mtei": "Манипури",
          "Mult": "Mult",
          "Mymr": "бирманска",
          "Narb": "Narb",
          "Nbat": "Nbat",
          "Newa": "Newa",
          "Nkoo": "Н’Ко",
          "Nshu": "Nshu",
          "Ogam": "Огамическа",
          "Olck": "Ол Чики",
          "Orkh": "Орхоно-енисейска",
          "Orya": "ория",
          "Osge": "Osge",
          "Osma": "Османска",
          "Palm": "Palm",
          "Pauc": "Pauc",
          "Perm": "Древно пермска",
          "Phag": "Фагс-па",
          "Phli": "Phli",
          "Phlp": "Phlp",
          "Phlv": "Пахлавска",
          "Phnx": "Финикийска",
          "Plrd": "Писменост Полард",
          "Prti": "Prti",
          "Rjng": "Rjng",
          "Roro": "Ронго-ронго",
          "Runr": "Руническа",
          "Samr": "Самаританска",
          "Sara": "Сарати",
          "Sarb": "Sarb",
          "Saur": "Саураштра",
          "Sgnw": "Sgnw",
          "Shaw": "Shaw",
          "Shrd": "Shrd",
          "Sidd": "Sidd",
          "Sind": "Sind",
          "Sinh": "синхалска",
          "Sora": "Sora",
          "Soyo": "Soyo",
          "Sund": "Сунданска",
          "Sylo": "Силоти Нагри",
          "Syrc": "Сирийска",
          "Syre": "Сирийска естрангело",
          "Syrj": "Западна сирийска",
          "Syrn": "Източна сирийска",
          "Tagb": "Тагбанва",
          "Takr": "Takr",
          "Tale": "Тай Ле",
          "Talu": "Нова Тай Ле",
          "Taml": "тамилска",
          "Tang": "Tang",
          "Tavt": "Tavt",
          "Telu": "телугу",
          "Tfng": "Tfng",
          "Tglg": "Тагалог",
          "Thaa": "таана",
          "Thai": "тайска",
          "Tibt": "тибетска",
          "Tirh": "Tirh",
          "Ugar": "Угаритска",
          "Vaii": "Вайска",
          "Visp": "Видима реч",
          "Wara": "Wara",
          "Xpeo": "Староперсийска",
          "Xsux": "Шумеро-акадски клинопис",
          "Yiii": "Йи",
          "Zanb": "Zanb",
          "Zinh": "Zinh",
          "Zmth": "Математически символи",
          "Zsye": "емотикони",
          "Zsym": "символи",
          "Zxxx": "без писменост",
          "Zyyy": "обща",
          "Zzzz": "непозната писменост"
        }
      }
    }
  }
}
