{
  "main": {
    "bg": {
      "identity": {
        "version": {
          "_number": "$Revision: 13759 $",
          "_cldrVersion": "32"
        },
        "language": "bg"
      },
      "localeDisplayNames": {
        "territories": {
          "001": "Свят",
          "002": "Африка",
          "003": "Северноамерикански континент",
          "005": "Южна Америка",
          "009": "Океания",
          "011": "Западна Афирка",
          "013": "Централна Америка",
          "014": "Източна Африка",
          "015": "Северна Африка",
          "017": "Централна Африка",
          "018": "Южноафрикански регион",
          "019": "Америка",
          "021": "Северна Америка",
          "029": "Карибски регион",
          "030": "Източна Азия",
          "034": "Южна Азия",
          "035": "Югоизточна Азия",
          "039": "Южна Европа",
          "053": "Австралазия",
          "054": "Меланезия",
          "057": "Микронезийски регион",
          "061": "Полинезия",
          "142": "Азия",
          "143": "Централна Азия",
          "145": "Западна Азия",
          "150": "Европа",
          "151": "Източна Европа",
          "154": "Северна Европа",
          "155": "Западна Европа",
          "202": "202",
          "419": "Латинска Америка",
          "AC": "остров Възнесение",
          "AD": "Андора",
          "AE": "Обединени арабски емирства",
          "AF": "Афганистан",
          "AG": "Антигуа и Барбуда",
          "AI": "Ангуила",
          "AL": "Албания",
          "AM": "Армения",
          "AO": "Ангола",
          "AQ": "Антарктика",
          "AR": "Аржентина",
          "AS": "Американска Самоа",
          "AT": "Австрия",
          "AU": "Австралия",
          "AW": "Аруба",
          "AX": "Оландски острови",
          "AZ": "Азербайджан",
          "BA": "Босна и Херцеговина",
          "BB": "Барбадос",
          "BD": "Бангладеш",
          "BE": "Белгия",
          "BF": "Буркина Фасо",
          "BG": "България",
          "BH": "Бахрейн",
          "BI": "Бурунди",
          "BJ": "Бенин",
          "BL": "Сен Бартелеми",
          "BM": "Бермудски острови",
          "BN": "Бруней Даруссалам",
          "BO": "Боливия",
          "BQ": "Карибска Нидерландия",
          "BR": "Бразилия",
          "BS": "Бахами",
          "BT": "Бутан",
          "BV": "остров Буве",
          "BW": "Ботсвана",
          "BY": "Беларус",
          "BZ": "Белиз",
          "CA": "Канада",
          "CC": "Кокосови острови (острови Кийлинг)",
          "CD": "Конго (Киншаса)",
          "CD-alt-variant": "Конго (ДРК)",
          "CF": "Централноафриканска република",
          "CG": "Конго (Бразавил)",
          "CG-alt-variant": "Конго (Република)",
          "CH": "Швейцария",
          "CI": "Кот д’Ивоар",
          "CI-alt-variant": "Бряг на слоновата кост",
          "CK": "острови Кук",
          "CL": "Чили",
          "CM": "Камерун",
          "CN": "Китай",
          "CO": "Колумбия",
          "CP": "остров Клипертон",
          "CR": "Коста Рика",
          "CU": "Куба",
          "CV": "Кабо Верде",
          "CW": "Кюрасао",
          "CX": "остров Рождество",
          "CY": "Кипър",
          "CZ": "Чехия",
          "CZ-alt-variant": "Чешка република",
          "DE": "Германия",
          "DG": "Диего Гарсия",
          "DJ": "Джибути",
          "DK": "Дания",
          "DM": "Доминика",
          "DO": "Доминиканска република",
          "DZ": "Алжир",
          "EA": "Сеута и Мелия",
          "EC": "Еквадор",
          "EE": "Естония",
          "EG": "Египет",
          "EH": "Западна Сахара",
          "ER": "Еритрея",
          "ES": "Испания",
          "ET": "Етиопия",
          "EU": "Европейски съюз",
          "EZ": "Еврозона",
          "FI": "Финландия",
          "FJ": "Фиджи",
          "FK": "Фолклендски острови",
          "FK-alt-variant": "Фолклендски острови (Малвински острови)",
          "FM": "Микронезия",
          "FO": "Фарьорски острови",
          "FR": "Франция",
          "GA": "Габон",
          "GB": "Обединеното кралство",
          "GB-alt-short": "Обединеното кралство",
          "GD": "Гренада",
          "GE": "Грузия",
          "GF": "Френска Гвиана",
          "GG": "Гърнзи",
          "GH": "Гана",
          "GI": "Гибралтар",
          "GL": "Гренландия",
          "GM": "Гамбия",
          "GN": "Гвинея",
          "GP": "Гваделупа",
          "GQ": "Екваториална Гвинея",
          "GR": "Гърция",
          "GS": "Южна Джорджия и Южни Сандвичеви острови",
          "GT": "Гватемала",
          "GU": "Гуам",
          "GW": "Гвинея-Бисау",
          "GY": "Гаяна",
          "HK": "Хонконг, САР на Китай",
          "HK-alt-short": "Хонконг",
          "HM": "острови Хърд и Макдоналд",
          "HN": "Хондурас",
          "HR": "Хърватия",
          "HT": "Хаити",
          "HU": "Унгария",
          "IC": "Канарски острови",
          "ID": "Индонезия",
          "IE": "Ирландия",
          "IL": "Израел",
          "IM": "остров Ман",
          "IN": "Индия",
          "IO": "Британска територия в Индийския океан",
          "IQ": "Ирак",
          "IR": "Иран",
          "IS": "Исландия",
          "IT": "Италия",
          "JE": "Джърси",
          "JM": "Ямайка",
          "JO": "Йордания",
          "JP": "Япония",
          "KE": "Кения",
          "KG": "Киргизстан",
          "KH": "Камбоджа",
          "KI": "Кирибати",
          "KM": "Коморски острови",
          "KN": "Сейнт Китс и Невис",
          "KP": "Северна Корея",
          "KR": "Южна Корея",
          "KW": "Кувейт",
          "KY": "Кайманови острови",
          "KZ": "Казахстан",
          "LA": "Лаос",
          "LB": "Ливан",
          "LC": "Сейнт Лусия",
          "LI": "Лихтенщайн",
          "LK": "Шри Ланка",
          "LR": "Либерия",
          "LS": "Лесото",
          "LT": "Литва",
          "LU": "Люксембург",
          "LV": "Латвия",
          "LY": "Либия",
          "MA": "Мароко",
          "MC": "Монако",
          "MD": "Молдова",
          "ME": "Черна гора",
          "MF": "Сен Мартен",
          "MG": "Мадагаскар",
          "MH": "Маршалови острови",
          "MK": "Македония",
          "MK-alt-variant": "Бивша югославска република Македония",
          "ML": "Мали",
          "MM": "Мианмар (Бирма)",
          "MN": "Монголия",
          "MO": "Макао, САР на Китай",
          "MO-alt-short": "Макао",
          "MP": "Северни Мариански острови",
          "MQ": "Мартиника",
          "MR": "Мавритания",
          "MS": "Монтсерат",
          "MT": "Малта",
          "MU": "Мавриций",
          "MV": "Малдиви",
          "MW": "Малави",
          "MX": "Мексико",
          "MY": "Малайзия",
          "MZ": "Мозамбик",
          "NA": "Намибия",
          "NC": "Нова Каледония",
          "NE": "Нигер",
          "NF": "остров Норфолк",
          "NG": "Нигерия",
          "NI": "Никарагуа",
          "NL": "Нидерландия",
          "NO": "Норвегия",
          "NP": "Непал",
          "NR": "Науру",
          "NU": "Ниуе",
          "NZ": "Нова Зеландия",
          "OM": "Оман",
          "PA": "Панама",
          "PE": "Перу",
          "PF": "Френска Полинезия",
          "PG": "Папуа-Нова Гвинея",
          "PH": "Филипини",
          "PK": "Пакистан",
          "PL": "Полша",
          "PM": "Сен Пиер и Микелон",
          "PN": "Острови Питкерн",
          "PR": "Пуерто Рико",
          "PS": "Палестински територии",
          "PS-alt-short": "Палестина",
          "PT": "Португалия",
          "PW": "Палау",
          "PY": "Парагвай",
          "QA": "Катар",
          "QO": "Отдалечени острови на Океания",
          "RE": "Реюнион",
          "RO": "Румъния",
          "RS": "Сърбия",
          "RU": "Русия",
          "RW": "Руанда",
          "SA": "Саудитска Арабия",
          "SB": "Соломонови острови",
          "SC": "Сейшели",
          "SD": "Судан",
          "SE": "Швеция",
          "SG": "Сингапур",
          "SH": "Света Елена",
          "SI": "Словения",
          "SJ": "Свалбард и Ян Майен",
          "SK": "Словакия",
          "SL": "Сиера Леоне",
          "SM": "Сан Марино",
          "SN": "Сенегал",
          "SO": "Сомалия",
          "SR": "Суринам",
          "SS": "Южен Судан",
          "ST": "Сао Томе и Принсипи",
          "SV": "Салвадор",
          "SX": "Синт Мартен",
          "SY": "Сирия",
          "SZ": "Свазиленд",
          "TA": "Тристан да Куня",
          "TC": "острови Търкс и Кайкос",
          "TD": "Чад",
          "TF": "Френски южни територии",
          "TG": "Того",
          "TH": "Тайланд",
          "TJ": "Таджикистан",
          "TK": "Токелау",
          "TL": "Източен Тимор",
          "TL-alt-variant": "TL",
          "TM": "Туркменистан",
          "TN": "Тунис",
          "TO": "Тонга",
          "TR": "Турция",
          "TT": "Тринидад и Тобаго",
          "TV": "Тувалу",
          "TW": "Тайван",
          "TZ": "Танзания",
          "UA": "Украйна",
          "UG": "Уганда",
          "UM": "Отдалечени острови на САЩ",
          "UN": "Организация на обединените нации",
          "US": "Съединени щати",
          "US-alt-short": "САЩ",
          "UY": "Уругвай",
          "UZ": "Узбекистан",
          "VA": "Ватикан",
          "VC": "Сейнт Винсънт и Гренадини",
          "VE": "Венецуела",
          "VG": "Британски Вирджински острови",
          "VI": "Американски Вирджински острови",
          "VN": "Виетнам",
          "VU": "Вануату",
          "WF": "Уолис и Футуна",
          "WS": "Самоа",
          "XK": "Косово",
          "YE": "Йемен",
          "YT": "Майот",
          "ZA": "Южна Африка",
          "ZM": "Замбия",
          "ZW": "Зимбабве",
          "ZZ": "непознат регион"
        }
      }
    }
  }
}
