{
  "main": {
    "cgg": {
      "identity": {
        "version": {
          "_number": "$Revision: 13133 $",
          "_cldrVersion": "32"
        },
        "language": "cgg"
      },
      "localeDisplayNames": {
        "territories": {
          "001": "001",
          "002": "002",
          "003": "003",
          "005": "005",
          "009": "009",
          "011": "011",
          "013": "013",
          "014": "014",
          "015": "015",
          "017": "017",
          "018": "018",
          "019": "019",
          "021": "021",
          "029": "029",
          "030": "030",
          "034": "034",
          "035": "035",
          "039": "039",
          "053": "053",
          "054": "054",
          "057": "057",
          "061": "061",
          "142": "142",
          "143": "143",
          "145": "145",
          "150": "150",
          "151": "151",
          "154": "154",
          "155": "155",
          "202": "202",
          "419": "419",
          "AC": "AC",
          "AD": "Andora",
          "AE": "Amahanga ga Buharabu ageeteereine",
          "AF": "Afuganistani",
          "AG": "Angiguwa na Babuda",
          "AI": "Angwira",
          "AL": "Arubania",
          "AM": "Arimeniya",
          "AO": "Angora",
          "AQ": "AQ",
          "AR": "Arigentina",
          "AS": "Samowa ya Ameerika",
          "AT": "Osituria",
          "AU": "Ositureeriya",
          "AW": "Aruba",
          "AX": "AX",
          "AZ": "Azabagyani",
          "BA": "Boziniya na Hezegovina",
          "BB": "Babadosi",
          "BD": "Bangaradeshi",
          "BE": "Bubirigi",
          "BF": "Bokina Faso",
          "BG": "Burugariya",
          "BH": "Bahareni",
          "BI": "Burundi",
          "BJ": "Benini",
          "BL": "BL",
          "BM": "Berimuda",
          "BN": "Burunei",
          "BO": "Boriiviya",
          "BQ": "BQ",
          "BR": "Buraziiri",
          "BS": "Bahama",
          "BT": "Butani",
          "BV": "BV",
          "BW": "Botswana",
          "BY": "Bararusi",
          "BZ": "Berize",
          "CA": "Kanada",
          "CC": "CC",
          "CD": "Demokoratika Ripaaburika ya Kongo",
          "CD-alt-variant": "CD",
          "CF": "Eihanga rya Rwagati ya Afirika",
          "CG": "Kongo",
          "CG-alt-variant": "CG",
          "CH": "Swisi",
          "CI": "Aivore Kositi",
          "CI-alt-variant": "CI",
          "CK": "Ebizinga bya Kuuku",
          "CL": "Chile",
          "CM": "Kameruuni",
          "CN": "China",
          "CO": "Korombiya",
          "CP": "CP",
          "CR": "Kositarika",
          "CU": "Cuba",
          "CV": "Ebizinga bya Kepuvade",
          "CW": "CW",
          "CX": "CX",
          "CY": "Saipurasi",
          "CZ": "Ripaaburika ya Zeeki",
          "CZ-alt-variant": "CZ",
          "DE": "Bugirimaani",
          "DG": "DG",
          "DJ": "Gyibuti",
          "DK": "Deenimaaka",
          "DM": "Dominika",
          "DO": "Ripaaburika ya Dominica",
          "DZ": "Arigyeriya",
          "EA": "EA",
          "EC": "Ikweda",
          "EE": "Esitoniya",
          "EG": "Misiri",
          "EH": "EH",
          "ER": "Eriteriya",
          "ES": "Sipeyini",
          "ET": "Ethiyopiya",
          "EU": "EU",
          "EZ": "EZ",
          "FI": "Bufini",
          "FJ": "Figyi",
          "FK": "Ebizinga bya Faakilanda",
          "FK-alt-variant": "FK",
          "FM": "Mikironesiya",
          "FO": "FO",
          "FR": "Bufaransa",
          "GA": "Gabooni",
          "GB": "Bungyereza",
          "GB-alt-short": "GB",
          "GD": "Gurenada",
          "GE": "Gyogiya",
          "GF": "Guyana ya Bufaransa",
          "GG": "GG",
          "GH": "Gana",
          "GI": "Giburaata",
          "GL": "Guriinirandi",
          "GM": "Gambiya",
          "GN": "Gine",
          "GP": "Gwaderupe",
          "GQ": "Guni",
          "GR": "Guriisi",
          "GS": "GS",
          "GT": "Gwatemara",
          "GU": "Gwamu",
          "GW": "Ginebisau",
          "GY": "Guyana",
          "HK": "HK",
          "HK-alt-short": "HK",
          "HM": "HM",
          "HN": "Hondurasi",
          "HR": "Korasiya",
          "HT": "Haiti",
          "HU": "Hangare",
          "IC": "IC",
          "ID": "Indoneeziya",
          "IE": "Irerandi",
          "IL": "Isirairi",
          "IM": "IM",
          "IN": "Indiya",
          "IO": "IO",
          "IQ": "Iraaka",
          "IR": "Iraani",
          "IS": "Aisilandi",
          "IT": "Itare",
          "JE": "JE",
          "JM": "Gyamaika",
          "JO": "Yorudaani",
          "JP": "Gyapaani",
          "KE": "Kenya",
          "KG": "Kirigizistani",
          "KH": "Kambodiya",
          "KI": "Kiribati",
          "KM": "Koromo",
          "KN": "Senti Kittis na Nevisi",
          "KP": "Koreya Amatemba",
          "KR": "Koreya Amashuuma",
          "KW": "Kuweiti",
          "KY": "Ebizinga bya Kayimani",
          "KZ": "Kazakisitani",
          "LA": "Layosi",
          "LB": "Lebanoni",
          "LC": "Senti Rusiya",
          "LI": "Lishenteni",
          "LK": "Siriranka",
          "LR": "Liberiya",
          "LS": "Lesotho",
          "LT": "Lithuania",
          "LU": "Lakizembaaga",
          "LV": "Latviya",
          "LY": "Libya",
          "MA": "Morocco",
          "MC": "Monaco",
          "MD": "Moridova",
          "ME": "ME",
          "MF": "MF",
          "MG": "Madagasika",
          "MH": "Ebizinga bya Marshaa",
          "MK": "Masedoonia",
          "MK-alt-variant": "MK",
          "ML": "Mari",
          "MM": "Myanamar",
          "MN": "Mongoria",
          "MO": "MO",
          "MO-alt-short": "MO",
          "MP": "Ebizinga by’amatemba ga Mariana",
          "MQ": "Martinique",
          "MR": "Mauriteeniya",
          "MS": "Montserrati",
          "MT": "Marita",
          "MU": "Maurishiasi",
          "MV": "Maridives",
          "MW": "Marawi",
          "MX": "Mexico",
          "MY": "marayizia",
          "MZ": "Mozambique",
          "NA": "Namibiya",
          "NC": "Niukaredonia",
          "NE": "Naigya",
          "NF": "Ekizinga Norifoko",
          "NG": "Naigyeriya",
          "NI": "Nikaragwa",
          "NL": "Hoorandi",
          "NO": "Noorwe",
          "NP": "Nepo",
          "NR": "Nauru",
          "NU": "Niue",
          "NZ": "Niuzirandi",
          "OM": "Omaani",
          "PA": "Panama",
          "PE": "Peru",
          "PF": "Polinesia ya Bufaransa",
          "PG": "Papua",
          "PH": "Firipino",
          "PK": "Pakisitaani",
          "PL": "Poorandi",
          "PM": "Senti Piyerre na Mikweron",
          "PN": "Pitkaini",
          "PR": "Pwetoriko",
          "PS": "PS",
          "PS-alt-short": "PS",
          "PT": "Pocugo",
          "PW": "Palaawu",
          "PY": "Paragwai",
          "QA": "Kata",
          "QO": "QO",
          "RE": "Riyuniyoni",
          "RO": "Romaniya",
          "RS": "RS",
          "RU": "Rrasha",
          "RW": "Rwanda",
          "SA": "Saudi Areebiya",
          "SB": "Ebizinga bya Surimaani",
          "SC": "Shesheresi",
          "SD": "Sudani",
          "SE": "Swideni",
          "SG": "Singapo",
          "SH": "Senti Herena",
          "SI": "Sirovaaniya",
          "SJ": "SJ",
          "SK": "Sirovaakiya",
          "SL": "Sirra Riyooni",
          "SM": "Samarino",
          "SN": "Senego",
          "SO": "Somaariya",
          "SR": "Surinaamu",
          "SS": "SS",
          "ST": "Sawo Tome na Purinsipo",
          "SV": "Eri Salivado",
          "SX": "SX",
          "SY": "Siriya",
          "SZ": "Swazirandi",
          "TA": "TA",
          "TC": "Ebizinga bya Buturuki na Kaiko",
          "TD": "Chadi",
          "TF": "TF",
          "TG": "Togo",
          "TH": "Tairandi",
          "TJ": "Tajikisitani",
          "TK": "Tokerawu",
          "TL": "Burugweizooba bwa Timori",
          "TL-alt-variant": "TL",
          "TM": "Turukimenisitani",
          "TN": "Tunizia",
          "TO": "Tonga",
          "TR": "Buturuki /Take",
          "TT": "Turinidad na Tobago",
          "TV": "Tuvaru",
          "TW": "Tayiwaani",
          "TZ": "Tanzania",
          "UA": "Ukureini",
          "UG": "Uganda",
          "UM": "UM",
          "UN": "UN",
          "US": "Amerika",
          "US-alt-short": "US",
          "UY": "Urugwai",
          "UZ": "Uzibekisitani",
          "VA": "Vatikani",
          "VC": "Senti Vinsent na Gurenadini",
          "VE": "Venezuwera",
          "VG": "Ebizinga bya Virigini ebya Bungyereza",
          "VI": "Ebizinga bya Virigini ebya Amerika",
          "VN": "Viyetinaamu",
          "VU": "Vanuatu",
          "WF": "Warris na Futuna",
          "WS": "Samowa",
          "XK": "XK",
          "YE": "Yemeni",
          "YT": "Mayote",
          "ZA": "Sausi Afirika",
          "ZM": "Zambia",
          "ZW": "Zimbabwe",
          "ZZ": "ZZ"
        }
      }
    }
  }
}
