{
  "main": {
    "ckb-IR": {
      "identity": {
        "version": {
          "_number": "$Revision: 13133 $",
          "_cldrVersion": "32"
        },
        "language": "ckb",
        "territory": "IR"
      },
      "localeDisplayNames": {
        "languages": {
          "aa": "aa",
          "ab": "ab",
          "ace": "ace",
          "ada": "ada",
          "ady": "ady",
          "af": "af",
          "agq": "agq",
          "ain": "ain",
          "ak": "ak",
          "ale": "ale",
          "alt": "alt",
          "am": "ئەمهەرینجی",
          "an": "an",
          "anp": "anp",
          "ar": "عەرەبی",
          "ar-001": "عەرەبی (001)",
          "arn": "arn",
          "arp": "arp",
          "as": "ئاسامی",
          "asa": "asa",
          "ast": "ast",
          "av": "av",
          "awa": "awa",
          "ay": "ay",
          "az": "ئازەربایجانی",
          "az-alt-short": "ئازەربایجانی",
          "az-Arab": "ئازەربایجانی باشووری",
          "ba": "ba",
          "ban": "ban",
          "bas": "bas",
          "be": "بیلاڕووسی",
          "bem": "bem",
          "bez": "bez",
          "bg": "بۆلگاری",
          "bho": "bho",
          "bi": "bi",
          "bin": "bin",
          "bla": "bla",
          "bm": "bm",
          "bn": "بەنگلادێشی",
          "bo": "bo",
          "br": "برێتونی",
          "brx": "brx",
          "bs": "بۆسنی",
          "bug": "bug",
          "byn": "byn",
          "ca": "كاتالۆنی",
          "ce": "ce",
          "ceb": "ceb",
          "cgg": "cgg",
          "ch": "ch",
          "chk": "chk",
          "chm": "chm",
          "cho": "cho",
          "chr": "chr",
          "chy": "chy",
          "ckb": "کوردیی ناوەندی",
          "co": "co",
          "crs": "crs",
          "cs": "چەكی",
          "cu": "cu",
          "cv": "cv",
          "cy": "وێلزی",
          "da": "دانماركی",
          "dak": "dak",
          "dar": "dar",
          "dav": "dav",
          "de": "ئاڵمانی",
          "de-AT": "ئاڵمانی (نەمسا)",
          "de-CH": "ئاڵمانی (سویسرا)",
          "dgr": "dgr",
          "dje": "dje",
          "dsb": "dsb",
          "dua": "dua",
          "dv": "dv",
          "dyo": "dyo",
          "dz": "dz",
          "dzg": "dzg",
          "ebu": "ebu",
          "ee": "ee",
          "efi": "efi",
          "eka": "eka",
          "el": "یۆنانی",
          "en": "ئینگلیزی",
          "en-AU": "ئینگلیزیی ئۆسترالیایی",
          "en-CA": "ئینگلیزیی کەنەدایی",
          "en-GB": "ئینگلیزیی بریتانیایی",
          "en-GB-alt-short": "ئینگلیزی (GB)",
          "en-US": "ئینگلیزیی ئەمەریکایی",
          "en-US-alt-short": "ئینگلیزیی ئەمەریکایی",
          "eo": "ئێسپیرانتۆ",
          "es": "ئیسپانی",
          "es-419": "ئیسپانی (419)",
          "es-ES": "ئیسپانی (ئیسپانیا)",
          "es-MX": "ئیسپانی (مەکسیک)",
          "et": "ئیستۆنی",
          "eu": "باسکی",
          "ewo": "ewo",
          "fa": "فارسی",
          "ff": "ff",
          "fi": "فینلەندی",
          "fil": "fil",
          "fj": "fj",
          "fo": "fo",
          "fon": "fon",
          "fr": "فەرانسی",
          "fr-CA": "فەرانسی (کانەدا)",
          "fr-CH": "فەرانسی (سویسرا)",
          "frc": "frc",
          "fur": "fur",
          "fy": "فریسیی ڕۆژاوا",
          "ga": "ئیرلەندی",
          "gaa": "gaa",
          "gan": "gan",
          "gd": "gd",
          "gez": "gez",
          "gil": "gil",
          "gl": "گالیسی",
          "gn": "گووارانی",
          "gor": "gor",
          "gsw": "gsw",
          "gu": "گوجاراتی",
          "guz": "guz",
          "gv": "gv",
          "gwi": "gwi",
          "ha": "ha",
          "hak": "hak",
          "haw": "haw",
          "he": "هیبرێ",
          "hi": "هیندی",
          "hil": "hil",
          "hmn": "hmn",
          "hr": "كرواتی",
          "hsb": "hsb",
          "hsn": "hsn",
          "ht": "ht",
          "hu": "هەنگاری (مەجاری)",
          "hup": "hup",
          "hy": "ئەرمەنی",
          "hz": "hz",
          "ia": "ia",
          "iba": "iba",
          "ibb": "ibb",
          "id": "ئێەندونیزی",
          "ig": "ig",
          "ii": "ii",
          "ilo": "ilo",
          "inh": "inh",
          "io": "io",
          "is": "ئیسلەندی",
          "it": "ئیتالی",
          "iu": "iu",
          "ja": "ژاپۆنی",
          "jbo": "jbo",
          "jgo": "jgo",
          "jmc": "jmc",
          "jv": "جاڤانی",
          "ka": "گۆرجستانی",
          "kab": "kab",
          "kac": "kac",
          "kaj": "kaj",
          "kam": "kam",
          "kbd": "kbd",
          "kcg": "kcg",
          "kde": "kde",
          "kea": "kea",
          "kfo": "kfo",
          "kha": "kha",
          "khq": "khq",
          "ki": "ki",
          "kj": "kj",
          "kk": "کازاخی",
          "kkj": "kkj",
          "kl": "kl",
          "kln": "kln",
          "km": "km",
          "kmb": "kmb",
          "kn": "kn",
          "ko": "ko",
          "kok": "kok",
          "kpe": "kpe",
          "kr": "kr",
          "krc": "krc",
          "krl": "krl",
          "kru": "kru",
          "ks": "ks",
          "ksb": "ksb",
          "ksf": "ksf",
          "ksh": "ksh",
          "ku": "کوردی",
          "kum": "kum",
          "kv": "kv",
          "kw": "kw",
          "ky": "كرگیزی",
          "la": "لاتینی",
          "lad": "lad",
          "lag": "lag",
          "lb": "lb",
          "lez": "lez",
          "lg": "lg",
          "li": "li",
          "lkt": "lkt",
          "ln": "لينگالا",
          "lo": "لاوی",
          "lou": "lou",
          "loz": "loz",
          "lrc": "lrc",
          "lt": "لیتوانی",
          "lu": "lu",
          "lua": "lua",
          "lun": "lun",
          "luo": "luo",
          "lus": "lus",
          "luy": "luy",
          "lv": "لێتۆنی",
          "mad": "mad",
          "mag": "mag",
          "mai": "mai",
          "mak": "mak",
          "mas": "mas",
          "mdf": "mdf",
          "men": "men",
          "mer": "mer",
          "mfe": "mfe",
          "mg": "mg",
          "mgh": "mgh",
          "mgo": "mgo",
          "mh": "mh",
          "mi": "mi",
          "mic": "mic",
          "min": "min",
          "mk": "ماكێدۆنی",
          "ml": "ml",
          "mn": "مەنگۆلی",
          "mni": "mni",
          "moh": "moh",
          "mos": "mos",
          "mr": "ماراتی",
          "ms": "ms",
          "mt": "mt",
          "mua": "mua",
          "mul": "mul",
          "mus": "mus",
          "mwl": "mwl",
          "my": "my",
          "myv": "myv",
          "mzn": "مازەندەرانی",
          "na": "na",
          "nan": "nan",
          "nap": "nap",
          "naq": "naq",
          "nb": "nb",
          "nd": "nd",
          "nds-NL": "nds (ھۆڵەندا)",
          "ne": "نیپالی",
          "new": "new",
          "ng": "ng",
          "nia": "nia",
          "niu": "niu",
          "nl": "هۆڵەندی",
          "nl-BE": "هۆڵەندی (بەلژیک)",
          "nmg": "nmg",
          "nn": "nn",
          "nnh": "nnh",
          "no": "نۆروێژی",
          "nog": "nog",
          "nqo": "nqo",
          "nr": "nr",
          "nso": "nso",
          "nus": "nus",
          "nv": "nv",
          "ny": "ny",
          "nyn": "nyn",
          "oc": "oc",
          "om": "om",
          "or": "ئۆرییا",
          "os": "os",
          "pa": "پەنجابی",
          "pag": "pag",
          "pam": "pam",
          "pap": "pap",
          "pau": "pau",
          "pcm": "pcm",
          "pl": "پۆڵۆنیایی (لەهستانی)",
          "prg": "prg",
          "ps": "پەشتوو",
          "pt": "پورتوگالی",
          "pt-BR": "پورتوگالی (برازیل)",
          "pt-PT": "پورتوگالی (پورتوگال)",
          "qu": "qu",
          "quc": "quc",
          "rap": "rap",
          "rar": "rar",
          "rm": "rm",
          "rn": "rn",
          "ro": "ڕۆمانی",
          "ro-MD": "ڕۆمانی (مۆلدۆڤا)",
          "rof": "rof",
          "root": "root",
          "ru": "ڕووسی",
          "rup": "rup",
          "rw": "rw",
          "rwk": "rwk",
          "sa": "سانسکريت",
          "sad": "sad",
          "sah": "sah",
          "saq": "saq",
          "sat": "sat",
          "sba": "sba",
          "sbp": "sbp",
          "sc": "sc",
          "scn": "scn",
          "sco": "sco",
          "sd": "سيندی",
          "sdh": "کوردیی باشووری",
          "se": "se",
          "seh": "seh",
          "ses": "ses",
          "sg": "sg",
          "shi": "shi",
          "shn": "shn",
          "si": "سینهەلی",
          "sk": "سلۆڤاكی",
          "sl": "سلۆڤێنی",
          "sm": "sm",
          "sma": "سامی باشووری",
          "smj": "smj",
          "smn": "smn",
          "sms": "sms",
          "sn": "sn",
          "snk": "snk",
          "so": "سۆمالی",
          "sq": "ئەڵبانی",
          "sr": "سەربی",
          "srn": "srn",
          "ss": "ss",
          "ssy": "ssy",
          "st": "سێسۆتۆ",
          "su": "سودانی",
          "suk": "suk",
          "sv": "سویدی",
          "sw": "sw",
          "sw-CD": "sw (کۆنگۆ کینشاسا)",
          "swb": "swb",
          "syr": "syr",
          "ta": "تامیلی",
          "te": "تەلۆگوی",
          "tem": "tem",
          "teo": "teo",
          "tet": "tet",
          "tg": "تاجیکی",
          "th": "تایلەندی",
          "ti": "تیگرینیای",
          "tig": "tig",
          "tk": "تورکمانی",
          "tlh": "tlh",
          "tn": "tn",
          "to": "to",
          "tpi": "tpi",
          "tr": "تورکی",
          "trv": "trv",
          "ts": "ts",
          "tt": "tt",
          "tum": "tum",
          "tvl": "tvl",
          "twq": "twq",
          "ty": "ty",
          "tyv": "tyv",
          "tzm": "tzm",
          "udm": "udm",
          "ug": "ئويخووری",
          "uk": "ئۆكراینی",
          "umb": "umb",
          "und": "زمانی نەناسراو",
          "ur": "ئۆردوو",
          "uz": "ئوزبەکی",
          "vai": "vai",
          "ve": "ve",
          "vi": "ڤیەتنامی",
          "vo": "vo",
          "vun": "vun",
          "wa": "wa",
          "wae": "wae",
          "wal": "wal",
          "war": "war",
          "wo": "wo",
          "wuu": "wuu",
          "xal": "xal",
          "xh": "xh",
          "xog": "xog",
          "yav": "yav",
          "ybb": "ybb",
          "yi": "yi",
          "yo": "yo",
          "yue": "yue",
          "zgh": "zgh",
          "zh": "چینی",
          "zh-Hans": "چینی (Hans)",
          "zh-Hant": "چینی (Hant)",
          "zu": "زولو",
          "zun": "zun",
          "zxx": "zxx",
          "zza": "zza"
        }
      }
    }
  }
}
