{
  "main": {
    "ckb-IR": {
      "identity": {
        "version": {
          "_number": "$Revision: 13133 $",
          "_cldrVersion": "32"
        },
        "language": "ckb",
        "territory": "IR"
      },
      "localeDisplayNames": {
        "localeDisplayPattern": {
          "localePattern": "{0} ({1})",
          "localeSeparator": "{0}, {1}",
          "localeKeyTypePattern": "{0}: {1}"
        },
        "keys": {
          "calendar": "calendar",
          "cf": "cf",
          "collation": "collation",
          "currency": "currency",
          "hc": "hc",
          "lb": "lb",
          "ms": "ms",
          "numbers": "numbers"
        },
        "types": {
          "calendar": {
            "buddhist": "buddhist",
            "chinese": "chinese",
            "coptic": "coptic",
            "dangi": "dangi",
            "ethiopic": "ethiopic",
            "ethiopic-amete-alem": "ethiopic-amete-alem",
            "gregorian": "gregorian",
            "hebrew": "hebrew",
            "indian": "indian",
            "islamic": "islamic",
            "islamic-civil": "islamic-civil",
            "islamic-rgsa": "islamic-rgsa",
            "islamic-tbla": "islamic-tbla",
            "islamic-umalqura": "islamic-umalqura",
            "iso8601": "iso8601",
            "japanese": "japanese",
            "persian": "persian",
            "roc": "roc"
          },
          "cf": {
            "account": "account",
            "standard": "standard"
          },
          "collation": {
            "big5han": "big5han",
            "compat": "compat",
            "dictionary": "dictionary",
            "ducet": "ducet",
            "emoji": "emoji",
            "eor": "eor",
            "gb2312han": "gb2312han",
            "phonebook": "phonebook",
            "pinyin": "pinyin",
            "reformed": "reformed",
            "search": "search",
            "searchjl": "searchjl",
            "standard": "standard",
            "stroke": "stroke",
            "traditional": "traditional",
            "unihan": "unihan",
            "zhuyin": "zhuyin"
          },
          "hc": {
            "h11": "h11",
            "h12": "h12",
            "h23": "h23",
            "h24": "h24"
          },
          "lb": {
            "loose": "loose",
            "normal": "normal",
            "strict": "strict"
          },
          "ms": {
            "metric": "metric",
            "uksystem": "uksystem",
            "ussystem": "ussystem"
          },
          "numbers": {
            "ahom": "ahom",
            "arab": "arab",
            "arabext": "arabext",
            "armn": "armn",
            "armnlow": "armnlow",
            "bali": "bali",
            "beng": "beng",
            "brah": "brah",
            "cakm": "cakm",
            "cham": "cham",
            "cyrl": "cyrl",
            "deva": "deva",
            "ethi": "ethi",
            "fullwide": "fullwide",
            "geor": "geor",
            "gonm": "gonm",
            "grek": "grek",
            "greklow": "greklow",
            "gujr": "gujr",
            "guru": "guru",
            "hanidec": "hanidec",
            "hans": "hans",
            "hansfin": "hansfin",
            "hant": "hant",
            "hantfin": "hantfin",
            "hebr": "hebr",
            "hmng": "hmng",
            "java": "java",
            "jpan": "jpan",
            "jpanfin": "jpanfin",
            "kali": "kali",
            "khmr": "khmr",
            "knda": "knda",
            "lana": "lana",
            "lanatham": "lanatham",
            "laoo": "laoo",
            "latn": "latn",
            "lepc": "lepc",
            "limb": "limb",
            "mathbold": "mathbold",
            "mathdbl": "mathdbl",
            "mathmono": "mathmono",
            "mathsanb": "mathsanb",
            "mathsans": "mathsans",
            "mlym": "mlym",
            "modi": "modi",
            "mong": "mong",
            "mroo": "mroo",
            "mtei": "mtei",
            "mymr": "mymr",
            "mymrshan": "mymrshan",
            "mymrtlng": "mymrtlng",
            "nkoo": "nkoo",
            "olck": "olck",
            "orya": "orya",
            "osma": "osma",
            "roman": "roman",
            "romanlow": "romanlow",
            "saur": "saur",
            "shrd": "shrd",
            "sind": "sind",
            "sinh": "sinh",
            "sora": "sora",
            "sund": "sund",
            "takr": "takr",
            "talu": "talu",
            "taml": "taml",
            "tamldec": "tamldec",
            "telu": "telu",
            "thai": "thai",
            "tibt": "tibt",
            "tirh": "tirh",
            "vaii": "vaii",
            "wara": "wara"
          }
        },
        "codePatterns": {
          "language": "{0}",
          "script": "{0}",
          "territory": "{0}"
        }
      }
    }
  }
}
