{
  "main": {
    "ce": {
      "identity": {
        "version": {
          "_number": "$Revision: 13705 $",
          "_cldrVersion": "32"
        },
        "language": "ce"
      },
      "localeDisplayNames": {
        "territories": {
          "001": "Дерригдуьненан",
          "002": "Африка",
          "003": "Къилбаседа Америка",
          "005": "Къилба Америка",
          "009": "Океани",
          "011": "Малхбузен Африка",
          "013": "Юккъера Америка",
          "014": "Малхбален Африка",
          "015": "Къилбаседа Африка",
          "017": "Юккъера Африка",
          "018": "Къилба Африка",
          "019": "Къилбаседа а, къилба а Америка",
          "021": "Къилбаседа Америка – АЦШ а, Канада а",
          "029": "Карибаш",
          "030": "Юккъера Ази",
          "034": "Къилба Ази",
          "035": "Къилба-малхбален Ази",
          "039": "Къилба Европа",
          "053": "Австралази",
          "054": "Меланези",
          "057": "Микронези",
          "061": "Полинези",
          "142": "Ази",
          "143": "Юккъера Малхбале",
          "145": "Юккъера а, Гергара а Малхбале",
          "150": "Европа",
          "151": "Малхбален Европа",
          "154": "Къилбаседа Европа",
          "155": "Малхбузен Европа",
          "202": "202",
          "419": "Латинан Америка",
          "AC": "Айъадаларан гӀайре",
          "AD": "Андорра",
          "AE": "Ӏарбийн Цхьанатоьхна Эмираташ",
          "AF": "ОвхӀан мохк",
          "AG": "Антигуа а, Барбуда а",
          "AI": "Ангилья",
          "AL": "Албани",
          "AM": "Эрмалойчоь",
          "AO": "Ангола",
          "AQ": "Антарктида",
          "AR": "Аргентина",
          "AS": "Американ Самоа",
          "AT": "Австри",
          "AU": "Австрали",
          "AW": "Аруба",
          "AX": "Аландан гӀайренаш",
          "AZ": "Азербайджан",
          "BA": "Босни а, Герцеговина а",
          "BB": "Барбадос",
          "BD": "Бангладеш",
          "BE": "Бельги",
          "BF": "Буркина- Фасо",
          "BG": "Болгари",
          "BH": "Бахрейн",
          "BI": "Бурунди",
          "BJ": "Бенин",
          "BL": "Сен-Бартельми",
          "BM": "Бермудан гӀайренаш",
          "BN": "Бруней-Даруссалам",
          "BO": "Боливи",
          "BQ": "Бонэйр, Синт-Эстатиус а, Саба а",
          "BR": "Бразили",
          "BS": "Багаман гӀайренаш",
          "BT": "Бутан",
          "BV": "Бувен гӀайре",
          "BW": "Ботсвана",
          "BY": "Белорусси",
          "BZ": "Белиз",
          "CA": "Канада",
          "CC": "Кокосийн гӀайренаш",
          "CD": "Демократин Республика Конго",
          "CD-alt-variant": "Конго (ДРК)",
          "CF": "Юккъерчу Африкин Республика",
          "CG": "Конго - Браззавиль",
          "CG-alt-variant": "Республика Конго",
          "CH": "Швейцари",
          "CI": "Кот-Д’ивуар",
          "CI-alt-variant": "Кот-д’Ивуар",
          "CK": "Кукан гӀайренаш",
          "CL": "Чили",
          "CM": "Камерун",
          "CN": "Цийчоь",
          "CO": "Колумби",
          "CP": "Клиппертон",
          "CR": "Коста-Рика",
          "CU": "Куба",
          "CV": "Кабо-Верде",
          "CW": "Кюрасао",
          "CX": "ГӀайре ӏиса пайхӏамар вина де",
          "CY": "Кипр",
          "CZ": "Чехи",
          "CZ-alt-variant": "CZ",
          "DE": "Германи",
          "DG": "Диего-Гарси",
          "DJ": "Джибути",
          "DK": "Дани",
          "DM": "Доминика",
          "DO": "Доминикан Республика",
          "DZ": "Алжир",
          "EA": "Сеута а, Мелилья а",
          "EC": "Эквадор",
          "EE": "Эстони",
          "EG": "Мисар",
          "EH": "Малхбузен Саьхьара",
          "ER": "Эритрей",
          "ES": "Испани",
          "ET": "Эфиопи",
          "EU": "Евробарт",
          "EZ": "еврозона",
          "FI": "Финлянди",
          "FJ": "Фиджи",
          "FK": "Фолклендан гӀайренаш",
          "FK-alt-variant": "Фолклендан гӀайренаш (Мальвинаш)",
          "FM": "Микронезин Федеративни штаташ",
          "FO": "Фарерийн гӀайренаш",
          "FR": "Франци",
          "GA": "Габон",
          "GB": "Йоккха Британи",
          "GB-alt-short": "Йоккха Британи",
          "GD": "Гренада",
          "GE": "Гуьржийчоь",
          "GF": "Французийн Гвиана",
          "GG": "Гернси",
          "GH": "Гана",
          "GI": "Гибралтар",
          "GL": "Гренланди",
          "GM": "Гамби",
          "GN": "Гвиней",
          "GP": "Гваделупа",
          "GQ": "Экваторан Гвиней",
          "GR": "Греци",
          "GS": "Къилба Джорджи а, Къилба Гавайн гӀайренаш а",
          "GT": "Гватемала",
          "GU": "Гуам",
          "GW": "Гвиней-Бисау",
          "GY": "Гайана",
          "HK": "Гонконг (ша-къаьстина кӀошт)",
          "HK-alt-short": "Гонконг",
          "HM": "Херд гӀайре а, Макдональд гӀайренаш а",
          "HN": "Гондурас",
          "HR": "Хорвати",
          "HT": "Гаити",
          "HU": "Венгри",
          "IC": "Канаран гӀайренаш",
          "ID": "Индонези",
          "IE": "Ирланди",
          "IL": "Израиль",
          "IM": "Мэн гӀайре",
          "IN": "ХӀинди",
          "IO": "Британин латта Индин океанехь",
          "IQ": "Ӏиракъ",
          "IR": "ГӀажарийчоь",
          "IS": "Исланди",
          "IT": "Итали",
          "JE": "Джерси",
          "JM": "Ямайка",
          "JO": "Урдан",
          "JP": "Япони",
          "KE": "Кени",
          "KG": "Киргизи",
          "KH": "Камбоджа",
          "KI": "Кирибати",
          "KM": "Комораш",
          "KN": "Сент-Китс а, Невис а",
          "KP": "Къилбаседа Корей",
          "KR": "Къилба Корей",
          "KW": "Кувейт",
          "KY": "Кайман гӀайренаш",
          "KZ": "Кхазакхстан",
          "LA": "Лаос",
          "LB": "Ливан",
          "LC": "Сент-Люси",
          "LI": "Лихтенштейн",
          "LK": "Шри-Ланка",
          "LR": "Либери",
          "LS": "Лесото",
          "LT": "Литва",
          "LU": "Люксембург",
          "LV": "Латви",
          "LY": "Ливи",
          "MA": "Марокко",
          "MC": "Монако",
          "MD": "Молдави",
          "ME": "Ӏаьржаламанчоь",
          "MF": "Сен-Мартен",
          "MG": "Мадагаскар",
          "MH": "Маршаллан гӀайренаш",
          "MK": "Македони",
          "MK-alt-variant": "MK",
          "ML": "Мали",
          "MM": "Мьянма (Бирма)",
          "MN": "Монголи",
          "MO": "Макао (ша-къаьстина кӀошт)",
          "MO-alt-short": "Макао",
          "MP": "Къилбаседа Марианан гӀайренаш",
          "MQ": "Мартиника",
          "MR": "Мавритани",
          "MS": "Монтсеррат",
          "MT": "Мальта",
          "MU": "Маврики",
          "MV": "Мальдиваш",
          "MW": "Малави",
          "MX": "Мексика",
          "MY": "Малайзи",
          "MZ": "Мозамбик",
          "NA": "Намиби",
          "NC": "Керла Каледони",
          "NE": "Нигер",
          "NF": "Норфолк гӀайре",
          "NG": "Нигери",
          "NI": "Никарагуа",
          "NL": "Нидерландаш",
          "NO": "Норвеги",
          "NP": "Непал",
          "NR": "Науру",
          "NU": "Ниуэ",
          "NZ": "Керла Зеланди",
          "OM": "Ӏоман",
          "PA": "Панама",
          "PE": "Перу",
          "PF": "Французийн Полинези",
          "PG": "Папуа — Керла Гвиней",
          "PH": "Филиппинаш",
          "PK": "Пакистан",
          "PL": "Польша",
          "PM": "Сен-Пьер а, Микелон а",
          "PN": "Питкэрн гӀайренаш",
          "PR": "Пуэрто-Рико",
          "PS": "ПалестӀинан латтанаш",
          "PS-alt-short": "ПалестӀина",
          "PT": "Португали",
          "PW": "Палау",
          "PY": "Парагвай",
          "QA": "Катар",
          "QO": "Арахьара Океани",
          "RE": "Реюньон",
          "RO": "Румыни",
          "RS": "Серби",
          "RU": "Росси",
          "RW": "Руанда",
          "SA": "СаӀудийн Ӏаьрбийчоь",
          "SB": "Соломонан гӀайренаш",
          "SC": "Сейшелан гӀайренаш",
          "SD": "Судан",
          "SE": "Швеци",
          "SG": "Сингапур",
          "SH": "Сийлахьчу Еленин гӀайре",
          "SI": "Словени",
          "SJ": "Шпицберген а, Ян-Майен а",
          "SK": "Словаки",
          "SL": "Сьерра- Леоне",
          "SM": "Сан-Марино",
          "SN": "Сенегал",
          "SO": "Сомали",
          "SR": "Суринам",
          "SS": "Къилба Судан",
          "ST": "Сан-Томе а, Принсипи а",
          "SV": "Сальвадор",
          "SX": "Синт-Мартен",
          "SY": "Шема",
          "SZ": "Свазиленд",
          "TA": "Тристан-да- Кунья",
          "TC": "Тёркс а, Кайкос а гӀайренаш",
          "TD": "Чад",
          "TF": "Французийн къилба латтанаш",
          "TG": "Того",
          "TH": "Таиланд",
          "TJ": "Таджикистан",
          "TK": "Токелау",
          "TL": "Малхбален Тимор",
          "TL-alt-variant": "Тимор-Лесте",
          "TM": "Туркмени",
          "TN": "Тунис",
          "TO": "Тонга",
          "TR": "Туркойчоь",
          "TT": "Тринидад а, Тобаго а",
          "TV": "Тувалу",
          "TW": "Тайвань",
          "TZ": "Танзани",
          "UA": "Украина",
          "UG": "Уганда",
          "UM": "АЦШн арахьара кегийн гӀайренаш",
          "UN": "Вовшахкхетта Къаьмнийн Организаци",
          "US": "Цхьанатоьхна Штаташ",
          "US-alt-short": "АЦШ",
          "UY": "Уругвай",
          "UZ": "Узбекистан",
          "VA": "Ватикан",
          "VC": "Сент-Винсент а, Гренадинаш а",
          "VE": "Венесуэла",
          "VG": "Виргинийн гӀайренаш (Британи)",
          "VI": "Виргинийн гӀайренаш (АЦШ)",
          "VN": "Вьетнам",
          "VU": "Вануату",
          "WF": "Уоллис а, Футуна а",
          "WS": "Самоа",
          "XK": "Косово",
          "YE": "Йемен",
          "YT": "Майотта",
          "ZA": "Къилба-Африкин Республика",
          "ZM": "Замби",
          "ZW": "Зимбабве",
          "ZZ": "Йоьвзуш йоцу регион"
        }
      }
    }
  }
}
