{
  "main": {
    "af": {
      "identity": {
        "version": {
          "_number": "$Revision: 13705 $",
          "_cldrVersion": "32"
        },
        "language": "af"
      },
      "localeDisplayNames": {
        "languages": {
          "aa": "Afar",
          "ab": "Abkasies",
          "ace": "Atsjenees",
          "ach": "Akoli",
          "ada": "Adangme",
          "ady": "Adyghe",
          "af": "Afrikaans",
          "agq": "Aghem",
          "ain": "Ainu",
          "ak": "Akan",
          "ale": "Aleut",
          "alt": "Suid-Altai",
          "am": "Amharies",
          "an": "Aragonees",
          "anp": "Angika",
          "ar": "Arabies",
          "ar-001": "Moderne Standaardarabies",
          "arc": "Aramees",
          "arn": "Mapuche",
          "arp": "Arapaho",
          "as": "Assamees",
          "asa": "Asu",
          "ast": "Asturies",
          "av": "Avaries",
          "awa": "Awadhi",
          "ay": "Aymara",
          "az": "Azerbeidjans",
          "az-alt-short": "Azeri",
          "ba": "Baskir",
          "ban": "Balinees",
          "bas": "Basaa",
          "be": "Belarussies",
          "bem": "Bemba",
          "bez": "Bena",
          "bg": "Bulgaars",
          "bgn": "Wes-Balochi",
          "bho": "Bhojpuri",
          "bi": "Bislama",
          "bin": "Bini",
          "bla": "Siksika",
          "bm": "Bambara",
          "bn": "Bengaals",
          "bo": "Tibettaans",
          "br": "Bretons",
          "brx": "Bodo",
          "bs": "Bosnies",
          "bug": "Buginees",
          "byn": "Blin",
          "ca": "Katalaans",
          "ce": "Tsjetsjeens",
          "ceb": "Cebuano",
          "cgg": "Kiga",
          "ch": "Chamorro",
          "chk": "Chuukees",
          "chm": "Mari",
          "cho": "Choctaw",
          "chr": "Cherokees",
          "chy": "Cheyennees",
          "ckb": "Sorani",
          "co": "Korsikaans",
          "cop": "Kopties",
          "crs": "Seselwa Franskreools",
          "cs": "Tsjeggies",
          "cu": "Kerkslawies",
          "cv": "Chuvash",
          "cy": "Wallies",
          "da": "Deens",
          "dak": "Dakotaans",
          "dar": "Dakota",
          "dav": "Taita",
          "de": "Duits",
          "de-AT": "Duits (Oostenryk)",
          "de-CH": "Switserse hoog-Duits",
          "dgr": "Dogrib",
          "dje": "Zarma",
          "dsb": "Lae Sorbies",
          "dua": "Duala",
          "dv": "Divehi",
          "dyo": "Jola-Fonyi",
          "dz": "Dzongkha",
          "dzg": "Dazaga",
          "ebu": "Embu",
          "ee": "Ewe",
          "efi": "Efik",
          "egy": "Antieke Egipties",
          "eka": "Ekajuk",
          "el": "Grieks",
          "en": "Engels",
          "en-AU": "Engels (Australië)",
          "en-CA": "Engels (Kanada)",
          "en-GB": "Engels (VK)",
          "en-GB-alt-short": "Engels (VK)",
          "en-US": "Engels (VSA)",
          "en-US-alt-short": "Engels (VSA)",
          "eo": "Esperanto",
          "es": "Spaans",
          "es-419": "Spaans (Latyns-Amerika)",
          "es-ES": "Spaans (Spanje)",
          "es-MX": "Spaans (Meksiko)",
          "et": "Estnies",
          "eu": "Baskies",
          "ewo": "Ewondo",
          "fa": "Persies",
          "ff": "Fulah",
          "fi": "Fins",
          "fil": "Filippyns",
          "fj": "Fidjiaans",
          "fo": "Faroëes",
          "fon": "Fon",
          "fr": "Frans",
          "fr-CA": "Frans (Kanada)",
          "fr-CH": "Frans (Switserland)",
          "frc": "frc",
          "fur": "Friuliaans",
          "fy": "Fries",
          "ga": "Iers",
          "gaa": "Gaa",
          "gag": "Gagauz",
          "gan": "Gan-Sjinees",
          "gd": "Skotse Gallies",
          "gez": "Geez",
          "gil": "Gilbertees",
          "gl": "Galisies",
          "gn": "Guarani",
          "gor": "Gorontalo",
          "got": "Goties",
          "grc": "Antieke Grieks",
          "gsw": "Switserse Duits",
          "gu": "Goedjarati",
          "guz": "Gusii",
          "gv": "Manx",
          "gwi": "Gwichʼin",
          "ha": "Hausa",
          "hak": "Hakka-Sjinees",
          "haw": "Hawaiies",
          "he": "Hebreeus",
          "hi": "Hindi",
          "hil": "Hiligaynon",
          "hit": "Hetities",
          "hmn": "Hmong",
          "hr": "Kroaties",
          "hsb": "Oppersorbies",
          "hsn": "Xiang-Sjinees",
          "ht": "Haïtiaans",
          "hu": "Hongaars",
          "hup": "Hupa",
          "hy": "Armeens",
          "hz": "Herero",
          "ia": "Interlingua",
          "iba": "Ibanees",
          "ibb": "Ibibio",
          "id": "Indonesies",
          "ie": "Interlingue",
          "ig": "Igbo",
          "ii": "Sichuan Yi",
          "ilo": "Iloko",
          "inh": "Ingush",
          "io": "Ido",
          "is": "Yslands",
          "it": "Italiaans",
          "iu": "Inuïties",
          "ja": "Japannees",
          "jbo": "Lojban",
          "jgo": "Ngomba",
          "jmc": "Machame",
          "jv": "Javaans",
          "ka": "Georgies",
          "kab": "Kabyle",
          "kac": "Kachin",
          "kaj": "Jju",
          "kam": "Kamba",
          "kbd": "Kabardiaans",
          "kcg": "Tyap",
          "kde": "Makonde",
          "kea": "Kabuverdianu",
          "kfo": "Koro",
          "kg": "Kongolees",
          "kha": "Khasi",
          "khq": "Koyra Chiini",
          "ki": "Kikuyu",
          "kj": "Kuanyama",
          "kk": "Kazaks",
          "kkj": "Kako",
          "kl": "Kalaallisut",
          "kln": "Kalenjin",
          "km": "Khmer",
          "kmb": "Kimbundu",
          "kn": "Kannada",
          "ko": "Koreaans",
          "koi": "Komi-Permyaks",
          "kok": "Konkani",
          "kpe": "Kpellees",
          "kr": "Kanuri",
          "krc": "Karachay-Balkar",
          "krl": "Karelies",
          "kru": "Kurukh",
          "ks": "Kasjmirs",
          "ksb": "Shambala",
          "ksf": "Bafia",
          "ksh": "Keuls",
          "ku": "Koerdies",
          "kum": "Kumyk",
          "kv": "Komi",
          "kw": "Kornies",
          "ky": "Kirgisies",
          "la": "Latyn",
          "lad": "Ladino",
          "lag": "Langi",
          "lb": "Luxemburgs",
          "lez": "Lezghies",
          "lg": "Ganda",
          "li": "Limburgs",
          "lkt": "Lakota",
          "ln": "Lingaals",
          "lo": "Lao",
          "lou": "lou",
          "loz": "Lozi",
          "lrc": "Noord-Luri",
          "lt": "Litaus",
          "lu": "Luba-Katanga",
          "lua": "Luba-Lulua",
          "lun": "Lunda",
          "luo": "Luo",
          "lus": "Mizo",
          "luy": "Luyia",
          "lv": "Letties",
          "mad": "Madurees",
          "mag": "Magahi",
          "mai": "Maithili",
          "mak": "Makasar",
          "mas": "Masai",
          "mdf": "Moksha",
          "men": "Mende",
          "mer": "Meru",
          "mfe": "Morisjen",
          "mg": "Malgassies",
          "mgh": "Makhuwa-Meetto",
          "mgo": "Meta’",
          "mh": "Marshallees",
          "mi": "Maori",
          "mic": "Micmac",
          "min": "Minangkabaus",
          "mk": "Masedonies",
          "ml": "Malabaars",
          "mn": "Mongools",
          "mni": "Manipuri",
          "moh": "Mohawk",
          "mos": "Mossi",
          "mr": "Marathi",
          "ms": "Maleis",
          "mt": "Maltees",
          "mua": "Mundang",
          "mul": "Veelvuldige tale",
          "mus": "Kreek",
          "mwl": "Mirandees",
          "my": "Birmaans",
          "myv": "Erzya",
          "mzn": "Masanderani",
          "na": "Nauru",
          "nan": "Min Nan-Sjinees",
          "nap": "Neapolitaans",
          "naq": "Nama",
          "nb": "Noorse Bokmål",
          "nd": "Noord-Ndebele",
          "nds": "Lae Duits",
          "nds-NL": "Nedersaksies",
          "ne": "Nepalees",
          "new": "Newari",
          "ng": "Ndonga",
          "nia": "Nias",
          "niu": "Niueaans",
          "nl": "Nederlands",
          "nl-BE": "Vlaams",
          "nmg": "Kwasio",
          "nn": "Noorweegse Nynorsk",
          "nnh": "Ngiemboon",
          "no": "Noors",
          "nog": "Nogai",
          "nqo": "N’Ko",
          "nr": "Suid-Ndebele",
          "nso": "Noord-Sotho",
          "nus": "Nuer",
          "nv": "Navajo",
          "ny": "Nyanja",
          "nyn": "Nyankole",
          "oc": "Oksitaans",
          "om": "Oromo",
          "or": "Oriya",
          "os": "Osseties",
          "pa": "Pandjabi",
          "pag": "Pangasinan",
          "pam": "Pampanga",
          "pap": "Papiamento",
          "pau": "Palauaans",
          "pcm": "Nigeriese Pidgin",
          "phn": "Fenisies",
          "pl": "Pools",
          "prg": "Pruisies",
          "ps": "Pasjto",
          "ps-alt-variant": "Pushto",
          "pt": "Portugees",
          "pt-BR": "Portugees (Brasilië)",
          "pt-PT": "Portugees (Portugal)",
          "qu": "Quechua",
          "quc": "K’iche’",
          "rap": "Rapanui",
          "rar": "Rarotongaans",
          "rm": "Reto-Romaans",
          "rn": "Rundi",
          "ro": "Roemeens",
          "ro-MD": "Moldawies",
          "rof": "Rombo",
          "root": "Root",
          "ru": "Russies",
          "rup": "Aromanies",
          "rw": "Rwandees",
          "rwk": "Rwa",
          "sa": "Sanskrit",
          "sad": "Sandawees",
          "sah": "Sakhaans",
          "saq": "Samburu",
          "sat": "Santalies",
          "sba": "Ngambay",
          "sbp": "Sangu",
          "sc": "Sardinies",
          "scn": "Sisiliaans",
          "sco": "Skots",
          "sd": "Sindhi",
          "sdh": "Suid-Koerdies",
          "se": "Noord-Sami",
          "seh": "Sena",
          "ses": "Koyraboro Senni",
          "sg": "Sango",
          "sh": "Serwo-Kroaties",
          "shi": "Tachelhit",
          "shn": "Shan",
          "si": "Sinhala",
          "sk": "Slowaaks",
          "sl": "Sloweens",
          "sm": "Samoaans",
          "sma": "Suid-Sami",
          "smj": "Lule Sami",
          "smn": "Inari Sami",
          "sms": "Skolt Sami",
          "sn": "Shona",
          "snk": "Soninke",
          "so": "Somalies",
          "sq": "Albanees",
          "sr": "Serwies",
          "srn": "Sranan Tongo",
          "ss": "Swazi",
          "ssy": "Saho",
          "st": "Suid-Sotho",
          "su": "Sundanees",
          "suk": "Sukuma",
          "sv": "Sweeds",
          "sw": "Swahili",
          "sw-CD": "Swahili (Kongo)",
          "swb": "Comoraans",
          "syr": "Siries",
          "ta": "Tamil",
          "te": "Teloegoe",
          "tem": "Timne",
          "teo": "Teso",
          "tet": "Tetoem",
          "tg": "Tadzjieks",
          "th": "Thai",
          "ti": "Tigrinya",
          "tig": "Tigre",
          "tk": "Turkmeens",
          "tlh": "Klingon",
          "tn": "Tswana",
          "to": "Tongaans",
          "tpi": "Tok Pisin",
          "tr": "Turks",
          "trv": "Taroko",
          "ts": "Tsonga",
          "tt": "Tataars",
          "tum": "Toemboeka",
          "tvl": "Tuvalu",
          "tw": "Twi",
          "twq": "Tasawaq",
          "ty": "Tahities",
          "tyv": "Tuvinees",
          "tzm": "Sentraal-Atlas-Tamazight",
          "udm": "Udmurt",
          "ug": "Uighur",
          "uk": "Oekraïens",
          "umb": "Umbundu",
          "und": "Onbekende of ongeldige taal",
          "ur": "Oerdoe",
          "uz": "Oezbeeks",
          "vai": "Vai",
          "ve": "Venda",
          "vi": "Viëtnamees",
          "vo": "Volapük",
          "vun": "Vunjo",
          "wa": "Walloon",
          "wae": "Walser",
          "wal": "Wolaytta",
          "war": "Waray",
          "wbp": "Warlpiri",
          "wo": "Wolof",
          "wuu": "Wu-Sjinees",
          "xal": "Kalmyk",
          "xh": "Xhosa",
          "xog": "Soga",
          "yav": "Yangben",
          "ybb": "Yemba",
          "yi": "Jiddisj",
          "yo": "Yoruba",
          "yue": "Kantonees",
          "zgh": "Standaard Marokkaanse Tamazight",
          "zh": "Sjinees",
          "zh-Hans": "Sjinees (Vereenvoudig)",
          "zh-Hant": "Sjinees (Tradisioneel)",
          "zu": "Zoeloe",
          "zun": "Zuni",
          "zxx": "Geen taalinhoud nie",
          "zza": "Zaza"
        }
      }
    }
  }
}
