{
  "main": {
    "dsb": {
      "identity": {
        "version": {
          "_number": "$Revision: 13701 $",
          "_cldrVersion": "32"
        },
        "language": "dsb"
      },
      "localeDisplayNames": {
        "languages": {
          "aa": "afaršćina",
          "ab": "abchazšćina",
          "ace": "ace",
          "ada": "ada",
          "ady": "ady",
          "af": "afrikans",
          "agq": "aghem",
          "ain": "ain",
          "ak": "akanšćina",
          "ale": "ale",
          "alt": "alt",
          "am": "amharšćina",
          "an": "aragonšćina",
          "ang": "anglosaksojšćina",
          "anp": "anp",
          "ar": "arabšćina",
          "ar-001": "moderna wusokoarabšćina",
          "arn": "arawkašćina",
          "arp": "arp",
          "as": "asamšćina",
          "asa": "pare",
          "ast": "asturšćina",
          "av": "awaršćina",
          "awa": "awa",
          "ay": "aymaršćina",
          "az": "azerbajdžanšćina",
          "az-alt-short": "az",
          "ba": "baškiršćina",
          "ban": "ban",
          "bas": "bas",
          "be": "běłorušćina",
          "bem": "bemba",
          "bez": "bena",
          "bg": "bulgaršćina",
          "bho": "bho",
          "bi": "bislamšćina",
          "bin": "bin",
          "bla": "bla",
          "bm": "bambara",
          "bn": "bengalšćina",
          "bo": "tibetšćina",
          "br": "bretonšćina",
          "brx": "bodo",
          "bs": "bosnišćina",
          "bug": "bugišćina",
          "byn": "byn",
          "ca": "katanlanšćina",
          "ce": "ce",
          "ceb": "ceb",
          "cgg": "chiga",
          "ch": "čamoršćina",
          "chk": "chk",
          "chm": "chm",
          "cho": "choctawšćina",
          "chr": "cherokee",
          "chy": "chy",
          "ckb": "sorani",
          "co": "korsišćina",
          "cr": "kri",
          "crs": "crs",
          "cs": "češćina",
          "cu": "cu",
          "cv": "cv",
          "cy": "walizišćina",
          "da": "danšćina",
          "dak": "dak",
          "dar": "dar",
          "dav": "taita",
          "de": "nimšćina",
          "de-AT": "awstriska nimšćina",
          "de-CH": "šwicarska wusokonimšćina",
          "dgr": "dgr",
          "dje": "zarma",
          "dsb": "dolnoserbšćina",
          "dua": "duala",
          "dv": "divehi",
          "dyo": "jola-fonyi",
          "dz": "dzongkha",
          "dzg": "dzg",
          "ebu": "embu",
          "ee": "ewe",
          "efi": "efi",
          "eka": "eka",
          "el": "grichišćina",
          "en": "engelšćina",
          "en-AU": "awstralska engelšćina",
          "en-CA": "kanadiska engelšćina",
          "en-GB": "britiska engelšćina",
          "en-GB-alt-short": "UK-engelšćina",
          "en-US": "ameriska engelšćina",
          "en-US-alt-short": "US-engelšćina",
          "eo": "esperanto",
          "es": "špańšćina",
          "es-419": "łatyńskoamerikańska špańšćina",
          "es-ES": "europejska špańšćina",
          "es-MX": "mexikańska špańšćina",
          "et": "estišćina",
          "eu": "baskišćina",
          "ewo": "ewo",
          "fa": "persišćina",
          "ff": "ff",
          "fi": "finšćina",
          "fil": "filipinšćina",
          "fj": "fidžišćina",
          "fo": "ferejšćina",
          "fon": "fon",
          "fr": "francojšćina",
          "fr-CA": "kanadiska francojšćina",
          "fr-CH": "šwicarska francojšćina",
          "frc": "frc",
          "fur": "fur",
          "fy": "frizišćina",
          "ga": "iršćina",
          "gaa": "gaa",
          "gag": "gagauzšćina",
          "gan": "gan",
          "gd": "šotišćina",
          "gez": "gez",
          "gil": "gil",
          "gl": "galicišćina",
          "gn": "guarani",
          "gor": "gor",
          "got": "gotišćina",
          "gsw": "šwicarska nimšćina",
          "gu": "gudžaratšćina",
          "guz": "gusii",
          "gv": "manšćina",
          "gwi": "gwi",
          "ha": "hausa",
          "hak": "hak",
          "haw": "hawaiišćina",
          "he": "hebrejšćina",
          "hi": "hindišćina",
          "hil": "hil",
          "hmn": "hmn",
          "hr": "chorwatšćina",
          "hsb": "górnoserbšćina",
          "hsn": "hsn",
          "ht": "haitišćina",
          "hu": "hungoršćina",
          "hup": "hup",
          "hy": "armeńšćina",
          "hz": "hz",
          "ia": "interlingua",
          "iba": "iba",
          "ibb": "ibb",
          "id": "indonešćina",
          "ig": "igbo",
          "ii": "sichuan yi",
          "ik": "inupiak",
          "ilo": "ilo",
          "inh": "inh",
          "io": "ido",
          "is": "islandšćina",
          "it": "italšćina",
          "iu": "inuitšćina",
          "ja": "japańšćina",
          "jbo": "jbo",
          "jgo": "ngomba",
          "jmc": "machame",
          "jv": "javašćina",
          "ka": "georgišćina",
          "kab": "kabylšćina",
          "kac": "kac",
          "kaj": "kaj",
          "kam": "kamba",
          "kbd": "kbd",
          "kcg": "kcg",
          "kde": "makonde",
          "kea": "kapverdšćina",
          "kfo": "kfo",
          "kha": "kha",
          "khq": "koyra chiini",
          "ki": "kikuyu",
          "kj": "kj",
          "kk": "kazachšćina",
          "kkj": "kkj",
          "kl": "grönlandšćina",
          "kln": "kalenjin",
          "km": "kambodžanšćina",
          "kmb": "kmb",
          "kn": "kannadšćina",
          "ko": "korejańšćina",
          "koi": "komi-permyak",
          "kok": "konkani",
          "kpe": "kpe",
          "kr": "kr",
          "krc": "krc",
          "krl": "krl",
          "kru": "kru",
          "ks": "kašmiršćina",
          "ksb": "šambala",
          "ksf": "bafia",
          "ksh": "ksh",
          "ku": "kurdišćina",
          "kum": "kum",
          "kv": "kv",
          "kw": "kornišćina",
          "ky": "kirgišćina",
          "la": "łatyńšćina",
          "lad": "lad",
          "lag": "langi",
          "lb": "luxemburgšćina",
          "lez": "lez",
          "lg": "gandšćina",
          "li": "limburšćina",
          "lkt": "lakotšćina",
          "ln": "lingala",
          "lo": "laošćina",
          "lou": "lou",
          "loz": "loz",
          "lrc": "lrc",
          "lt": "litawšćina",
          "lu": "luba-katanga",
          "lua": "lua",
          "lun": "lun",
          "luo": "luo",
          "lus": "lus",
          "luy": "luhya",
          "lv": "letišćina",
          "mad": "mad",
          "mag": "mag",
          "mai": "mai",
          "mak": "mak",
          "mas": "masaišćina",
          "mdf": "mdf",
          "men": "men",
          "mer": "meru",
          "mfe": "mauriciska kreolšćina",
          "mg": "malgašćina",
          "mgh": "makhuwa-meetto",
          "mgo": "meta’",
          "mh": "mh",
          "mi": "maorišćina",
          "mic": "mic",
          "min": "min",
          "mk": "makedońšćina",
          "ml": "malajamšćina",
          "mn": "mongolšćina",
          "mni": "mni",
          "moh": "mohawkšćina",
          "mos": "mos",
          "mr": "maratišćina",
          "ms": "malajšćina",
          "mt": "maltašćina",
          "mua": "mundang",
          "mul": "mul",
          "mus": "krik",
          "mwl": "mwl",
          "my": "burmašćina",
          "myv": "myv",
          "mzn": "mzn",
          "na": "naurušćina",
          "nan": "nan",
          "nap": "nap",
          "naq": "nama",
          "nb": "norwegske bokmål",
          "nd": "pódpołnocne ndebele",
          "nds": "dolnonimšćina",
          "nds-NL": "dolnonimšćina (Nižozemska)",
          "ne": "nepalšćina",
          "new": "new",
          "ng": "ng",
          "nia": "nia",
          "niu": "niu",
          "nl": "nižozemšćina",
          "nl-BE": "flamšćina",
          "nmg": "kwasio",
          "nn": "norwegske nynorsk",
          "nnh": "nnh",
          "no": "norwegšćina",
          "nog": "nog",
          "nqo": "n’ko",
          "nr": "nr",
          "nso": "nso",
          "nus": "nuer",
          "nv": "navaho",
          "ny": "ny",
          "nyn": "nyankole",
          "oc": "okcitanšćina",
          "om": "oromo",
          "or": "orojišćina",
          "os": "os",
          "pa": "pandžabšćina",
          "pag": "pag",
          "pam": "pam",
          "pap": "pap",
          "pau": "pau",
          "pcm": "pcm",
          "pl": "pólšćina",
          "prg": "prusčina",
          "ps": "paštunšćina",
          "pt": "portugalšćina",
          "pt-BR": "brazilska portugalšćina",
          "pt-PT": "europejska portugalšćina",
          "qu": "kečua",
          "quc": "kʼicheʼ",
          "rap": "rap",
          "rar": "rar",
          "rm": "retoromańšćina",
          "rn": "kirundišćina",
          "ro": "rumunšćina",
          "ro-MD": "moldawišćina",
          "rof": "rombo",
          "root": "root",
          "ru": "rušćina",
          "rup": "rup",
          "rw": "kinjarwanda",
          "rwk": "rwa",
          "sa": "sanskrit",
          "sad": "sad",
          "sah": "sah",
          "saq": "samburu",
          "sat": "sat",
          "sba": "sba",
          "sbp": "sangu",
          "sc": "sardinšćina",
          "scn": "sicilianišćina",
          "sco": "sco",
          "sd": "sindšćina",
          "se": "lapšćina",
          "seh": "sena",
          "ses": "koyra senni",
          "sg": "sango",
          "sh": "serbochorwatšćina",
          "shi": "tašelhit",
          "shn": "shn",
          "si": "singalšćina",
          "sk": "słowakšćina",
          "sl": "słowjeńšćina",
          "sm": "samošćina",
          "sma": "pódpołdnjowa samišćina",
          "smj": "lule-samišćina",
          "smn": "inari-samišćina",
          "sms": "skolt-samišćina",
          "sn": "šonšćina",
          "snk": "snk",
          "so": "somališćina",
          "sq": "albanšćina",
          "sr": "serbišćina",
          "srn": "srn",
          "ss": "siswati",
          "ssy": "ssy",
          "st": "pódpołdnjowa sotšćina (Sesotho)",
          "stq": "saterfrizišćina",
          "su": "sundanšćina",
          "suk": "suk",
          "sv": "šwedšćina",
          "sw": "swahilišćina",
          "sw-CD": "kongojska swahilišćina",
          "swb": "swb",
          "syr": "syr",
          "ta": "tamilšćina",
          "te": "telugšćina",
          "tem": "tem",
          "teo": "teso",
          "tet": "tet",
          "tg": "tadžikišćina",
          "th": "thailandšćina",
          "ti": "tigrinja",
          "tig": "tig",
          "tk": "turkmeńšćina",
          "tl": "tagalog",
          "tlh": "tlh",
          "tn": "tswana",
          "to": "tonganšćina",
          "tpi": "tpi",
          "tr": "turkojšćina",
          "trv": "trv",
          "ts": "tsonga",
          "tt": "tataršćina",
          "tum": "tum",
          "tvl": "tvl",
          "tw": "twi",
          "twq": "tasawaq",
          "ty": "tahitišćina",
          "tyv": "tyv",
          "tzm": "centralnoatlaski tamazight",
          "udm": "udm",
          "ug": "ujguršćina",
          "uk": "ukrainšćina",
          "umb": "umb",
          "und": "njeznata rěc",
          "ur": "urdušćina",
          "uz": "usbekšćina",
          "vai": "vai",
          "ve": "ve",
          "vi": "vietnamšćina",
          "vo": "volapük",
          "vun": "vunjo",
          "wa": "walonšćina",
          "wae": "wae",
          "wal": "wal",
          "war": "war",
          "wo": "wolof",
          "wuu": "wuu",
          "xal": "xal",
          "xh": "xhosa",
          "xog": "soga",
          "yav": "yav",
          "ybb": "ybb",
          "yi": "jidišćina",
          "yo": "jorubšćina",
          "yue": "yue",
          "za": "zhuang",
          "zgh": "standardny marokkański tamazight",
          "zh": "chinšćina",
          "zh-Hans": "chinšćina (zjadnorjona)",
          "zh-Hant": "chinšćina (tradicionalna)",
          "zu": "zulu",
          "zun": "zun",
          "zxx": "žedno rěcne wopśimjeśe",
          "zza": "zza"
        }
      }
    }
  }
}
