{
  "main": {
    "dsb": {
      "identity": {
        "version": {
          "_number": "$Revision: 13701 $",
          "_cldrVersion": "32"
        },
        "language": "dsb"
      },
      "localeDisplayNames": {
        "localeDisplayPattern": {
          "localePattern": "{0} ({1})",
          "localeSeparator": "{0}, {1}",
          "localeKeyTypePattern": "{0}: {1}"
        },
        "keys": {
          "calendar": "kalender",
          "cf": "cf",
          "collation": "sortěrowański slěd",
          "currency": "pjenjeze",
          "hc": "hc",
          "lb": "lb",
          "ms": "ms",
          "numbers": "licby"
        },
        "types": {
          "calendar": {
            "buddhist": "buddhistiski kalender",
            "chinese": "chinski kalender",
            "coptic": "coptic",
            "dangi": "dangi kalender",
            "ethiopic": "etiopiski kalender",
            "ethiopic-amete-alem": "ethiopic-amete-alem",
            "gregorian": "gregoriański kalender",
            "hebrew": "žydojski kalender",
            "indian": "indian",
            "islamic": "islamski kalender",
            "islamic-civil": "islamic-civil",
            "islamic-rgsa": "islamic-rgsa",
            "islamic-tbla": "islamic-tbla",
            "islamic-umalqura": "islamic-umalqura",
            "iso8601": "iso-8601-kalender",
            "japanese": "japański kalender",
            "persian": "persiski kalender",
            "roc": "kalender republiki China"
          },
          "cf": {
            "account": "account",
            "standard": "standard"
          },
          "collation": {
            "big5han": "big5han",
            "compat": "compat",
            "dictionary": "dictionary",
            "ducet": "sortěrowański slěd pó Unicoźe",
            "emoji": "emoji",
            "eor": "eor",
            "gb2312han": "gb2312han",
            "phonebook": "phonebook",
            "pinyin": "pinyin",
            "reformed": "reformed",
            "search": "powšykne pytanje",
            "searchjl": "searchjl",
            "standard": "standardny sortěrowański slěd",
            "stroke": "stroke",
            "traditional": "traditional",
            "unihan": "unihan",
            "zhuyin": "zhuyin"
          },
          "hc": {
            "h11": "h11",
            "h12": "h12",
            "h23": "h23",
            "h24": "h24"
          },
          "lb": {
            "loose": "loose",
            "normal": "normal",
            "strict": "strict"
          },
          "ms": {
            "metric": "metric",
            "uksystem": "uksystem",
            "ussystem": "ussystem"
          },
          "numbers": {
            "ahom": "ahom",
            "arab": "arabisko-indiske cyfry",
            "arabext": "rozšyrjone arabisko-indiske cyfry",
            "armn": "armeńske cyfry",
            "armnlow": "armeńske cyfry małopisane",
            "bali": "bali",
            "beng": "bengalske cyfry",
            "brah": "brah",
            "cakm": "cakm",
            "cham": "cham",
            "cyrl": "cyrl",
            "deva": "devanagari-cyfry",
            "ethi": "etiopiske cyfry",
            "fullwide": "połnošyroke cyfry",
            "geor": "georgiske cyfry",
            "gonm": "gonm",
            "grek": "grichiske cyfry",
            "greklow": "grichiske cyfry małopisane",
            "gujr": "gujarati-cyfry",
            "guru": "gurmukhi-cyfry",
            "hanidec": "chinske decimalne licby",
            "hans": "zjadnorjone chinske cyfry",
            "hansfin": "zjadnorjone chinske financne cyfry",
            "hant": "tradicionalne chinske cyfry",
            "hantfin": "tradicionalne chinske financne cyfry",
            "hebr": "hebrejske cyfry",
            "hmng": "hmng",
            "java": "java",
            "jpan": "japańske cyfry",
            "jpanfin": "japańske financne cyfry",
            "kali": "kali",
            "khmr": "khmerske cyfry",
            "knda": "kannada-cyfry",
            "lana": "lana",
            "lanatham": "lanatham",
            "laoo": "laotiske cyfry",
            "latn": "arabiske cyfry",
            "lepc": "lepc",
            "limb": "limb",
            "mathbold": "mathbold",
            "mathdbl": "mathdbl",
            "mathmono": "mathmono",
            "mathsanb": "mathsanb",
            "mathsans": "mathsans",
            "mlym": "malayalamske cyfry",
            "modi": "modi",
            "mong": "mong",
            "mroo": "mroo",
            "mtei": "mtei",
            "mymr": "burmaske cyfry",
            "mymrshan": "mymrshan",
            "mymrtlng": "mymrtlng",
            "nkoo": "nkoo",
            "olck": "olck",
            "orya": "oriya-cyfry",
            "osma": "osma",
            "roman": "romske cyfry",
            "romanlow": "romske cyfry małopisane",
            "saur": "saur",
            "shrd": "shrd",
            "sind": "sind",
            "sinh": "sinh",
            "sora": "sora",
            "sund": "sund",
            "takr": "takr",
            "talu": "talu",
            "taml": "tradicionalne tamilske cyfry",
            "tamldec": "tamilske cyfry",
            "telu": "telugu-cyfry",
            "thai": "thaiske cyfry",
            "tibt": "tibetske cyfry",
            "tirh": "tirh",
            "vaii": "vaii",
            "wara": "wara"
          }
        },
        "codePatterns": {
          "language": "Rěc: {0}",
          "script": "Pismo: {0}",
          "territory": "Region: {0}"
        }
      }
    }
  }
}
