{
  "main": {
    "dsb": {
      "identity": {
        "version": {
          "_number": "$Revision: 13701 $",
          "_cldrVersion": "32"
        },
        "language": "dsb"
      },
      "localeDisplayNames": {
        "territories": {
          "001": "swět",
          "002": "Afrika",
          "003": "Pódpołnocna Amerika",
          "005": "Pódpołdnjowa Amerika",
          "009": "Oceaniska",
          "011": "Pódwjacorna Afrika",
          "013": "Srjejźna Amerika",
          "014": "pódzajtšna Afrika",
          "015": "pódpołnocna Afrika",
          "017": "srjejźna Afrika",
          "018": "pódpołdnjowa Afrika",
          "019": "Amerika",
          "021": "pódpołnocny ameriski kontinent",
          "029": "Karibiska",
          "030": "pódzajtšna Azija",
          "034": "pódpołdnjowa Azija",
          "035": "krotkozajtšna Azija",
          "039": "pódpołdnjowa Europa",
          "053": "Awstralazija",
          "054": "Melaneziska",
          "057": "Mikroneziska (kupowy region)",
          "061": "Polyneziska",
          "142": "Azija",
          "143": "centralna Azija",
          "145": "pódwjacorna Azija",
          "150": "Europa",
          "151": "pódzajtšna Europa",
          "154": "pódpołnocna Europa",
          "155": "pódwjacorna Europa",
          "202": "202",
          "419": "Łatyńska Amerika",
          "AC": "Ascension",
          "AD": "Andorra",
          "AE": "Zjadnośone arabiske emiraty",
          "AF": "Afghanistan",
          "AG": "Antigua a Barbuda",
          "AI": "Anguilla",
          "AL": "Albańska",
          "AM": "Armeńska",
          "AO": "Angola",
          "AQ": "Antarktis",
          "AR": "Argentinska",
          "AS": "Ameriska Samoa",
          "AT": "Awstriska",
          "AU": "Awstralska",
          "AW": "Aruba",
          "AX": "Åland",
          "AZ": "Azerbajdžan",
          "BA": "Bosniska a Hercegowina",
          "BB": "Barbados",
          "BD": "Bangladeš",
          "BE": "Belgiska",
          "BF": "Burkina Faso",
          "BG": "Bulgarska",
          "BH": "Bahrain",
          "BI": "Burundi",
          "BJ": "Benin",
          "BL": "St. Barthélemy",
          "BM": "Bermudy",
          "BN": "Brunei",
          "BO": "Boliwiska",
          "BQ": "Karibiska Nižozemska",
          "BR": "Brazilska",
          "BS": "Bahamy",
          "BT": "Bhutan",
          "BV": "Bouvetowa kupa",
          "BW": "Botswana",
          "BY": "Běłoruska",
          "BZ": "Belize",
          "CA": "Kanada",
          "CC": "Kokosowe kupy",
          "CD": "Kongo-Kinshasa",
          "CD-alt-variant": "Kongo (Demokratiska republika)",
          "CF": "Centralnoafriska republika",
          "CG": "Kongo-Brazzaville",
          "CG-alt-variant": "Kongo (Republika)",
          "CH": "Šwicarska",
          "CI": "Côte d’Ivoire",
          "CI-alt-variant": "Słonowokósćowy pśibrjog",
          "CK": "Cookowe kupy",
          "CL": "Chilska",
          "CM": "Kamerun",
          "CN": "China",
          "CO": "Kolumbiska",
          "CP": "Clippertonowa kupa",
          "CR": "Kosta Rika",
          "CU": "Kuba",
          "CV": "Kap Verde",
          "CW": "Curaçao",
          "CX": "Gódowne kupy",
          "CY": "Cypriska",
          "CZ": "Česka republika",
          "CZ-alt-variant": "CZ",
          "DE": "Nimska",
          "DG": "Diego Garcia",
          "DJ": "Džibuti",
          "DK": "Dańska",
          "DM": "Dominika",
          "DO": "Dominikańska republika",
          "DZ": "Algeriska",
          "EA": "Ceuta a Melilla",
          "EC": "Ekwador",
          "EE": "Estniska",
          "EG": "Egyptojska",
          "EH": "Pódwjacorna Sahara",
          "ER": "Eritreja",
          "ES": "Špańska",
          "ET": "Etiopiska",
          "EU": "Europska unija",
          "EZ": "EZ",
          "FI": "Finska",
          "FJ": "Fidži",
          "FK": "Falklandske kupy",
          "FK-alt-variant": "Falklandske kupy (Malwiny)",
          "FM": "Mikroneziska",
          "FO": "Färöje",
          "FR": "Francojska",
          "GA": "Gabun",
          "GB": "Zjadnośone kralejstwo",
          "GB-alt-short": "UK",
          "GD": "Grenada",
          "GE": "Georgiska",
          "GF": "Francojska Guyana",
          "GG": "Guernsey",
          "GH": "Ghana",
          "GI": "Gibraltar",
          "GL": "Grönlandska",
          "GM": "Gambija",
          "GN": "Gineja",
          "GP": "Guadeloupe",
          "GQ": "Ekwatorialna Gineja",
          "GR": "Grichiska",
          "GS": "Pódpołdnjowa Georgiska a Pódpołdnjowe Sandwichowe kupy",
          "GT": "Guatemala",
          "GU": "Guam",
          "GW": "Gineja-Bissau",
          "GY": "Guyana",
          "HK": "Wósebna zastojnstwowa cona Hongkong",
          "HK-alt-short": "Hongkong",
          "HM": "Heardowa kupa a McDonaldowe kupy",
          "HN": "Honduras",
          "HR": "Chorwatska",
          "HT": "Haiti",
          "HU": "Hungorska",
          "IC": "Kanariske kupy",
          "ID": "Indoneziska",
          "IE": "Irska",
          "IL": "Israel",
          "IM": "Man",
          "IN": "Indiska",
          "IO": "Britiski indiskooceaniski teritorium",
          "IQ": "Irak",
          "IR": "Iran",
          "IS": "Islandska",
          "IT": "Italska",
          "JE": "Jersey",
          "JM": "Jamaika",
          "JO": "Jordaniska",
          "JP": "Japańska",
          "KE": "Kenia",
          "KG": "Kirgizistan",
          "KH": "Kambodža",
          "KI": "Kiribati",
          "KM": "Komory",
          "KN": "St. Kitts a Nevis",
          "KP": "Pódpołnocna Koreja",
          "KR": "Pódpołdnjowa Koreja",
          "KW": "Kuwait",
          "KY": "Kajmaniske kupy",
          "KZ": "Kazachstan",
          "LA": "Laos",
          "LB": "Libanon",
          "LC": "St. Lucia",
          "LI": "Liechtenstein",
          "LK": "Sri Lanka",
          "LR": "Liberija",
          "LS": "Lesotho",
          "LT": "Litawska",
          "LU": "Luxemburgska",
          "LV": "Letiska",
          "LY": "Libyska",
          "MA": "Marokko",
          "MC": "Monaco",
          "MD": "Moldawska",
          "ME": "Carna Góra",
          "MF": "St. Martin",
          "MG": "Madagaskar",
          "MH": "Marshallowe kupy",
          "MK": "Makedońska",
          "MK-alt-variant": "Makedońska (PRJ)",
          "ML": "Mali",
          "MM": "Myanmar",
          "MN": "Mongolska",
          "MO": "Wósebna zastojnstwowa cona Macao",
          "MO-alt-short": "Macao",
          "MP": "Pódpołnocne Mariany",
          "MQ": "Martinique",
          "MR": "Mawretańska",
          "MS": "Montserrat",
          "MT": "Malta",
          "MU": "Mauritius",
          "MV": "Malediwy",
          "MW": "Malawi",
          "MX": "Mexiko",
          "MY": "Malajzija",
          "MZ": "Mosambik",
          "NA": "Namibija",
          "NC": "Nowa Kaledoniska",
          "NE": "Niger",
          "NF": "Norfolkowa kupa",
          "NG": "Nigerija",
          "NI": "Nikaragua",
          "NL": "Nižozemska",
          "NO": "Norwegska",
          "NP": "Nepal",
          "NR": "Nauru",
          "NU": "Niue",
          "NZ": "Nowoseelandska",
          "OM": "Oman",
          "PA": "Panama",
          "PE": "Peru",
          "PF": "Francojska Polyneziska",
          "PG": "Papua-Neuguinea",
          "PH": "Filipiny",
          "PK": "Pakistan",
          "PL": "Pólska",
          "PM": "St. Pierre a Miquelon",
          "PN": "Pitcairnowe kupy",
          "PR": "Puerto Rico",
          "PS": "Palestinski awtonomny teritorium",
          "PS-alt-short": "Palestina",
          "PT": "Portugalska",
          "PW": "Palau",
          "PY": "Paraguay",
          "QA": "Katar",
          "QO": "wenkowna Oceaniska",
          "RE": "Réunion",
          "RO": "Rumuńska",
          "RS": "Serbiska",
          "RU": "Ruska",
          "RW": "Ruanda",
          "SA": "Saudi-Arabiska",
          "SB": "Salomony",
          "SC": "Seychelle",
          "SD": "Sudan",
          "SE": "Šwedska",
          "SG": "Singapur",
          "SH": "St. Helena",
          "SI": "Słowjeńska",
          "SJ": "Svalbard a Jan Mayen",
          "SK": "Słowakska",
          "SL": "Sierra Leone",
          "SM": "San Marino",
          "SN": "Senegal",
          "SO": "Somalija",
          "SR": "Surinamska",
          "SS": "Pódpołdnjowy Sudan",
          "ST": "São Tomé a Príncipe",
          "SV": "El Salvador",
          "SX": "Sint Maarten",
          "SY": "Syriska",
          "SZ": "Swasiska",
          "TA": "Tristan da Cunha",
          "TC": "Turks a Caicos kupy",
          "TD": "Čad",
          "TF": "Francojski pódpołdnjowy a antarktiski teritorium",
          "TG": "Togo",
          "TH": "Thailandska",
          "TJ": "Tadźikistan",
          "TK": "Tokelau",
          "TL": "Timor-Leste",
          "TL-alt-variant": "Pódzajtšny Timor",
          "TM": "Turkmeniska",
          "TN": "Tuneziska",
          "TO": "Tonga",
          "TR": "Turkojska",
          "TT": "Trinidad a Tobago",
          "TV": "Tuvalu",
          "TW": "Taiwan",
          "TZ": "Tansanija",
          "UA": "Ukraina",
          "UG": "Uganda",
          "UM": "Ameriska Oceaniska",
          "UN": "UN",
          "US": "Zjadnośone staty Ameriki",
          "US-alt-short": "USA",
          "UY": "Uruguay",
          "UZ": "Uzbekistan",
          "VA": "Vatikańske město",
          "VC": "St. Vincent a Grenadiny",
          "VE": "Venezuela",
          "VG": "Britiske kněžniske kupy",
          "VI": "Ameriske kněžniske kupy",
          "VN": "Vietnam",
          "VU": "Vanuatu",
          "WF": "Wallis a Futuna",
          "WS": "Samoa",
          "XK": "Kosowo",
          "YE": "Jemen",
          "YT": "Mayotte",
          "ZA": "Pódpołdnjowa Afrika (Republika)",
          "ZM": "Sambija",
          "ZW": "Simbabwe",
          "ZZ": "njeznaty region"
        }
      }
    }
  }
}
