{
  "main": {
    "cs": {
      "identity": {
        "version": {
          "_number": "$Revision: 13711 $",
          "_cldrVersion": "32"
        },
        "language": "cs"
      },
      "localeDisplayNames": {
        "scripts": {
          "Adlm": "Adlm",
          "Afak": "afaka",
          "Aghb": "kavkazskoalbánské",
          "Ahom": "Ahom",
          "Arab": "arabské",
          "Arab-alt-variant": "persko-arabské",
          "Armi": "aramejské (imperiální)",
          "Armn": "arménské",
          "Avst": "avestánské",
          "Bali": "balijské",
          "Bamu": "bamumské",
          "Bass": "bassa vah",
          "Batk": "batacké",
          "Beng": "bengálské",
          "Bhks": "Bhks",
          "Blis": "Blissovo písmo",
          "Bopo": "bopomofo",
          "Brah": "bráhmí",
          "Brai": "Braillovo písmo",
          "Bugi": "buginské",
          "Buhd": "buhidské",
          "Cakm": "čakma",
          "Cans": "slabičné písmo kanadských domorodců",
          "Cari": "karijské",
          "Cham": "čam",
          "Cher": "čerokí",
          "Cirt": "kirt",
          "Copt": "koptské",
          "Cprt": "kyperské",
          "Cyrl": "cyrilice",
          "Cyrs": "cyrilce - staroslověnská",
          "Deva": "dévanágarí",
          "Dsrt": "deseret",
          "Dupl": "Duployého těsnopis",
          "Egyd": "egyptské démotické",
          "Egyh": "egyptské hieratické",
          "Egyp": "egyptské hieroglyfy",
          "Elba": "elbasanské",
          "Ethi": "etiopské",
          "Geok": "gruzínské chutsuri",
          "Geor": "gruzínské",
          "Glag": "hlaholice",
          "Gonm": "Gonm",
          "Goth": "gotické",
          "Gran": "grantha",
          "Grek": "řecké",
          "Gujr": "gudžarátí",
          "Guru": "gurmukhi",
          "Hanb": "hanb",
          "Hang": "hangul",
          "Hani": "han",
          "Hano": "hanunóo",
          "Hans": "zjednodušené",
          "Hans-alt-stand-alone": "han (zjednodušené)",
          "Hant": "tradiční",
          "Hant-alt-stand-alone": "han (tradiční)",
          "Hatr": "Hatr",
          "Hebr": "hebrejské",
          "Hira": "hiragana",
          "Hluw": "anatolské hieroglyfy",
          "Hmng": "hmongské",
          "Hrkt": "japonské slabičné",
          "Hung": "staromaďarské",
          "Inds": "harappské",
          "Ital": "etruské",
          "Jamo": "jamo",
          "Java": "javánské",
          "Jpan": "japonské",
          "Jurc": "džürčenské",
          "Kali": "kayah li",
          "Kana": "katakana",
          "Khar": "kháróšthí",
          "Khmr": "khmerské",
          "Khoj": "chodžiki",
          "Knda": "kannadské",
          "Kore": "korejské",
          "Kpel": "kpelle",
          "Kthi": "kaithi",
          "Lana": "lanna",
          "Laoo": "laoské",
          "Latf": "latinka - lomená",
          "Latg": "latinka - galská",
          "Latn": "latinka",
          "Lepc": "lepčské",
          "Limb": "limbu",
          "Lina": "lineární A",
          "Linb": "lineární B",
          "Lisu": "Fraserovo",
          "Loma": "loma",
          "Lyci": "lýkijské",
          "Lydi": "lýdské",
          "Mahj": "mahádžaní",
          "Mand": "mandejské",
          "Mani": "manichejské",
          "Marc": "Marc",
          "Maya": "mayské hieroglyfy",
          "Mend": "mendské",
          "Merc": "meroitické psací",
          "Mero": "meroitické",
          "Mlym": "malajlámské",
          "Modi": "modí",
          "Mong": "mongolské",
          "Moon": "Moonovo písmo",
          "Mroo": "mro",
          "Mtei": "mejtej majek (manipurské)",
          "Mult": "Mult",
          "Mymr": "myanmarské",
          "Narb": "staroseveroarabské",
          "Nbat": "nabatejské",
          "Newa": "Newa",
          "Nkgb": "naxi geba",
          "Nkoo": "n’ko",
          "Nshu": "nü-šu",
          "Ogam": "ogamské",
          "Olck": "santálské (ol chiki)",
          "Orkh": "orchonské",
          "Orya": "urijské",
          "Osge": "Osge",
          "Osma": "osmanské",
          "Palm": "palmýrské",
          "Pauc": "pau cin hau",
          "Perm": "staropermské",
          "Phag": "phags-pa",
          "Phli": "pahlavské klínové",
          "Phlp": "pahlavské žalmové",
          "Phlv": "pahlavské knižní",
          "Phnx": "fénické",
          "Plrd": "Pollardova fonetická abeceda",
          "Prti": "parthské klínové",
          "Rjng": "redžanské",
          "Roro": "rongorongo",
          "Runr": "runové",
          "Samr": "samařské",
          "Sara": "sarati",
          "Sarb": "starojihoarabské",
          "Saur": "saurášterské",
          "Sgnw": "SignWriting",
          "Shaw": "Shawova abeceda",
          "Shrd": "šáradá",
          "Sidd": "siddham",
          "Sind": "chudábádí",
          "Sinh": "sinhálské",
          "Sora": "sora sompeng",
          "Soyo": "Soyo",
          "Sund": "sundské",
          "Sylo": "sylhetské",
          "Syrc": "syrské",
          "Syre": "syrské - estrangelo",
          "Syrj": "syrské - západní",
          "Syrn": "syrské - východní",
          "Tagb": "tagbanwa",
          "Takr": "takrí",
          "Tale": "tai le",
          "Talu": "tai lü nové",
          "Taml": "tamilské",
          "Tang": "tangut",
          "Tavt": "tai viet",
          "Telu": "telugské",
          "Teng": "tengwar",
          "Tfng": "berberské",
          "Tglg": "tagalské",
          "Thaa": "thaana",
          "Thai": "thajské",
          "Tibt": "tibetské",
          "Tirh": "tirhuta",
          "Ugar": "ugaritské klínové",
          "Vaii": "vai",
          "Visp": "viditelná řeč",
          "Wara": "varang kšiti",
          "Wole": "karolínské (woleai)",
          "Xpeo": "staroperské klínové písmo",
          "Xsux": "sumero-akkadské klínové písmo",
          "Yiii": "yi",
          "Zanb": "Zanb",
          "Zinh": "Zinh",
          "Zmth": "matematický zápis",
          "Zsye": "emodži",
          "Zsym": "symboly",
          "Zxxx": "bez zápisu",
          "Zyyy": "obecné",
          "Zzzz": "neznámé písmo"
        }
      }
    }
  }
}
