{
  "main": {
    "bs-Latn": {
      "identity": {
        "version": {
          "_number": "$Revision: 13133 $",
          "_cldrVersion": "32"
        },
        "language": "bs",
        "script": "Latn"
      },
      "localeDisplayNames": {
        "scripts": {
          "Adlm": "Adlm",
          "Aghb": "Aghb",
          "Ahom": "Ahom",
          "Arab": "arapsko pismo",
          "Arab-alt-variant": "perzijsko-arapsko pismo",
          "Armi": "imperijsko aramejsko pismo",
          "Armn": "armensko pismo",
          "Avst": "avestansko pismo",
          "Bali": "balijsko pismo",
          "Bamu": "Bamu",
          "Bass": "Bass",
          "Batk": "batak pismo",
          "Beng": "bengalsko pismo",
          "Bhks": "Bhks",
          "Blis": "blisimbolično pismo",
          "Bopo": "pismo bopomofo",
          "Brah": "bramansko pismo",
          "Brai": "brajevo pismo",
          "Bugi": "buginsko pismo",
          "Buhd": "buhidsko pismo",
          "Cakm": "čakmansko pismo",
          "Cans": "Ujedinjeni kanadski aboridžinski silabici",
          "Cari": "karijsko pismo",
          "Cham": "čamsko pismo",
          "Cher": "čeroki",
          "Cirt": "cirt pismo",
          "Copt": "koptičko pismo",
          "Cprt": "kiparsko pismo",
          "Cyrl": "ćirilica",
          "Cyrs": "Staroslovenska crkvena ćirilica",
          "Deva": "pismo devanagari",
          "Dsrt": "dezeret",
          "Dupl": "Dupl",
          "Egyd": "egipatsko narodno pismo",
          "Egyh": "egipatsko hijeratsko pismo",
          "Egyp": "egipatski hijeroglifi",
          "Elba": "Elba",
          "Ethi": "etiopsko pismo",
          "Geok": "gruzijsko khutsuri pismo",
          "Geor": "gruzijsko pismo",
          "Glag": "glagoljica",
          "Gonm": "Gonm",
          "Goth": "gotika",
          "Gran": "Gran",
          "Grek": "grčko pismo",
          "Gujr": "pismo gudžarati",
          "Guru": "pismo gurmuki",
          "Hanb": "pismo hanb",
          "Hang": "pismo hangul",
          "Hani": "pismo han",
          "Hano": "hanuno pismo",
          "Hans": "pojednostavljeno",
          "Hans-alt-stand-alone": "pojednostavljeno pismo han",
          "Hant": "tradicionalno",
          "Hant-alt-stand-alone": "tradicionalno pismo han",
          "Hatr": "Hatr",
          "Hebr": "hebrejsko pismo",
          "Hira": "pismo hiragana",
          "Hluw": "Hluw",
          "Hmng": "pahawh hmong pismo",
          "Hrkt": "katakana ili hiragana",
          "Hung": "Staromađarsko pismo",
          "Inds": "induško ismo",
          "Ital": "staro italsko pismo",
          "Jamo": "pismo jamo",
          "Java": "javansko pismo",
          "Jpan": "japansko pismo",
          "Kali": "kajah li pismo",
          "Kana": "pismo katakana",
          "Khar": "karošti pismo",
          "Khmr": "kmersko pismo",
          "Khoj": "Khoj",
          "Knda": "pismo kanada",
          "Kore": "korejsko pismo",
          "Kthi": "kaićansko pismo",
          "Lana": "lanna pismo",
          "Laoo": "laosko pismo",
          "Latf": "latinica (fraktur varijanta)",
          "Latg": "galska latinica",
          "Latn": "latinica",
          "Lepc": "lepča pismo",
          "Limb": "limbu pismo",
          "Lina": "linearno A pismo",
          "Linb": "linearno B pismo",
          "Lisu": "Lisu",
          "Lyci": "lisijsko pismo",
          "Lydi": "lidijsko pismo",
          "Mahj": "Mahj",
          "Mand": "mandeansko pismo",
          "Mani": "manihejsko pismo",
          "Marc": "Marc",
          "Maya": "majanski hijeroglifi",
          "Mend": "Mend",
          "Merc": "Merc",
          "Mero": "meroitik pismo",
          "Mlym": "malajalamsko pismo",
          "Modi": "Modi",
          "Mong": "mongolsko pismo",
          "Moon": "mesečevo pismo",
          "Mroo": "Mroo",
          "Mtei": "meitei majek pismo",
          "Mult": "Mult",
          "Mymr": "mijanmarsko pismo",
          "Narb": "Narb",
          "Nbat": "Nbat",
          "Newa": "Newa",
          "Nkoo": "n’ko pismo",
          "Nshu": "Nshu",
          "Ogam": "ogham pismo",
          "Olck": "ol čiki pismo",
          "Orkh": "orkhon pismo",
          "Orya": "pismo orija",
          "Osge": "Osge",
          "Osma": "osmanja pismo",
          "Palm": "Palm",
          "Pauc": "Pauc",
          "Perm": "staro permiksko pismo",
          "Phag": "phags-pa pismo",
          "Phli": "pisani pahlavi",
          "Phlp": "psalter pahlavi",
          "Phlv": "pahlavi pismo",
          "Phnx": "feničansko pismo",
          "Plrd": "polard fonetsko pismo",
          "Prti": "pisani partian",
          "Rjng": "rejang pismo",
          "Roro": "rongorongo pismo",
          "Runr": "runsko pismo",
          "Samr": "samaritansko pismo",
          "Sara": "sarati pismo",
          "Sarb": "Sarb",
          "Saur": "sauraštra pismo",
          "Sgnw": "znakovno pismo",
          "Shaw": "šavian pismo",
          "Shrd": "Shrd",
          "Sidd": "Sidd",
          "Sind": "Sind",
          "Sinh": "pismo sinhala",
          "Sora": "Sora",
          "Soyo": "Soyo",
          "Sund": "Sund",
          "Sylo": "siloti nagri pismo",
          "Syrc": "sirijsko pismo",
          "Syre": "sirijsko estrangelo pismo",
          "Syrj": "zapadnosirijsko pismo",
          "Syrn": "pismo istočne Sirije",
          "Tagb": "tagbanva pismo",
          "Takr": "Takr",
          "Tale": "tai le pismo",
          "Talu": "novo tai lue pismo",
          "Taml": "tamilsko pismo",
          "Tang": "Tang",
          "Tavt": "tai viet pismo",
          "Telu": "pismo telugu",
          "Teng": "tengvar pismo",
          "Tfng": "tifinag pismo",
          "Tglg": "tagalog",
          "Thaa": "pismo tana",
          "Thai": "tajlandsko pismo",
          "Tibt": "tibetansko pismo",
          "Tirh": "Tirh",
          "Ugar": "ugaritsko pismo",
          "Vaii": "vai pismo",
          "Visp": "vidljivi govor",
          "Wara": "Wara",
          "Xpeo": "staropersijsko pismo",
          "Xsux": "sumersko-akadsko kuneiform pismo",
          "Yiii": "ji pismo",
          "Zanb": "Zanb",
          "Zinh": "nasledno pismo",
          "Zmth": "matematička notacija",
          "Zsye": "emoji sličice",
          "Zsym": "simboli",
          "Zxxx": "nepisani jezik",
          "Zyyy": "zajedničko pismo",
          "Zzzz": "nepoznato pismo"
        }
      }
    }
  }
}
