{
  "main": {
    "be": {
      "identity": {
        "version": {
          "_number": "$Revision: 13705 $",
          "_cldrVersion": "32"
        },
        "language": "be"
      },
      "localeDisplayNames": {
        "scripts": {
          "Adlm": "Adlm",
          "Aghb": "Aghb",
          "Ahom": "Ahom",
          "Arab": "арабскае",
          "Armi": "Armi",
          "Armn": "армянскае",
          "Avst": "Avst",
          "Bali": "Bali",
          "Bamu": "Bamu",
          "Bass": "Bass",
          "Batk": "Batk",
          "Beng": "бенгальскае",
          "Bhks": "Bhks",
          "Bopo": "бапамофа",
          "Brah": "Brah",
          "Brai": "шрыфт Брайля",
          "Bugi": "Bugi",
          "Buhd": "Buhd",
          "Cakm": "Cakm",
          "Cans": "Cans",
          "Cari": "Cari",
          "Cham": "Cham",
          "Cher": "Cher",
          "Copt": "Copt",
          "Cprt": "Cprt",
          "Cyrl": "кірыліца",
          "Deva": "дэванагары",
          "Dsrt": "Dsrt",
          "Dupl": "Dupl",
          "Egyp": "Egyp",
          "Elba": "Elba",
          "Ethi": "эфіопскае",
          "Geor": "грузінскае",
          "Glag": "Glag",
          "Gonm": "Gonm",
          "Goth": "Goth",
          "Gran": "Gran",
          "Grek": "грэчаскае",
          "Gujr": "гуджараці",
          "Guru": "гурмукхі",
          "Hanb": "хан з бапамофа",
          "Hang": "хангыль",
          "Hani": "хан",
          "Hano": "Hano",
          "Hans": "спрошчанае кітайскае",
          "Hans-alt-stand-alone": "спрошчанае хан",
          "Hant": "традыцыйнае кітайскае",
          "Hant-alt-stand-alone": "традыцыйнае хан",
          "Hatr": "Hatr",
          "Hebr": "яўрэйскае",
          "Hira": "хірагана",
          "Hluw": "Hluw",
          "Hmng": "Hmng",
          "Hrkt": "японскія складовыя пісьмы",
          "Hung": "Hung",
          "Ital": "Ital",
          "Jamo": "чамо",
          "Java": "Java",
          "Jpan": "японскае",
          "Kali": "Kali",
          "Kana": "катакана",
          "Khar": "Khar",
          "Khmr": "кхмерскае",
          "Khoj": "Khoj",
          "Knda": "канада",
          "Kore": "карэйскае",
          "Kthi": "Kthi",
          "Lana": "Lana",
          "Laoo": "лаоскае",
          "Latn": "лацініца",
          "Lepc": "Lepc",
          "Limb": "Limb",
          "Lina": "Lina",
          "Linb": "Linb",
          "Lisu": "Lisu",
          "Lyci": "Lyci",
          "Lydi": "Lydi",
          "Mahj": "Mahj",
          "Mand": "Mand",
          "Mani": "Mani",
          "Marc": "Marc",
          "Mend": "Mend",
          "Merc": "Merc",
          "Mero": "Mero",
          "Mlym": "малаялам",
          "Modi": "Modi",
          "Mong": "старамангольскае",
          "Mroo": "Mroo",
          "Mtei": "Mtei",
          "Mult": "Mult",
          "Mymr": "м’янмарскае",
          "Narb": "Narb",
          "Nbat": "Nbat",
          "Newa": "Newa",
          "Nkoo": "Nkoo",
          "Nshu": "Nshu",
          "Ogam": "Ogam",
          "Olck": "Olck",
          "Orkh": "Orkh",
          "Orya": "орыя",
          "Osge": "Osge",
          "Osma": "Osma",
          "Palm": "Palm",
          "Pauc": "Pauc",
          "Perm": "Perm",
          "Phag": "Phag",
          "Phli": "Phli",
          "Phlp": "Phlp",
          "Phnx": "Phnx",
          "Plrd": "Plrd",
          "Prti": "Prti",
          "Rjng": "Rjng",
          "Runr": "Runr",
          "Samr": "Samr",
          "Sarb": "Sarb",
          "Saur": "Saur",
          "Sgnw": "Sgnw",
          "Shaw": "Shaw",
          "Shrd": "Shrd",
          "Sidd": "Sidd",
          "Sind": "Sind",
          "Sinh": "сінгальскае",
          "Sora": "Sora",
          "Soyo": "Soyo",
          "Sund": "Sund",
          "Sylo": "Sylo",
          "Syrc": "Syrc",
          "Tagb": "Tagb",
          "Takr": "Takr",
          "Tale": "Tale",
          "Talu": "Talu",
          "Taml": "тамільскае",
          "Tang": "Tang",
          "Tavt": "Tavt",
          "Telu": "тэлугу",
          "Tfng": "Tfng",
          "Tglg": "Tglg",
          "Thaa": "тана",
          "Thai": "тайскае",
          "Tibt": "тыбецкае",
          "Tirh": "Tirh",
          "Ugar": "Ugar",
          "Vaii": "Vaii",
          "Wara": "Wara",
          "Xpeo": "Xpeo",
          "Xsux": "Xsux",
          "Yiii": "Yiii",
          "Zanb": "Zanb",
          "Zinh": "Zinh",
          "Zmth": "матэматычныя знакі",
          "Zsye": "эмодзі",
          "Zsym": "сімвалы",
          "Zxxx": "беспісьменная",
          "Zyyy": "звычайнае",
          "Zzzz": "невядомае пісьмо"
        }
      }
    }
  }
}
