{
  "main": {
    "be": {
      "identity": {
        "version": {
          "_number": "$Revision: 13705 $",
          "_cldrVersion": "32"
        },
        "language": "be"
      },
      "localeDisplayNames": {
        "territories": {
          "001": "Свет",
          "002": "Афрыка",
          "003": "Паўночная Амерыка",
          "005": "Паўднёвая Амерыка",
          "009": "Акіянія",
          "011": "Заходняя Афрыка",
          "013": "Цэнтральная Амерыка",
          "014": "Усходняя Афрыка",
          "015": "Паўночная Афрыка",
          "017": "Цэнтральная Афрыка",
          "018": "Паўднёвая Афрыка",
          "019": "Паўночная і Паўднёвая Амерыкі",
          "021": "Паўночнаамерыканскі рэгіён",
          "029": "Карыбскія астравы",
          "030": "Усходняя Азія",
          "034": "Паўднёвая Азія",
          "035": "Паўднёва-Усходняя Азія",
          "039": "Паўднёвая Еўропа",
          "053": "Аўстралазія",
          "054": "Меланезія",
          "057": "Мікранезійскі рэгіён",
          "061": "Палінезія",
          "142": "Азія",
          "143": "Цэнтральная Азія",
          "145": "Заходняя Азія",
          "150": "Еўропа",
          "151": "Усходняя Еўропа",
          "154": "Паўночная Еўропа",
          "155": "Заходняя Еўропа",
          "202": "202",
          "419": "Лацінская Амерыка",
          "AC": "Востраў Узнясення",
          "AD": "Андора",
          "AE": "Аб’яднаныя Арабскія Эміраты",
          "AF": "Афганістан",
          "AG": "Антыгуа і Барбуда",
          "AI": "Ангілья",
          "AL": "Албанія",
          "AM": "Арменія",
          "AO": "Ангола",
          "AQ": "Антарктыка",
          "AR": "Аргенціна",
          "AS": "Амерыканскае Самоа",
          "AT": "Аўстрыя",
          "AU": "Аўстралія",
          "AW": "Аруба",
          "AX": "Аландскія астравы",
          "AZ": "Азербайджан",
          "BA": "Боснія і Герцагавіна",
          "BB": "Барбадас",
          "BD": "Бангладэш",
          "BE": "Бельгія",
          "BF": "Буркіна-Фасо",
          "BG": "Балгарыя",
          "BH": "Бахрэйн",
          "BI": "Бурундзі",
          "BJ": "Бенін",
          "BL": "Сен-Бартэльмі",
          "BM": "Бермудскія астравы",
          "BN": "Бруней",
          "BO": "Балівія",
          "BQ": "Карыбскія Нідэрланды",
          "BR": "Бразілія",
          "BS": "Багамскія астравы",
          "BT": "Бутан",
          "BV": "Востраў Бувэ",
          "BW": "Батсвана",
          "BY": "Беларусь",
          "BZ": "Беліз",
          "CA": "Канада",
          "CC": "Какосавыя (Кілінг) астравы",
          "CD": "Конга (Кіншаса)",
          "CD-alt-variant": "Конга (ДРК)",
          "CF": "Цэнтральна-Афрыканская Рэспубліка",
          "CG": "Конга - Бразавіль",
          "CG-alt-variant": "Рэспубліка Конга",
          "CH": "Швейцарыя",
          "CI": "Кот-д’Івуар",
          "CI-alt-variant": "Бераг Слановай Косці",
          "CK": "Астравы Кука",
          "CL": "Чылі",
          "CM": "Камерун",
          "CN": "Кітай",
          "CO": "Калумбія",
          "CP": "Востраў Кліпертон",
          "CR": "Коста-Рыка",
          "CU": "Куба",
          "CV": "Каба-Вердэ",
          "CW": "Кюрасаа",
          "CX": "Востраў Каляд",
          "CY": "Кіпр",
          "CZ": "Чэхія",
          "CZ-alt-variant": "Чэшская Рэспубліка",
          "DE": "Германія",
          "DG": "Востраў Дыега-Гарсія",
          "DJ": "Джыбуці",
          "DK": "Данія",
          "DM": "Дамініка",
          "DO": "Дамініканская Рэспубліка",
          "DZ": "Алжыр",
          "EA": "Сеўта і Мелілья",
          "EC": "Эквадор",
          "EE": "Эстонія",
          "EG": "Егіпет",
          "EH": "Заходняя Сахара",
          "ER": "Эрытрэя",
          "ES": "Іспанія",
          "ET": "Эфіопія",
          "EU": "Еўрапейскі саюз",
          "EZ": "Еўразона",
          "FI": "Фінляндыя",
          "FJ": "Фіджы",
          "FK": "Фалклендскія астравы",
          "FK-alt-variant": "Фалклендскія (Мальвінскія) астравы",
          "FM": "Мікранезія",
          "FO": "Фарэрскія астравы",
          "FR": "Францыя",
          "GA": "Габон",
          "GB": "Вялікабрытанія",
          "GB-alt-short": "Вялікабрытанія",
          "GD": "Грэнада",
          "GE": "Грузія",
          "GF": "Французская Гвіяна",
          "GG": "Гернсі",
          "GH": "Гана",
          "GI": "Гібралтар",
          "GL": "Грэнландыя",
          "GM": "Гамбія",
          "GN": "Гвінея",
          "GP": "Гвадэлупа",
          "GQ": "Экватарыяльная Гвінея",
          "GR": "Грэцыя",
          "GS": "Паўднёвая Джорджыя і Паўднёвыя Сандвічавы астравы",
          "GT": "Гватэмала",
          "GU": "Гуам",
          "GW": "Гвінея-Бісау",
          "GY": "Гаяна",
          "HK": "Ганконг, САР (Кітай)",
          "HK-alt-short": "Ганконг",
          "HM": "Астравы Херд і Макдональд",
          "HN": "Гандурас",
          "HR": "Харватыя",
          "HT": "Гаіці",
          "HU": "Венгрыя",
          "IC": "Канарскія астравы",
          "ID": "Інданезія",
          "IE": "Ірландыя",
          "IL": "Ізраіль",
          "IM": "Востраў Мэн",
          "IN": "Індыя",
          "IO": "Брытанская тэрыторыя ў Індыйскім акіяне",
          "IQ": "Ірак",
          "IR": "Іран",
          "IS": "Ісландыя",
          "IT": "Італія",
          "JE": "Джэрсі",
          "JM": "Ямайка",
          "JO": "Іарданія",
          "JP": "Японія",
          "KE": "Кенія",
          "KG": "Кыргызстан",
          "KH": "Камбоджа",
          "KI": "Кірыбаці",
          "KM": "Каморскія астравы",
          "KN": "Сент-Кітс і Невіс",
          "KP": "Паўночная Карэя",
          "KR": "Паўднёвая Карэя",
          "KW": "Кувейт",
          "KY": "Кайманавы астравы",
          "KZ": "Казахстан",
          "LA": "Лаос",
          "LB": "Ліван",
          "LC": "Сент-Люсія",
          "LI": "Ліхтэнштэйн",
          "LK": "Шры-Ланка",
          "LR": "Ліберыя",
          "LS": "Лесота",
          "LT": "Літва",
          "LU": "Люксембург",
          "LV": "Латвія",
          "LY": "Лівія",
          "MA": "Марока",
          "MC": "Манака",
          "MD": "Малдова",
          "ME": "Чарнагорыя",
          "MF": "Сен-Мартэн",
          "MG": "Мадагаскар",
          "MH": "Маршалавы астравы",
          "MK": "Македонія",
          "MK-alt-variant": "Македонія (БЮРМ)",
          "ML": "Малі",
          "MM": "М’янма (Бірма)",
          "MN": "Манголія",
          "MO": "Макаа, САР (Кітай)",
          "MO-alt-short": "Макаа",
          "MP": "Паўночныя Марыянскія астравы",
          "MQ": "Марцініка",
          "MR": "Маўрытанія",
          "MS": "Мантсерат",
          "MT": "Мальта",
          "MU": "Маўрыкій",
          "MV": "Мальдывы",
          "MW": "Малаві",
          "MX": "Мексіка",
          "MY": "Малайзія",
          "MZ": "Мазамбік",
          "NA": "Намібія",
          "NC": "Новая Каледонія",
          "NE": "Нігер",
          "NF": "Востраў Норфалк",
          "NG": "Нігерыя",
          "NI": "Нікарагуа",
          "NL": "Нідэрланды",
          "NO": "Нарвегія",
          "NP": "Непал",
          "NR": "Науру",
          "NU": "Ніуэ",
          "NZ": "Новая Зеландыя",
          "OM": "Аман",
          "PA": "Панама",
          "PE": "Перу",
          "PF": "Французская Палінезія",
          "PG": "Папуа-Новая Гвінея",
          "PH": "Філіпіны",
          "PK": "Пакістан",
          "PL": "Польшча",
          "PM": "Сен-П’ер і Мікелон",
          "PN": "Астравы Піткэрн",
          "PR": "Пуэрта-Рыка",
          "PS": "Палесцінскія Тэрыторыі",
          "PS-alt-short": "Палесціна",
          "PT": "Партугалія",
          "PW": "Палау",
          "PY": "Парагвай",
          "QA": "Катар",
          "QO": "Знешняя Акіянія",
          "RE": "Рэюньён",
          "RO": "Румынія",
          "RS": "Сербія",
          "RU": "Расія",
          "RW": "Руанда",
          "SA": "Саудаўская Аравія",
          "SB": "Саламонавы астравы",
          "SC": "Сейшэльскія астравы",
          "SD": "Судан",
          "SE": "Швецыя",
          "SG": "Сінгапур",
          "SH": "Востраў Святой Алены",
          "SI": "Славенія",
          "SJ": "Шпіцберген і Ян-Маен",
          "SK": "Славакія",
          "SL": "Сьера-Леонэ",
          "SM": "Сан-Марына",
          "SN": "Сенегал",
          "SO": "Самалі",
          "SR": "Сурынам",
          "SS": "Паўднёвы Судан",
          "ST": "Сан-Тамэ і Прынсіпі",
          "SV": "Сальвадор",
          "SX": "Сінт-Мартэн",
          "SY": "Сірыя",
          "SZ": "Свазіленд",
          "TA": "Трыстан-да-Кунья",
          "TC": "Астравы Цёркс і Кайкас",
          "TD": "Чад",
          "TF": "Французскія паўднёвыя тэрыторыі",
          "TG": "Тога",
          "TH": "Тайланд",
          "TJ": "Таджыкістан",
          "TK": "Такелау",
          "TL": "Тымор-Лешці",
          "TL-alt-variant": "Усходні Тымор",
          "TM": "Туркменістан",
          "TN": "Туніс",
          "TO": "Тонга",
          "TR": "Турцыя",
          "TT": "Трынідад і Табага",
          "TV": "Тувалу",
          "TW": "Тайвань",
          "TZ": "Танзанія",
          "UA": "Украіна",
          "UG": "Уганда",
          "UM": "Малыя Аддаленыя астравы ЗША",
          "UN": "ААН",
          "US": "Злучаныя Штаты Амерыкі",
          "US-alt-short": "ЗША",
          "UY": "Уругвай",
          "UZ": "Узбекістан",
          "VA": "Ватыкан",
          "VC": "Сент-Вінсент і Грэнадзіны",
          "VE": "Венесуэла",
          "VG": "Брытанскія Віргінскія астравы",
          "VI": "Амерыканскія Віргінскія астравы",
          "VN": "В’етнам",
          "VU": "Вануату",
          "WF": "Уоліс і Футуна",
          "WS": "Самоа",
          "XK": "Косава",
          "YE": "Емен",
          "YT": "Маёта",
          "ZA": "Паўднёва-Афрыканская Рэспубліка",
          "ZM": "Замбія",
          "ZW": "Зімбабвэ",
          "ZZ": "Невядомы рэгіён"
        }
      }
    }
  }
}
