{
  "main": {
    "dua": {
      "identity": {
        "version": {
          "_number": "$Revision: 13701 $",
          "_cldrVersion": "32"
        },
        "language": "dua"
      },
      "localeDisplayNames": {
        "territories": {
          "001": "001",
          "002": "002",
          "003": "003",
          "005": "005",
          "009": "009",
          "011": "011",
          "013": "013",
          "014": "014",
          "015": "015",
          "017": "017",
          "018": "018",
          "019": "019",
          "021": "021",
          "029": "029",
          "030": "030",
          "034": "034",
          "035": "035",
          "039": "039",
          "053": "053",
          "054": "054",
          "057": "057",
          "061": "061",
          "142": "142",
          "143": "143",
          "145": "145",
          "150": "150",
          "151": "151",
          "154": "154",
          "155": "155",
          "202": "202",
          "419": "419",
          "AC": "AC",
          "AD": "AD",
          "AE": "AE",
          "AF": "AF",
          "AG": "AG",
          "AI": "AI",
          "AL": "AL",
          "AM": "AM",
          "AO": "AO",
          "AQ": "AQ",
          "AR": "AR",
          "AS": "AS",
          "AT": "AT",
          "AU": "AU",
          "AW": "AW",
          "AX": "AX",
          "AZ": "AZ",
          "BA": "BA",
          "BB": "BB",
          "BD": "BD",
          "BE": "BE",
          "BF": "BF",
          "BG": "BG",
          "BH": "BH",
          "BI": "BI",
          "BJ": "BJ",
          "BL": "BL",
          "BM": "BM",
          "BN": "BN",
          "BO": "BO",
          "BQ": "BQ",
          "BR": "BR",
          "BS": "BS",
          "BT": "BT",
          "BV": "BV",
          "BW": "BW",
          "BY": "BY",
          "BZ": "BZ",
          "CA": "CA",
          "CC": "CC",
          "CD": "CD",
          "CD-alt-variant": "CD",
          "CF": "CF",
          "CG": "CG",
          "CG-alt-variant": "CG",
          "CH": "CH",
          "CI": "CI",
          "CI-alt-variant": "CI",
          "CK": "CK",
          "CL": "CL",
          "CM": "Cameroun",
          "CN": "CN",
          "CO": "CO",
          "CP": "CP",
          "CR": "CR",
          "CU": "CU",
          "CV": "CV",
          "CW": "CW",
          "CX": "CX",
          "CY": "CY",
          "CZ": "CZ",
          "CZ-alt-variant": "CZ",
          "DE": "DE",
          "DG": "DG",
          "DJ": "DJ",
          "DK": "DK",
          "DM": "DM",
          "DO": "DO",
          "DZ": "DZ",
          "EA": "EA",
          "EC": "EC",
          "EE": "EE",
          "EG": "EG",
          "EH": "EH",
          "ER": "ER",
          "ES": "ES",
          "ET": "ET",
          "EU": "EU",
          "EZ": "EZ",
          "FI": "FI",
          "FJ": "FJ",
          "FK": "FK",
          "FK-alt-variant": "FK",
          "FM": "FM",
          "FO": "FO",
          "FR": "FR",
          "GA": "GA",
          "GB": "GB",
          "GB-alt-short": "GB",
          "GD": "GD",
          "GE": "GE",
          "GF": "GF",
          "GG": "GG",
          "GH": "GH",
          "GI": "GI",
          "GL": "GL",
          "GM": "GM",
          "GN": "GN",
          "GP": "GP",
          "GQ": "GQ",
          "GR": "GR",
          "GS": "GS",
          "GT": "GT",
          "GU": "GU",
          "GW": "GW",
          "GY": "GY",
          "HK": "HK",
          "HK-alt-short": "HK",
          "HM": "HM",
          "HN": "HN",
          "HR": "HR",
          "HT": "HT",
          "HU": "HU",
          "IC": "IC",
          "ID": "ID",
          "IE": "IE",
          "IL": "IL",
          "IM": "IM",
          "IN": "IN",
          "IO": "IO",
          "IQ": "IQ",
          "IR": "IR",
          "IS": "IS",
          "IT": "IT",
          "JE": "JE",
          "JM": "JM",
          "JO": "JO",
          "JP": "JP",
          "KE": "KE",
          "KG": "KG",
          "KH": "KH",
          "KI": "KI",
          "KM": "KM",
          "KN": "KN",
          "KP": "KP",
          "KR": "KR",
          "KW": "KW",
          "KY": "KY",
          "KZ": "KZ",
          "LA": "LA",
          "LB": "LB",
          "LC": "LC",
          "LI": "LI",
          "LK": "LK",
          "LR": "LR",
          "LS": "LS",
          "LT": "LT",
          "LU": "LU",
          "LV": "LV",
          "LY": "LY",
          "MA": "MA",
          "MC": "MC",
          "MD": "MD",
          "ME": "ME",
          "MF": "MF",
          "MG": "MG",
          "MH": "MH",
          "MK": "MK",
          "MK-alt-variant": "MK",
          "ML": "ML",
          "MM": "MM",
          "MN": "MN",
          "MO": "MO",
          "MO-alt-short": "MO",
          "MP": "MP",
          "MQ": "MQ",
          "MR": "MR",
          "MS": "MS",
          "MT": "MT",
          "MU": "MU",
          "MV": "MV",
          "MW": "MW",
          "MX": "MX",
          "MY": "MY",
          "MZ": "MZ",
          "NA": "NA",
          "NC": "NC",
          "NE": "NE",
          "NF": "NF",
          "NG": "NG",
          "NI": "NI",
          "NL": "NL",
          "NO": "NO",
          "NP": "NP",
          "NR": "NR",
          "NU": "NU",
          "NZ": "NZ",
          "OM": "OM",
          "PA": "PA",
          "PE": "PE",
          "PF": "PF",
          "PG": "PG",
          "PH": "PH",
          "PK": "PK",
          "PL": "PL",
          "PM": "PM",
          "PN": "PN",
          "PR": "PR",
          "PS": "PS",
          "PS-alt-short": "PS",
          "PT": "PT",
          "PW": "PW",
          "PY": "PY",
          "QA": "QA",
          "QO": "QO",
          "RE": "RE",
          "RO": "RO",
          "RS": "RS",
          "RU": "RU",
          "RW": "RW",
          "SA": "SA",
          "SB": "SB",
          "SC": "SC",
          "SD": "SD",
          "SE": "SE",
          "SG": "SG",
          "SH": "SH",
          "SI": "SI",
          "SJ": "SJ",
          "SK": "SK",
          "SL": "SL",
          "SM": "SM",
          "SN": "SN",
          "SO": "SO",
          "SR": "SR",
          "SS": "SS",
          "ST": "ST",
          "SV": "SV",
          "SX": "SX",
          "SY": "SY",
          "SZ": "SZ",
          "TA": "TA",
          "TC": "TC",
          "TD": "TD",
          "TF": "TF",
          "TG": "TG",
          "TH": "TH",
          "TJ": "TJ",
          "TK": "TK",
          "TL": "TL",
          "TL-alt-variant": "TL",
          "TM": "TM",
          "TN": "TN",
          "TO": "TO",
          "TR": "TR",
          "TT": "TT",
          "TV": "TV",
          "TW": "TW",
          "TZ": "TZ",
          "UA": "UA",
          "UG": "UG",
          "UM": "UM",
          "UN": "UN",
          "US": "US",
          "US-alt-short": "US",
          "UY": "UY",
          "UZ": "UZ",
          "VA": "VA",
          "VC": "VC",
          "VE": "VE",
          "VG": "VG",
          "VI": "VI",
          "VN": "VN",
          "VU": "VU",
          "WF": "WF",
          "WS": "WS",
          "XK": "XK",
          "YE": "YE",
          "YT": "YT",
          "ZA": "ZA",
          "ZM": "ZM",
          "ZW": "ZW",
          "ZZ": "ZZ"
        }
      }
    }
  }
}
