{
  "main": {
    "da-GL": {
      "identity": {
        "version": {
          "_number": "$Revision: 13706 $",
          "_cldrVersion": "32"
        },
        "language": "da",
        "territory": "GL"
      },
      "localeDisplayNames": {
        "scripts": {
          "Adlm": "Adlm",
          "Afak": "afaka",
          "Aghb": "Aghb",
          "Ahom": "Ahom",
          "Arab": "arabisk",
          "Arab-alt-variant": "persisk-arabisk",
          "Armi": "armi",
          "Armn": "armensk",
          "Avst": "avestansk",
          "Bali": "balinesisk",
          "Bamu": "bamum",
          "Bass": "bassa",
          "Batk": "batak",
          "Beng": "bengali",
          "Bhks": "Bhks",
          "Blis": "blissymboler",
          "Bopo": "bopomofo",
          "Brah": "bramisk",
          "Brai": "punktskrift",
          "Bugi": "buginesisk",
          "Buhd": "buhid",
          "Cakm": "cakm",
          "Cans": "oprindelige canadiske symboler",
          "Cari": "kariansk",
          "Cham": "cham",
          "Cher": "cherokee",
          "Cirt": "cirt",
          "Copt": "koptisk",
          "Cprt": "cypriotisk",
          "Cyrl": "kyrillisk",
          "Cyrs": "kyrillisk - oldkirkeslavisk variant",
          "Deva": "devanagari",
          "Dsrt": "deseret",
          "Dupl": "Duploya-stenografi",
          "Egyd": "egyptisk demotisk",
          "Egyh": "egyptisk hieratisk",
          "Egyp": "egyptiske hieroglyffer",
          "Elba": "Elba",
          "Ethi": "etiopisk",
          "Geok": "georgisk kutsuri",
          "Geor": "georgisk",
          "Glag": "glagolitisk",
          "Gonm": "Gonm",
          "Goth": "gotisk",
          "Gran": "grantha",
          "Grek": "græsk",
          "Gujr": "gujarati",
          "Guru": "gurmukhi",
          "Hanb": "han med bopomofo",
          "Hang": "hangul",
          "Hani": "han",
          "Hano": "hanunoo",
          "Hans": "forenklet",
          "Hans-alt-stand-alone": "forenklet han",
          "Hant": "traditionelt",
          "Hant-alt-stand-alone": "traditionelt han",
          "Hatr": "Hatr",
          "Hebr": "hebraisk",
          "Hira": "hiragana",
          "Hluw": "anatolske hieroglyffer",
          "Hmng": "pahawh hmong",
          "Hrkt": "japanske skrifttegn",
          "Hung": "oldungarsk",
          "Inds": "indus",
          "Ital": "Olditalisk",
          "Jamo": "jamo",
          "Java": "javanesisk",
          "Jpan": "japansk",
          "Jurc": "jurchen",
          "Kali": "kaya li",
          "Kana": "katakana",
          "Khar": "kharoshti",
          "Khmr": "khmer",
          "Khoj": "khojki",
          "Knda": "kannada",
          "Kore": "koreansk",
          "Kpel": "kpelle",
          "Kthi": "kthi",
          "Lana": "lanna",
          "Laoo": "lao",
          "Latf": "latinsk - frakturvariant",
          "Latg": "latinsk - gælisk variant",
          "Latn": "latinsk",
          "Lepc": "lepcha",
          "Limb": "limbu",
          "Lina": "lineær A",
          "Linb": "lineær B",
          "Lisu": "lisu",
          "Loma": "loma",
          "Lyci": "lykisk",
          "Lydi": "lydisk",
          "Mahj": "Mahj",
          "Mand": "mandaisk",
          "Mani": "manikæisk",
          "Marc": "Marc",
          "Maya": "mayahieroglyffer",
          "Mend": "mende",
          "Merc": "metroitisk sammenhængende",
          "Mero": "meroitisk",
          "Mlym": "malayalam",
          "Modi": "Modi",
          "Mong": "mongolsk",
          "Moon": "moon",
          "Mroo": "mroo",
          "Mtei": "meitei-mayek",
          "Mult": "Mult",
          "Mymr": "burmesisk",
          "Narb": "gammelt nordarabisk",
          "Nbat": "nabateisk",
          "Newa": "Newa",
          "Nkgb": "nakhi geba",
          "Nkoo": "n’ko",
          "Nshu": "nüshu",
          "Ogam": "ogham",
          "Olck": "ol-chiki",
          "Orkh": "orkhon",
          "Orya": "oriya",
          "Osge": "Osge",
          "Osma": "osmannisk",
          "Palm": "palmyrensk",
          "Pauc": "Pauc",
          "Perm": "oldpermisk",
          "Phag": "phags-pa",
          "Phli": "phli",
          "Phlp": "phlp",
          "Phlv": "pahlavi",
          "Phnx": "fønikisk",
          "Plrd": "pollardtegn",
          "Prti": "prti",
          "Rjng": "rejang",
          "Roro": "rongo-rongo",
          "Runr": "runer",
          "Samr": "samaritansk",
          "Sara": "sarati",
          "Sarb": "oldsørarabisk",
          "Saur": "saurashtra",
          "Sgnw": "tegnskrift",
          "Shaw": "shavisk",
          "Shrd": "sharada",
          "Sidd": "Sidd",
          "Sind": "khudawadi",
          "Sinh": "singalesisk",
          "Sora": "sora",
          "Soyo": "Soyo",
          "Sund": "sundanesisk",
          "Sylo": "syloti nagri",
          "Syrc": "syrisk",
          "Syre": "syrisk - estrangelovariant",
          "Syrj": "vestsyrisk",
          "Syrn": "østsyriakisk",
          "Tagb": "tagbanwa",
          "Takr": "takri",
          "Tale": "tai le",
          "Talu": "tai lue",
          "Taml": "tamilsk",
          "Tang": "tangut",
          "Tavt": "tavt",
          "Telu": "telugu",
          "Teng": "tengwar",
          "Tfng": "tifinagh",
          "Tglg": "tagalog",
          "Thaa": "thaana",
          "Thai": "thailandsk",
          "Tibt": "tibetansk",
          "Tirh": "tirhuta",
          "Ugar": "ugaritisk",
          "Vaii": "vai",
          "Visp": "synlig tale",
          "Wara": "varang kshiti",
          "Wole": "woleai",
          "Xpeo": "oldpersisk",
          "Xsux": "sumero-akkadisk cuneiform",
          "Yiii": "yi",
          "Zanb": "Zanb",
          "Zinh": "arvet",
          "Zmth": "matematisk notation",
          "Zsye": "emoji",
          "Zsym": "symboler",
          "Zxxx": "uden skriftsprog",
          "Zyyy": "fælles",
          "Zzzz": "ukendt skriftsprog"
        }
      }
    }
  }
}
