{
  "main": {
    "az-Latn": {
      "identity": {
        "version": {
          "_number": "$Revision: 13133 $",
          "_cldrVersion": "32"
        },
        "language": "az",
        "script": "Latn"
      },
      "localeDisplayNames": {
        "localeDisplayPattern": {
          "localePattern": "{0} ({1})",
          "localeSeparator": "{0}, {1}",
          "localeKeyTypePattern": "{0}: {1}"
        },
        "keys": {
          "calendar": "Təqvim",
          "cf": "Valyuta Formatı",
          "collation": "Sıralama",
          "currency": "Valyuta",
          "hc": "Saat Sikli (12 / 24)",
          "lb": "Sətirdən sətrə keçirmə üslubu",
          "ms": "Ölçü Sistemi",
          "numbers": "Rəqəmlər"
        },
        "types": {
          "calendar": {
            "buddhist": "Buddist Təqvimi",
            "chinese": "Çin Təqvimi",
            "coptic": "coptic",
            "dangi": "Dangi Təqvimi",
            "ethiopic": "Efiop Təqvimi",
            "ethiopic-amete-alem": "ethiopic-amete-alem",
            "gregorian": "Qreqorian Təqvimi",
            "hebrew": "Yəhudi Təqvimi",
            "indian": "Hindi təqvimi",
            "islamic": "İslam Təqvimi",
            "islamic-civil": "Ivrit təqvimi",
            "islamic-rgsa": "islamic-rgsa",
            "islamic-tbla": "islamic-tbla",
            "islamic-umalqura": "islamic-umalqura",
            "iso8601": "ISO-8601 Təqvimi",
            "japanese": "Yapon Təqvimi",
            "persian": "İran Təqvimi",
            "roc": "Minquo Təqvimi"
          },
          "cf": {
            "account": "Uçot Valyuta Formatı",
            "standard": "Standart Valyuta Formatı"
          },
          "collation": {
            "big5han": "big5han",
            "compat": "compat",
            "dictionary": "dictionary",
            "ducet": "Standart Unicode Sıralama",
            "emoji": "emoji",
            "eor": "eor",
            "gb2312han": "gb2312han",
            "phonebook": "phonebook",
            "pinyin": "Pinyin təqvimi",
            "reformed": "reformed",
            "search": "Ümumi Məqsədli Axtarış",
            "searchjl": "searchjl",
            "standard": "Standart Sıralama",
            "stroke": "stroke",
            "traditional": "traditional",
            "unihan": "unihan",
            "zhuyin": "zhuyin"
          },
          "hc": {
            "h11": "12 Saatlıq Sistem (0–11)",
            "h12": "12 Saatlıq Sistem (0–12)",
            "h23": "24 Saatlıq Sistem (0–23)",
            "h24": "24 Saatlıq Sistem (0–23)"
          },
          "lb": {
            "loose": "Sərbəst sətirdən sətrə keçirmə üslubu",
            "normal": "Normal sətirdən sətrə keçirmə üslubu",
            "strict": "Sərt sətirdən sətrə keçirmə üslubu"
          },
          "ms": {
            "metric": "Metrik Sistem",
            "uksystem": "İmperial Ölçü Sistemi",
            "ussystem": "ABŞ Ölçü Sistemi"
          },
          "numbers": {
            "ahom": "ahom",
            "arab": "Ərəb-Hind Rəqəmləri",
            "arabext": "Genişlənmiş Ərəb-Hind Rəqəmləri",
            "armn": "Erməni Rəqəmləri",
            "armnlow": "Kiçik Erməni Rəqəmləri",
            "bali": "bali",
            "beng": "Benqal Rəqəmləri",
            "brah": "brah",
            "cakm": "cakm",
            "cham": "cham",
            "cyrl": "cyrl",
            "deva": "Devanaqari Rəqəmləri",
            "ethi": "Efiop Rəqəmləri",
            "fullwide": "Tam Geniş Rəqəmlər",
            "geor": "Gürcü Rəqəmləri",
            "gonm": "gonm",
            "grek": "Yunan Rəqəmləri",
            "greklow": "Kiçik Yunan Rəqəmləri",
            "gujr": "Qucarat Rəqəmləri",
            "guru": "Qurmuxi Rəqəmləri",
            "hanidec": "Onluq Çin Rəqəmləri",
            "hans": "Sadələşmiş Çin Rəqəmləri",
            "hansfin": "Sadələşmiş Çin Maliyyə Rəqəmləri",
            "hant": "Ənənəvi Çin Rəqəmləri",
            "hantfin": "Ənənəvi Çin Maliyyə Rəqəmləri",
            "hebr": "İvrit Rəqəmləri",
            "hmng": "hmng",
            "java": "java",
            "jpan": "Yapon Rəqəmləri",
            "jpanfin": "Yapon Maliyyə Rəqəmləri",
            "kali": "kali",
            "khmr": "Kxmer Rəqəmləri",
            "knda": "Kannada Rəqəmləri",
            "lana": "lana",
            "lanatham": "lanatham",
            "laoo": "Lao Rəqəmləri",
            "latn": "Qərb Rəqəmləri",
            "lepc": "lepc",
            "limb": "limb",
            "mathbold": "mathbold",
            "mathdbl": "mathdbl",
            "mathmono": "mathmono",
            "mathsanb": "mathsanb",
            "mathsans": "mathsans",
            "mlym": "Malayalam Rəqəmləri",
            "modi": "modi",
            "mong": "mong",
            "mroo": "mroo",
            "mtei": "mtei",
            "mymr": "Myanma Rəqəmləri",
            "mymrshan": "mymrshan",
            "mymrtlng": "mymrtlng",
            "nkoo": "nkoo",
            "olck": "olck",
            "orya": "Oriya Rəqəmləri",
            "osma": "osma",
            "roman": "Rum Rəqəmləri",
            "romanlow": "Kiçik Rum Rəqəmləri",
            "saur": "saur",
            "shrd": "shrd",
            "sind": "sind",
            "sinh": "sinh",
            "sora": "sora",
            "sund": "sund",
            "takr": "takr",
            "talu": "talu",
            "taml": "Ənənəvi Tamil Rəqəmləri",
            "tamldec": "Tamil Rəqəmləri",
            "telu": "Teluqu Rəqəmləri",
            "thai": "Tay Rəqəmləri",
            "tibt": "Tibet Rəqəmləri",
            "tirh": "tirh",
            "vaii": "vaii",
            "wara": "wara"
          }
        },
        "codePatterns": {
          "language": "Dil: {0}",
          "script": "Skript: {0}",
          "territory": "Region: {0}"
        }
      }
    }
  }
}
