{
  "main": {
    "bs": {
      "identity": {
        "version": {
          "_number": "$Revision: 13705 $",
          "_cldrVersion": "32"
        },
        "language": "bs"
      },
      "localeDisplayNames": {
        "localeDisplayPattern": {
          "localePattern": "{0} ({1})",
          "localeSeparator": "{0}, {1}",
          "localeKeyTypePattern": "{0}: {1}"
        },
        "keys": {
          "calendar": "Kalendar",
          "cf": "Format valute",
          "collation": "Sortiranje",
          "currency": "Valuta",
          "hc": "Format vremena (12 ili 24)",
          "lb": "Stil prijeloma reda",
          "ms": "Mjerni sistem",
          "numbers": "Brojevi"
        },
        "types": {
          "calendar": {
            "buddhist": "budistički kalendar",
            "chinese": "kineski kalendar",
            "coptic": "coptic",
            "dangi": "dangi kalendar",
            "ethiopic": "etiopski kalendar",
            "ethiopic-amete-alem": "ethiopic-amete-alem",
            "gregorian": "gregorijanski kalendar",
            "hebrew": "hebrejski kalendar",
            "indian": "Indijski nacionalni kalendar",
            "islamic": "islamski kalendar",
            "islamic-civil": "Islamski civilni kalendar",
            "islamic-rgsa": "islamic-rgsa",
            "islamic-tbla": "islamic-tbla",
            "islamic-umalqura": "islamic-umalqura",
            "iso8601": "kalendar ISO-8601",
            "japanese": "japanski kalendar",
            "persian": "perzijski kalendar",
            "roc": "kalendar Republike Kine"
          },
          "cf": {
            "account": "računovodstveni format valute",
            "standard": "standardni format valute"
          },
          "collation": {
            "big5han": "Tradicionalno kinesko sortiranje",
            "compat": "compat",
            "dictionary": "dictionary",
            "ducet": "standardno Unicode sortiranje",
            "emoji": "emoji",
            "eor": "eor",
            "gb2312han": "Pojednostavljeno kinesko sortiranje",
            "phonebook": "Sortiranje kao telefonski imenik",
            "pinyin": "Pinjin sortiranje",
            "reformed": "reformed",
            "search": "općenito pretraživanje",
            "searchjl": "searchjl",
            "standard": "standardno sortiranje",
            "stroke": "Sortiranje po broju crta",
            "traditional": "Tradicionalno sortiranje",
            "unihan": "unihan",
            "zhuyin": "zhuyin"
          },
          "d0": {
            "fwidth": "Široki",
            "hwidth": "Uski"
          },
          "hc": {
            "h11": "12-satni format (0-11)",
            "h12": "12-satni format (1-12)",
            "h23": "24-satni format (0-23)",
            "h24": "24-satni format (1-24)"
          },
          "lb": {
            "loose": "Slobodni stil prijeloma reda",
            "normal": "Normalni stil prijeloma reda",
            "strict": "Strogi stil prijeloma reda"
          },
          "m0": {
            "bgn": "US BGN transliteracija",
            "ungegn": "UN GEGN transliteracija"
          },
          "ms": {
            "metric": "metrički sistem",
            "uksystem": "britanski mjerni sistem",
            "ussystem": "američki mjerni sistem"
          },
          "numbers": {
            "ahom": "ahom",
            "arab": "arapsko-indijski brojevi",
            "arabext": "prošireni arapsko-indijski brojevi",
            "armn": "armenski brojevi",
            "armnlow": "mali armenski brojevi",
            "bali": "bali",
            "beng": "bengalski brojevi",
            "brah": "brah",
            "cakm": "cakm",
            "cham": "cham",
            "cyrl": "cyrl",
            "deva": "brojevi pisma devanagari",
            "ethi": "etiopski brojevi",
            "fullwide": "široki brojevi",
            "geor": "gruzijski brojevi",
            "gonm": "gonm",
            "grek": "grčki brojevi",
            "greklow": "mali grčki brojevi",
            "gujr": "brojevi pisma gudžarati",
            "guru": "brojevi pisma gurmuki",
            "hanidec": "kineski decimalni brojevi",
            "hans": "pojednostavljeni kineski brojevi",
            "hansfin": "pojednostavljeni kineski finansijski brojevi",
            "hant": "tradicionalni kineski brojevi",
            "hantfin": "tradicionalni kineski finansijski brojevi",
            "hebr": "hebrejski brojevi",
            "hmng": "hmng",
            "java": "java",
            "jpan": "japanski brojevi",
            "jpanfin": "japanski finansijski brojevi",
            "kali": "kali",
            "khmr": "kmerski brojevi",
            "knda": "brojevi pisma kanada",
            "lana": "lana",
            "lanatham": "lanatham",
            "laoo": "laoski brojevi",
            "latn": "arapski brojevi",
            "lepc": "lepc",
            "limb": "limb",
            "mathbold": "mathbold",
            "mathdbl": "mathdbl",
            "mathmono": "mathmono",
            "mathsanb": "mathsanb",
            "mathsans": "mathsans",
            "mlym": "malajalamski brojevi",
            "modi": "modi",
            "mong": "mong",
            "mroo": "mroo",
            "mtei": "mtei",
            "mymr": "mijanmarski brojevi",
            "mymrshan": "mymrshan",
            "mymrtlng": "mymrtlng",
            "nkoo": "nkoo",
            "olck": "olck",
            "orya": "orijski brojevi",
            "osma": "osma",
            "roman": "rimski brojevi",
            "romanlow": "mali rimski brojevi",
            "saur": "saur",
            "shrd": "shrd",
            "sind": "sind",
            "sinh": "sinh",
            "sora": "sora",
            "sund": "sund",
            "takr": "takr",
            "talu": "talu",
            "taml": "tradicionalni tamilski brojevi",
            "tamldec": "tamilski brojevi",
            "telu": "brojevi pisma telugu",
            "thai": "tajlandski brojevi",
            "tibt": "tibetanski brojevi",
            "tirh": "tirh",
            "vaii": "vaii",
            "wara": "wara"
          }
        },
        "codePatterns": {
          "language": "Jezik: {0}",
          "script": "Pismo: {0}",
          "territory": "Regija: {0}"
        }
      }
    }
  }
}
