{
  "main": {
    "ast": {
      "identity": {
        "version": {
          "_number": "$Revision: 13701 $",
          "_cldrVersion": "32"
        },
        "language": "ast"
      },
      "localeDisplayNames": {
        "languages": {
          "aa": "afar",
          "ab": "abkhazianu",
          "ace": "achinés",
          "ach": "acoli",
          "ada": "adangme",
          "ady": "adyghe",
          "ae": "avestanín",
          "aeb": "árabe de Túnez",
          "af": "afrikaans",
          "afh": "afrihili",
          "agq": "aghem",
          "ain": "ainu",
          "ak": "akan",
          "akk": "acadianu",
          "akz": "alabama",
          "ale": "aleut",
          "aln": "gheg d’Albania",
          "alt": "altai del sur",
          "am": "amháricu",
          "an": "aragonés",
          "ang": "inglés antiguu",
          "anp": "angika",
          "ar": "árabe",
          "ar-001": "árabe estándar modernu",
          "arc": "araméu",
          "arn": "mapuche",
          "aro": "araona",
          "arp": "arapaho",
          "arq": "árabe d’Arxelia",
          "arw": "arawak",
          "ary": "árabe de Marruecos",
          "arz": "árabe d’Exiptu",
          "as": "asamés",
          "asa": "asu",
          "ase": "llingua de signos americana",
          "ast": "asturianu",
          "av": "aváricu",
          "avk": "kotava",
          "awa": "awadhi",
          "ay": "aymara",
          "az": "azerbaixanu",
          "az-alt-short": "azerí",
          "ba": "bashkir",
          "bal": "baluchi",
          "ban": "balinés",
          "bar": "bávaru",
          "bas": "basaa",
          "bax": "bamun",
          "bbc": "batak toba",
          "bbj": "ghomala",
          "be": "bielorrusu",
          "bej": "beja",
          "bem": "bemba",
          "bew": "betawi",
          "bez": "bena",
          "bfd": "bafut",
          "bfq": "badaga",
          "bg": "búlgaru",
          "bgn": "balochi occidental",
          "bho": "bhojpuri",
          "bi": "bislama",
          "bik": "bikol",
          "bin": "bini",
          "bjn": "banjar",
          "bkm": "kom",
          "bla": "siksika",
          "bm": "bambara",
          "bn": "bengalín",
          "bo": "tibetanu",
          "bpy": "bishnupriya",
          "bqi": "bakhtiari",
          "br": "bretón",
          "bra": "braj",
          "brh": "brahui",
          "brx": "bodo",
          "bs": "bosniu",
          "bss": "akoose",
          "bua": "buriat",
          "bug": "buginés",
          "bum": "bulu",
          "byn": "blin",
          "byv": "medumba",
          "ca": "catalán",
          "cad": "caddo",
          "car": "caribe",
          "cay": "cayuga",
          "cch": "atsam",
          "ce": "chechenu",
          "ceb": "cebuanu",
          "cgg": "chiga",
          "ch": "chamorro",
          "chb": "chibcha",
          "chg": "chagatai",
          "chk": "chuukés",
          "chm": "mari",
          "chn": "xíriga chinook",
          "cho": "choctaw",
          "chp": "chipewyanu",
          "chr": "cheroqui",
          "chy": "cheyenne",
          "ckb": "kurdu central",
          "co": "corsu",
          "cop": "cópticu",
          "cps": "capiznon",
          "cr": "cree",
          "crh": "turcu de Crimea",
          "crs": "francés criollu seselwa",
          "cs": "checu",
          "csb": "kashubianu",
          "cu": "eslávicu eclesiásticu",
          "cv": "chuvash",
          "cy": "galés",
          "da": "danés",
          "dak": "dakota",
          "dar": "dargwa",
          "dav": "taita",
          "de": "alemán",
          "de-AT": "alemán d’Austria",
          "de-CH": "altualemán de Suiza",
          "del": "delaware",
          "den": "slave",
          "dgr": "dogrib",
          "din": "dinka",
          "dje": "zarma",
          "doi": "dogri",
          "dsb": "baxu sorbiu",
          "dtp": "dusun central",
          "dua": "duala",
          "dum": "neerlandés mediu",
          "dv": "divehi",
          "dyo": "jola-fonyi",
          "dyu": "dyula",
          "dz": "dzongkha",
          "dzg": "dazaga",
          "ebu": "embú",
          "ee": "ewe",
          "efi": "efik",
          "egl": "emilianu",
          "egy": "exipciu antiguu",
          "eka": "ekajuk",
          "el": "griegu",
          "elx": "elamita",
          "en": "inglés",
          "en-AU": "inglés d’Australia",
          "en-CA": "inglés de Canadá",
          "en-GB": "inglés de Gran Bretaña",
          "en-GB-alt-short": "inglés del R.X.",
          "en-US": "inglés d’Estaos Xuníos",
          "en-US-alt-short": "inglés d’EE.XX.",
          "enm": "inglés mediu",
          "eo": "esperanto",
          "es": "español",
          "es-419": "español d’América Llatina",
          "es-ES": "español européu",
          "es-MX": "español de Méxicu",
          "esu": "yupik central",
          "et": "estoniu",
          "eu": "vascu",
          "ewo": "ewondo",
          "ext": "estremeñu",
          "fa": "persa",
          "fan": "fang",
          "fat": "fanti",
          "ff": "fulah",
          "fi": "finlandés",
          "fil": "filipín",
          "fit": "finlandés de Tornedalen",
          "fj": "fixanu",
          "fo": "feroés",
          "fon": "fon",
          "fr": "francés",
          "fr-CA": "francés de Canadá",
          "fr-CH": "francés de Suiza",
          "frc": "francés cajun",
          "frm": "francés mediu",
          "fro": "francés antiguu",
          "frp": "arpitanu",
          "frr": "frisón del norte",
          "frs": "frisón oriental",
          "fur": "friulianu",
          "fy": "frisón occidental",
          "ga": "irlandés",
          "gaa": "ga",
          "gag": "gagauz",
          "gan": "chinu gan",
          "gay": "gayo",
          "gba": "gbaya",
          "gbz": "dari zoroastrianu",
          "gd": "gaélicu escocés",
          "gez": "geez",
          "gil": "gilbertés",
          "gl": "gallegu",
          "glk": "gilaki",
          "gmh": "altualemán mediu",
          "gn": "guaraní",
          "goh": "altualemán antiguu",
          "gom": "goan konkani",
          "gon": "gondi",
          "gor": "gorontalo",
          "got": "góticu",
          "grb": "grebo",
          "grc": "griegu antiguu",
          "gsw": "alemán de Suiza",
          "gu": "guyaratí",
          "guc": "wayuu",
          "gur": "frafra",
          "guz": "gusii",
          "gv": "manés",
          "gwi": "gwichʼin",
          "ha": "ḥausa",
          "hai": "haida",
          "hak": "chinu hakka",
          "haw": "hawaianu",
          "he": "hebréu",
          "hi": "hindi",
          "hif": "hindi de Fiji",
          "hil": "hiligaynon",
          "hit": "hitita",
          "hmn": "hmong",
          "ho": "hiri motu",
          "hr": "croata",
          "hsb": "altu sorbiu",
          "hsn": "chinu xiang",
          "ht": "haitianu",
          "hu": "húngaru",
          "hup": "hupa",
          "hy": "armeniu",
          "hz": "herero",
          "ia": "interlingua",
          "iba": "iban",
          "ibb": "ibibio",
          "id": "indonesiu",
          "ie": "interlingue",
          "ig": "igbo",
          "ii": "yi de Sichuán",
          "ik": "inupiaq",
          "ilo": "iloko",
          "inh": "ingush",
          "io": "ido",
          "is": "islandés",
          "it": "italianu",
          "iu": "inuktitut",
          "izh": "ingrianu",
          "ja": "xaponés",
          "jam": "inglés criollu xamaicanu",
          "jbo": "lojban",
          "jgo": "ngomba",
          "jmc": "machame",
          "jpr": "xudeo-persa",
          "jrb": "xudeo-árabe",
          "jut": "jutlandés",
          "jv": "xavanés",
          "ka": "xeorxanu",
          "kaa": "kara-kalpak",
          "kab": "kabileñu",
          "kac": "kachin",
          "kaj": "jju",
          "kam": "kamba",
          "kaw": "kawi",
          "kbd": "kabardianu",
          "kbl": "kanembu",
          "kcg": "tyap",
          "kde": "makonde",
          "kea": "cabuverdianu",
          "ken": "kenyang",
          "kfo": "koro",
          "kg": "kongo",
          "kgp": "kaingang",
          "kha": "khasi",
          "kho": "khotanés",
          "khq": "koyra chiini",
          "khw": "khowar",
          "ki": "kikuyu",
          "kiu": "kirmanjki",
          "kj": "kuanyama",
          "kk": "kazaquistanín",
          "kkj": "kako",
          "kl": "kalaallisut",
          "kln": "kalenjin",
          "km": "ḥemer",
          "kmb": "kimbundu",
          "kn": "canarés",
          "ko": "coreanu",
          "koi": "komi-permyak",
          "kok": "konkani",
          "kos": "kosraeanu",
          "kpe": "kpelle",
          "kr": "kanuri",
          "krc": "karachay-balkar",
          "kri": "krio",
          "krj": "kinaray-a",
          "krl": "karelianu",
          "kru": "kurukh",
          "ks": "cachemirés",
          "ksb": "shambala",
          "ksf": "bafia",
          "ksh": "colonianu",
          "ku": "curdu",
          "kum": "kumyk",
          "kut": "kutenai",
          "kv": "komi",
          "kw": "córnicu",
          "ky": "kirguistanín",
          "la": "llatín",
          "lad": "ladino",
          "lag": "langi",
          "lah": "lahnda",
          "lam": "lamba",
          "lb": "luxemburgués",
          "lez": "lezghianu",
          "lfn": "lingua franca nova",
          "lg": "ganda",
          "li": "limburgués",
          "lij": "ligurianu",
          "liv": "livonianu",
          "lkt": "lakota",
          "lmo": "lombardu",
          "ln": "lingala",
          "lo": "laosianu",
          "lol": "mongo",
          "lou": "lou",
          "loz": "lozi",
          "lrc": "luri del norte",
          "lt": "lituanu",
          "ltg": "latgalianu",
          "lu": "luba-katanga",
          "lua": "luba-lulua",
          "lui": "luiseno",
          "lun": "lunda",
          "luo": "luo",
          "lus": "mizo",
          "luy": "luyia",
          "lv": "letón",
          "lzh": "chinu lliterariu",
          "lzz": "laz",
          "mad": "madurés",
          "maf": "mafa",
          "mag": "magahi",
          "mai": "maithili",
          "mak": "makasar",
          "man": "mandingo",
          "mas": "masái",
          "mde": "maba",
          "mdf": "moksha",
          "mdr": "mandar",
          "men": "mende",
          "mer": "meru",
          "mfe": "morisyen",
          "mg": "malgaxe",
          "mga": "írlandés mediu",
          "mgh": "makhuwa-meetto",
          "mgo": "meta’",
          "mh": "marshallés",
          "mi": "maorí",
          "mic": "micmac",
          "min": "minangkabau",
          "mk": "macedoniu",
          "ml": "malayalam",
          "mn": "mongol",
          "mnc": "manchú",
          "mni": "manipuri",
          "moh": "mohawk",
          "mos": "mossi",
          "mr": "marathi",
          "mrj": "mari occidental",
          "ms": "malayu",
          "mt": "maltés",
          "mua": "mundang",
          "mul": "múltiples llingües",
          "mus": "creek",
          "mwl": "mirandés",
          "mwr": "marwari",
          "mwv": "mentawai",
          "my": "birmanu",
          "mye": "myene",
          "myv": "erzya",
          "mzn": "mazanderani",
          "na": "nauru",
          "nan": "chinu min nan",
          "nap": "napolitanu",
          "naq": "nama",
          "nb": "noruegu Bokmål",
          "nd": "ndebele del norte",
          "nds": "baxu alemán",
          "nds-NL": "baxu saxón",
          "ne": "nepalés",
          "new": "newari",
          "ng": "ndonga",
          "nia": "nias",
          "niu": "niueanu",
          "njo": "ao naga",
          "nl": "neerlandés",
          "nl-BE": "flamencu",
          "nmg": "kwasio",
          "nn": "noruegu Nynorsk",
          "nnh": "ngiemboon",
          "no": "noruegu",
          "nog": "nogai",
          "non": "noruegu antiguu",
          "nov": "novial",
          "nqo": "n’ko",
          "nr": "ndebele del sur",
          "nso": "sotho del norte",
          "nus": "nuer",
          "nv": "navajo",
          "nwc": "newari clásicu",
          "ny": "nyanja",
          "nym": "nyamwezi",
          "nyn": "nyankole",
          "nyo": "nyoro",
          "nzi": "nzima",
          "oc": "occitanu",
          "oj": "ojibwa",
          "om": "oromo",
          "or": "oriya",
          "os": "oséticu",
          "osa": "osage",
          "ota": "turcu otomanu",
          "pa": "punyabí",
          "pag": "pangasinan",
          "pal": "pahlavi",
          "pam": "pampanga",
          "pap": "papiamento",
          "pau": "palauanu",
          "pcd": "pícaru",
          "pcm": "nixerianu simplificáu",
          "pdc": "alemán de Pennsylvania",
          "pdt": "plautdietsch",
          "peo": "persa antiguu",
          "pfl": "alemán palatinu",
          "phn": "feniciu",
          "pi": "pali",
          "pl": "polacu",
          "pms": "piamontés",
          "pnt": "pónticu",
          "pon": "pohnpeianu",
          "prg": "prusianu",
          "pro": "provenzal antiguu",
          "ps": "pashtu",
          "pt": "portugués",
          "pt-BR": "portugués del Brasil",
          "pt-PT": "portugués européu",
          "qu": "quechua",
          "quc": "kʼicheʼ",
          "qug": "quichua del altiplanu de Chimborazo",
          "raj": "rajasthanín",
          "rap": "rapanui",
          "rar": "rarotonganu",
          "rgn": "romañol",
          "rif": "rifianu",
          "rm": "romanche",
          "rn": "rundi",
          "ro": "rumanu",
          "ro-MD": "moldavu",
          "rof": "rombo",
          "rom": "romaní",
          "root": "root",
          "rtm": "rotumanu",
          "ru": "rusu",
          "rue": "rusyn",
          "rug": "roviana",
          "rup": "aromanianu",
          "rw": "kinyarwanda",
          "rwk": "rwa",
          "sa": "sánscritu",
          "sad": "sandavés",
          "sah": "sakha",
          "sam": "araméu samaritanu",
          "saq": "samburu",
          "sas": "sasak",
          "sat": "santali",
          "saz": "saurashtra",
          "sba": "ngambay",
          "sbp": "sangu",
          "sc": "sardu",
          "scn": "sicilianu",
          "sco": "scots",
          "sd": "sindhi",
          "sdc": "sardu sassarés",
          "sdh": "kurdu del sur",
          "se": "sami del norte",
          "see": "séneca",
          "seh": "sena",
          "sei": "seri",
          "sel": "selkup",
          "ses": "koyraboro senni",
          "sg": "sango",
          "sga": "irlandés antiguu",
          "sgs": "samogitianu",
          "sh": "serbo-croata",
          "shi": "tachelhit",
          "shn": "shan",
          "shu": "árabe chadianu",
          "si": "cingalés",
          "sid": "sidamo",
          "sk": "eslovacu",
          "sl": "eslovenu",
          "sli": "baxu silesianu",
          "sly": "selayarés",
          "sm": "samoanu",
          "sma": "sami del sur",
          "smj": "lule sami",
          "smn": "inari sami",
          "sms": "skolt sami",
          "sn": "shona",
          "snk": "soninke",
          "so": "somalín",
          "sog": "sogdianu",
          "sq": "albanu",
          "sr": "serbiu",
          "srn": "sranan tongo",
          "srr": "serer",
          "ss": "swati",
          "ssy": "saho",
          "st": "sotho del sur",
          "stq": "frisón de Saterland",
          "su": "sondanés",
          "suk": "sukuma",
          "sus": "susu",
          "sux": "sumeriu",
          "sv": "suecu",
          "sw": "suaḥili",
          "sw-CD": "suaḥili del Congu",
          "swb": "comorianu",
          "syc": "siriacu clásicu",
          "syr": "siriacu",
          "szl": "silesianu",
          "ta": "tamil",
          "tcy": "tulu",
          "te": "telugu",
          "tem": "timne",
          "teo": "teso",
          "ter": "terena",
          "tet": "tetum",
          "tg": "taxiquistanín",
          "th": "tailandés",
          "ti": "tigrinya",
          "tig": "tigre",
          "tiv": "tiv",
          "tk": "turcomanu",
          "tkl": "tokelau",
          "tkr": "tsakhur",
          "tl": "tagalog",
          "tlh": "klingon",
          "tli": "tlingit",
          "tly": "talixín",
          "tmh": "tamashek",
          "tn": "tswana",
          "to": "tonganu",
          "tog": "tonga nyasa",
          "tpi": "tok pisin",
          "tr": "turcu",
          "tru": "turoyo",
          "trv": "taroko",
          "ts": "tsonga",
          "tsd": "tsakoniu",
          "tsi": "tsimshian",
          "tt": "tártaru",
          "ttt": "tati musulmán",
          "tum": "tumbuka",
          "tvl": "tuvalu",
          "tw": "twi",
          "twq": "tasawaq",
          "ty": "tahitianu",
          "tyv": "tuvinianu",
          "tzm": "tamazight del Atles central",
          "udm": "udmurt",
          "ug": "uigur",
          "uga": "ugaríticu",
          "uk": "ucraín",
          "umb": "umbundu",
          "und": "llingua desconocida",
          "ur": "urdu",
          "uz": "uzbequistanín",
          "vai": "vai",
          "ve": "venda",
          "vec": "venecianu",
          "vep": "vepsiu",
          "vi": "vietnamín",
          "vls": "flamencu occidental",
          "vmf": "franconianu del Main",
          "vo": "volapük",
          "vot": "vóticu",
          "vro": "voro",
          "vun": "vunjo",
          "wa": "valón",
          "wae": "walser",
          "wal": "wolaytta",
          "war": "waray",
          "was": "washo",
          "wbp": "warlpiri",
          "wo": "wolof",
          "wuu": "chinu wu",
          "xal": "calmuco",
          "xh": "xhosa",
          "xmf": "mingrelianu",
          "xog": "soga",
          "yao": "yao",
          "yap": "yapés",
          "yav": "yangben",
          "ybb": "yemba",
          "yi": "yiddish",
          "yo": "yoruba",
          "yrl": "nheengatu",
          "yue": "cantonés",
          "za": "zhuang",
          "zap": "zapoteca",
          "zbl": "simbólicu Bliss",
          "zea": "zeelandés",
          "zen": "zenaga",
          "zgh": "tamazight estándar de Marruecos",
          "zh": "chinu",
          "zh-Hans": "chinu simplificáu",
          "zh-Hant": "chinu tradicional",
          "zu": "zulú",
          "zun": "zuni",
          "zxx": "ensin conteníu llingüísticu",
          "zza": "zaza"
        }
      }
    }
  }
}
