{
  "main": {
    "ast": {
      "identity": {
        "version": {
          "_number": "$Revision: 13701 $",
          "_cldrVersion": "32"
        },
        "language": "ast"
      },
      "localeDisplayNames": {
        "localeDisplayPattern": {
          "localePattern": "{0} ({1})",
          "localeSeparator": "{0}, {1}",
          "localeKeyTypePattern": "{0}: {1}"
        },
        "keys": {
          "calendar": "calendariu",
          "cf": "formatu monetariu",
          "collation": "orde de clasificación",
          "currency": "moneda",
          "hc": "ciclu horariu (12 o 24)",
          "lb": "estilu de saltu de llinia",
          "ms": "sistema de midida",
          "numbers": "númberos"
        },
        "types": {
          "calendar": {
            "buddhist": "calendariu budista",
            "chinese": "calendariu chinu",
            "coptic": "calendariu coptu",
            "dangi": "calendariu dangi",
            "ethiopic": "calendariu etíope",
            "ethiopic-amete-alem": "calendariu etíope Amete Alem",
            "gregorian": "calendariu gregorianu",
            "hebrew": "calendariu hebréu",
            "indian": "calendariu nacional indiu",
            "islamic": "calendariu islámicu",
            "islamic-civil": "calendariu islámicu (tabular, época civil)",
            "islamic-rgsa": "calendariu islámicu (Arabia Saudita, visual)",
            "islamic-tbla": "calendariu islámicu (tabular, época astronómica)",
            "islamic-umalqura": "calendariu islámicu (Umm al-Qura)",
            "iso8601": "calendariu ISO-8601",
            "japanese": "calendariu xaponés",
            "persian": "calendariu persa",
            "roc": "calendariu de la República de China"
          },
          "cf": {
            "account": "formatu monetariu contable",
            "standard": "formatu monetariu estándar"
          },
          "collation": {
            "big5han": "orde de clasificación chinu tradicional - Big5",
            "compat": "orde de clasificación anterior, por compatibilidá",
            "dictionary": "orde de clasificación de diccionariu",
            "ducet": "orde de clasificación Unicode predetermináu",
            "emoji": "orde de clasificación Emoji",
            "eor": "regles d’ordenamientu europees",
            "gb2312han": "orde de clasificación chinu simplificáu - GB2312",
            "phonebook": "orde de clasificación de llista telefónica",
            "pinyin": "orde de clasificación pinyin",
            "reformed": "orde de clasificación reformáu",
            "search": "gueta xeneral",
            "searchjl": "gueta por consonante Hangul d’aniciu",
            "standard": "orde de clasificación estándar",
            "stroke": "orde de clasificación pol trazu",
            "traditional": "orde de clasificación tradicional",
            "unihan": "orde de clasificación por radical y trazu",
            "zhuyin": "orde de clasificación zhuyin"
          },
          "hc": {
            "h11": "sistema de 12 hores (0–11)",
            "h12": "sistema de 12 hores (1–12)",
            "h23": "sistema de 24 hores (0–23)",
            "h24": "sistema de 24 hores (1–24)"
          },
          "lb": {
            "loose": "saltu de llinia relaxáu",
            "normal": "saltu de llinia normal",
            "strict": "saltu de llinia estrictu"
          },
          "ms": {
            "metric": "sistema métricu",
            "uksystem": "sistema de midida imperial",
            "ussystem": "sistema de midida d’EE.XX."
          },
          "numbers": {
            "ahom": "númberos ahom",
            "arab": "númberos arábico-índicos",
            "arabext": "númberos arábico-índicos estendíos",
            "armn": "númberos armenios",
            "armnlow": "númberos armenios en minúscules",
            "bali": "númberos balineses",
            "beng": "númberos bengalinos",
            "brah": "númberos brahmi",
            "cakm": "númberos chakma",
            "cham": "númberos cham",
            "cyrl": "númberos cirílicos",
            "deva": "númberos devanagari",
            "ethi": "númberos etíopes",
            "fullwide": "númberos n’anchu completu",
            "geor": "númberos xeorxanos",
            "gonm": "gonm",
            "grek": "númberos griegos",
            "greklow": "númberos griegos en minúscules",
            "gujr": "númberos gujarati",
            "guru": "númberos gurmukhi",
            "hanidec": "númberos decimales chinos",
            "hans": "númberos chinos simplificaos",
            "hansfin": "númberos chinos financieros simplificaos",
            "hant": "númberos chinos tradicionales",
            "hantfin": "númberos chinos financieros tradicionales",
            "hebr": "númberos hebreos",
            "hmng": "númberos Pahawh Hmong",
            "java": "númberos xavanesos",
            "jpan": "númberos xaponeses",
            "jpanfin": "númberos financieros xaponeses",
            "kali": "númberos Kayah Li",
            "khmr": "numberación khmer",
            "knda": "numberación kannada",
            "lana": "numberación Tai Tham Hora",
            "lanatham": "numberación Tai Tham Tham",
            "laoo": "númberos laosianos",
            "latn": "númberos occidentales",
            "lepc": "númberos lepcha",
            "limb": "númberos limbu",
            "mathbold": "númberos matemáticos en negrina",
            "mathdbl": "númberos matemáticos con trazu doble",
            "mathmono": "númberos matemáticos monoespaciaos",
            "mathsanb": "númberos matemáticos Sans-Serif en negrina",
            "mathsans": "númberos matemáticos Sans-Serif",
            "mlym": "númberos malayalam",
            "modi": "númberos modi",
            "mong": "númberos mongoles",
            "mroo": "númberos mro",
            "mtei": "númberos Meetei Mayek",
            "mymr": "númberos de Myanmar",
            "mymrshan": "númberos Shan de Myanmar",
            "mymrtlng": "númberos Tai Laing de Myanmar",
            "nkoo": "númberos N’Ko",
            "olck": "númberos Ol Chiki",
            "orya": "númberos odia",
            "osma": "númberos osmanya",
            "roman": "númberos romanos",
            "romanlow": "númberos romanos en minúscules",
            "saur": "númberos saurashtra",
            "shrd": "númberos sharada",
            "sind": "númberos Khudawadi",
            "sinh": "númberos Lith cingaleses",
            "sora": "númberos Sora Sompeng",
            "sund": "númberos sondaneses",
            "takr": "númberos takri",
            "talu": "numberación Tai Lue nueva",
            "taml": "númberos tamil tradicionales",
            "tamldec": "númberos tamil",
            "telu": "númberos telugu",
            "thai": "númberos tailandeses",
            "tibt": "númberos tibetanos",
            "tirh": "númberos tirhuta",
            "vaii": "númberos vai",
            "wara": "númberos Warang Citi"
          }
        },
        "codePatterns": {
          "language": "Llingua: {0}",
          "script": "Alfabetu: {0}",
          "territory": "Rexón: {0}"
        }
      }
    }
  }
}
