{
  "main": {
    "ast": {
      "identity": {
        "version": {
          "_number": "$Revision: 13701 $",
          "_cldrVersion": "32"
        },
        "language": "ast"
      },
      "localeDisplayNames": {
        "scripts": {
          "Adlm": "adlm",
          "Afak": "afaka",
          "Aghb": "cáucaso-albanés",
          "Ahom": "ahom",
          "Arab": "árabe",
          "Armi": "aramaicu imperial",
          "Armn": "armeniu",
          "Avst": "avésticu",
          "Bali": "balinés",
          "Bamu": "bamum",
          "Bass": "bassa vah",
          "Batk": "batak",
          "Beng": "bengalín",
          "Bhks": "bhks",
          "Blis": "símbolos de Bliss",
          "Bopo": "bopomofo",
          "Brah": "brahmi",
          "Brai": "braille",
          "Bugi": "lontara",
          "Buhd": "buhid",
          "Cakm": "chakma",
          "Cans": "silábicu unificáu de los nativos canadienses",
          "Cari": "cariu",
          "Cham": "cham",
          "Cher": "cheroki",
          "Cirt": "cirth",
          "Copt": "coptu",
          "Cprt": "xipriota",
          "Cyrl": "cirílicu",
          "Cyrs": "eslavónicu cirílicu eclesiásticu antiguu",
          "Deva": "devanagari",
          "Dsrt": "alfabetu Deseret",
          "Dupl": "taquigrafía Duployé",
          "Egyd": "demóticu exipcianu",
          "Egyh": "hieráticu exipcianu",
          "Egyp": "xeroglíficos exipcianos",
          "Elba": "elbasan",
          "Ethi": "etíope",
          "Geok": "khutsuri xeorxanu",
          "Geor": "xeorxanu",
          "Glag": "glagolíticu",
          "Gonm": "Gonm",
          "Goth": "góticu",
          "Gran": "grantha",
          "Grek": "griegu",
          "Gujr": "guyarati",
          "Guru": "gurmukhi",
          "Hanb": "hanb",
          "Hang": "hangul",
          "Hani": "han",
          "Hano": "hanunó’o",
          "Hans": "simplificáu",
          "Hans-alt-stand-alone": "han simplificáu",
          "Hant": "tradicional",
          "Hant-alt-stand-alone": "han tradicional",
          "Hatr": "hatranu",
          "Hebr": "hebréu",
          "Hira": "ḥiragana",
          "Hluw": "xeroglíficos anatolios",
          "Hmng": "pahawh hmong",
          "Hrkt": "silabarios xaponeses",
          "Hung": "húngaru antiguu",
          "Inds": "indus",
          "Ital": "itálicu antiguu",
          "Jamo": "jamo",
          "Java": "xavanés",
          "Jpan": "xaponés",
          "Jurc": "jurchen",
          "Kali": "kayah li",
          "Kana": "katakana",
          "Khar": "kharoshthi",
          "Khmr": "ḥemer",
          "Khoj": "khojki",
          "Knda": "canarés",
          "Kore": "coreanu",
          "Kpel": "kpelle",
          "Kthi": "kaithi",
          "Lana": "lanna",
          "Laoo": "laosianu",
          "Latf": "fraktur llatín",
          "Latg": "gaélicu llatín",
          "Latn": "llatín",
          "Lepc": "lepcha",
          "Limb": "limbu",
          "Lina": "llinial A",
          "Linb": "llinial B",
          "Lisu": "alfabetu de Fraser",
          "Loma": "loma",
          "Lyci": "liciu",
          "Lydi": "lidiu",
          "Mahj": "mahajani",
          "Mand": "mandéu",
          "Mani": "maniquéu",
          "Marc": "marc",
          "Maya": "xeroglíficos mayes",
          "Mend": "mende",
          "Merc": "meroíticu en cursiva",
          "Mero": "meroíticu",
          "Mlym": "malayalam",
          "Modi": "modi",
          "Mong": "mongol",
          "Moon": "tipos Moon",
          "Mroo": "mro",
          "Mtei": "meitei mayek",
          "Mult": "multani",
          "Mymr": "birmanu",
          "Narb": "árabe del norte antiguu",
          "Nbat": "nabatéu",
          "Newa": "newa",
          "Nkgb": "geba del naxi",
          "Nkoo": "n’ko",
          "Nshu": "nüshu",
          "Ogam": "ogham",
          "Olck": "ol chiki",
          "Orkh": "orkhon",
          "Orya": "oriya",
          "Osge": "osge",
          "Osma": "osmanya",
          "Palm": "palmirenu",
          "Pauc": "pau cin hau",
          "Perm": "pérmicu antiguu",
          "Phag": "escritura ‘Phags-pa",
          "Phli": "pahlavi d’inscripciones",
          "Phlp": "pahlavi de salteriu",
          "Phlv": "pahlavi de llibros",
          "Phnx": "feniciu",
          "Plrd": "fonéticu de Pollard",
          "Prti": "partu d’inscripciones",
          "Qaaa": "qaaa",
          "Qaab": "qaab",
          "Qaac": "qaac",
          "Qaad": "qaad",
          "Qaae": "qaae",
          "Qaaf": "qaaf",
          "Qaag": "qaag",
          "Qaah": "qaah",
          "Qaak": "qaak",
          "Qaal": "qaal",
          "Qaam": "qaam",
          "Qaan": "qaan",
          "Qaao": "qaao",
          "Qaap": "qaap",
          "Qaaq": "qaaq",
          "Qaar": "qaar",
          "Qaas": "qaas",
          "Qaat": "qaat",
          "Qaau": "qaau",
          "Qaav": "qaav",
          "Qaaw": "qaaw",
          "Qaax": "qaax",
          "Qaay": "qaay",
          "Qaaz": "qaaz",
          "Qaba": "qaba",
          "Qabb": "qabb",
          "Qabc": "qabc",
          "Qabd": "qabd",
          "Qabe": "qabe",
          "Qabf": "qabf",
          "Qabg": "qabg",
          "Qabh": "qabh",
          "Qabi": "qabi",
          "Qabj": "qabj",
          "Qabk": "qabk",
          "Qabl": "qabl",
          "Qabm": "qabm",
          "Qabn": "qabn",
          "Qabo": "qabo",
          "Qabp": "qabp",
          "Qabq": "qabq",
          "Qabr": "qabr",
          "Qabs": "qabs",
          "Qabt": "qabt",
          "Qabu": "qabu",
          "Qabv": "qabv",
          "Qabw": "qabw",
          "Qabx": "qabx",
          "Rjng": "rejang",
          "Roro": "rongorongo",
          "Runr": "runes",
          "Samr": "samaritanu",
          "Sara": "sarati",
          "Sarb": "árabe del sur antiguu",
          "Saur": "saurashtra",
          "Sgnw": "escritura de signos",
          "Shaw": "shavianu",
          "Shrd": "sharada",
          "Sidd": "siddham",
          "Sind": "khudabadi",
          "Sinh": "cingalés",
          "Sora": "sora sompeng",
          "Soyo": "Soyo",
          "Sund": "sondanés",
          "Sylo": "syloti nagri",
          "Syrc": "siriacu",
          "Syre": "siriacu estrangelo",
          "Syrj": "siriacu occidental",
          "Syrn": "siriacu oriental",
          "Tagb": "tagbanwa",
          "Takr": "takri",
          "Tale": "tai le",
          "Talu": "tai lue nuevu",
          "Taml": "tamil",
          "Tang": "tangut",
          "Tavt": "tai viet",
          "Telu": "telugu",
          "Teng": "tengwar",
          "Tfng": "tifinagh",
          "Tglg": "tagalog",
          "Thaa": "thaana",
          "Thai": "tailandés",
          "Tibt": "tibetanu",
          "Tirh": "tirhuta",
          "Ugar": "ugaríticu",
          "Vaii": "vai",
          "Visp": "fala visible",
          "Wara": "varang kshiti",
          "Wole": "woleai",
          "Xpeo": "persa antiguu",
          "Xsux": "cuneiforme sumeriu acadiu",
          "Yiii": "yi",
          "Zanb": "Zanb",
          "Zinh": "heredáu",
          "Zmth": "escritura matemática",
          "Zsye": "emoji",
          "Zsym": "símbolos",
          "Zxxx": "non escritu",
          "Zyyy": "común",
          "Zzzz": "escritura desconocida"
        }
      }
    }
  }
}
