{
  "main": {
    "dz": {
      "identity": {
        "version": {
          "_number": "$Revision: 13686 $",
          "_cldrVersion": "32"
        },
        "language": "dz"
      },
      "localeDisplayNames": {
        "languages": {
          "aa": "ཨ་ཕར་ཁ",
          "ab": "ཨཱབ་ཁ་ཟི་ཡ་ཁ",
          "ace": "ace",
          "ada": "ada",
          "ady": "ady",
          "af": "ཨཕ་རི་ཀཱནས་ཁ",
          "agq": "agq",
          "ain": "ain",
          "ak": "ak",
          "ale": "ale",
          "alt": "alt",
          "am": "ཨམ་ཧ་རིཀ་ཁ",
          "an": "an",
          "anp": "anp",
          "ar": "ཨེ་ར་བིཀ་ཁ",
          "ar-001": "ཨེ་ར་བིཀ་ཁ། (འཛམ་གླིང༌།)",
          "arn": "arn",
          "arp": "arp",
          "as": "ཨ་ས་མིས་ཁ",
          "asa": "asa",
          "ast": "ast",
          "av": "av",
          "awa": "awa",
          "ay": "ay",
          "az": "ཨ་ཛར་བྷའི་ཇཱན་ཁ",
          "az-alt-short": "az",
          "ba": "ba",
          "ban": "ban",
          "bas": "bas",
          "be": "བེལ་ཨ་རུས་ཁ",
          "bem": "bem",
          "bez": "bez",
          "bg": "བཱལ་གེ་རི་ཡཱན་ཁ",
          "bho": "bho",
          "bi": "bi",
          "bin": "bin",
          "bla": "bla",
          "bm": "bm",
          "bn": "བངྒ་ལ་ཁ",
          "bo": "བོད་ཁ",
          "br": "br",
          "brx": "brx",
          "bs": "བྷོས་ནི་ཡཱན་ཁ",
          "bug": "bug",
          "byn": "byn",
          "ca": "ཀེ་ཊ་ལཱན་ཁ",
          "ce": "ce",
          "ceb": "ceb",
          "cgg": "cgg",
          "ch": "ch",
          "chk": "chk",
          "chm": "chm",
          "cho": "cho",
          "chr": "chr",
          "chy": "chy",
          "ckb": "ckb",
          "co": "co",
          "crs": "crs",
          "cs": "ཅེཀ་ཁ",
          "cu": "cu",
          "cv": "cv",
          "cy": "ཝེལཤ་ཁ",
          "da": "ཌེ་ནིཤ་ཁ",
          "dak": "ད་ཀོ་ཏ་ཁ",
          "dar": "dar",
          "dav": "dav",
          "de": "ཇཱར་མཱན་ཁ",
          "de-AT": "ཨཱོས་ཊྲི་ཡཱན་ཇཱར་མཱན་ཁ",
          "de-CH": "སུ་ཡིས་གི་མཐོ་སའི་ཇཱར་མཱན་ཁ",
          "dgr": "dgr",
          "dje": "dje",
          "dsb": "dsb",
          "dua": "dua",
          "dv": "དི་བེ་ཧི་ཁ",
          "dyo": "dyo",
          "dz": "རྫོང་ཁ",
          "dzg": "dzg",
          "ebu": "ebu",
          "ee": "ee",
          "efi": "efi",
          "eka": "eka",
          "el": "གྲིཀ་ཁ",
          "en": "ཨིང་ལིཤ་ཁ",
          "en-AU": "ཨཱོས་ཊྲེ་ལི་ཡཱན་ཨིང་ལིཤ་ཁ",
          "en-CA": "ཀེ་ན་ཌི་ཡཱན་ཨིང་ལིཤ་ཁ",
          "en-GB": "བྲི་ཊིཤ་ཨིང་ལིཤ་ཁ",
          "en-GB-alt-short": "ཨིང་ལིཤ་ཁ། (GB།)",
          "en-US": "ཡུ་ཨེས་ཨིང་ལིཤ་ཁ",
          "en-US-alt-short": "ཨིང་ལིཤ་ཁ། (US།)",
          "eo": "ཨེས་པ་རཱན་ཏོ་ཁ",
          "es": "ཨིས་པེ་ནིཤ་ཁ",
          "es-419": "ལེ་ཊིན་ཨ་མེ་རི་ཀཱན་གི་ཨིས་པེ་ནིཤ་ཁ",
          "es-ES": "ཡུ་རོབ་ཀྱི་ཨིས་པེ་ནིཤ་ཁ",
          "es-MX": "ཨིས་པེ་ནིཤ་ཁ། (མེཀ་སི་ཀོ།)",
          "et": "ཨེས་ཊོ་ནི་ཡཱན་ཁ",
          "eu": "བཱསཀ་ཁ",
          "ewo": "ewo",
          "fa": "པར་ཤི་ཡཱན་ཁ",
          "ff": "ff",
          "fi": "ཕི་ནིཤ་ཁ",
          "fil": "ཕི་ལི་པི་ནོ་ཁ",
          "fj": "ཕི་ཇི་ཡཱན་ཁ",
          "fo": "ཕཱ་རོ་ཨིས་ཁ",
          "fon": "fon",
          "fr": "ཕྲནཅ་ཁ",
          "fr-CA": "ཀེ་ན་ཌི་ཡཱན་ཕྲནཅ་ཁ",
          "fr-CH": "སུ་ཡིས་ཕྲནཅ་ཁ",
          "frc": "frc",
          "fur": "fur",
          "fy": "ནུབ་ཕྼི་སི་ཡན་ཁ",
          "ga": "ཨཱའི་རིཤ་ཁ",
          "gaa": "gaa",
          "gan": "gan",
          "gd": "gd",
          "gez": "gez",
          "gil": "gil",
          "gl": "གལ་ཨིས་ཨི་ཡན་ཁ",
          "gn": "གུ་ཝ་ར་ནི་ཁ",
          "gor": "gor",
          "gsw": "སུ་ཡིས་ཇཱར་མཱན་ཁ",
          "gu": "གུ་ཇ་ར་ཏི་ཁ",
          "guz": "guz",
          "gv": "gv",
          "gwi": "gwi",
          "ha": "ཧཝ་ས་ཁ",
          "hak": "hak",
          "haw": "ཧ་ཝ་ཡིའི་ཁ",
          "he": "ཧེ་བྲུ་ཁ",
          "hi": "ཧིན་དི་ཁ",
          "hil": "hil",
          "hmn": "hmn",
          "hr": "ཀྲོ་ཨེ་ཤི་ཡཱན་ཁ",
          "hsb": "hsb",
          "hsn": "hsn",
          "ht": "ཧེ་ཏི་ཡཱན་ཁ",
          "hu": "ཧཱང་གྷ་རི་ཡཱན་ཁ",
          "hup": "hup",
          "hy": "ཨར་མི་ནི་ཡཱན་ཁ",
          "hz": "hz",
          "ia": "ia",
          "iba": "iba",
          "ibb": "ibb",
          "id": "ཨིན་ཌོ་ནེ་ཤི་ཡཱན་ཁ",
          "ig": "ཨིག་བོ་ཁ",
          "ii": "ii",
          "ilo": "ilo",
          "inh": "inh",
          "io": "io",
          "is": "ཨ་ཡིས་ལེན་ཌིཀ་ཁ",
          "it": "ཨི་ཊ་ལི་ཡཱན་ཁ",
          "iu": "iu",
          "ja": "ཇཱ་པཱ་ནིས་ཁ",
          "jbo": "jbo",
          "jgo": "jgo",
          "jmc": "jmc",
          "jv": "ཇཱ་བ་ནིས་ཁ",
          "ka": "ཇཽ་ཇི་ཡཱན་ཁ",
          "kab": "kab",
          "kac": "ཀ་ཆིན་ཁ",
          "kaj": "kaj",
          "kam": "kam",
          "kbd": "kbd",
          "kcg": "kcg",
          "kde": "kde",
          "kea": "kea",
          "kfo": "ཀོ་རོ་ཁ",
          "kha": "kha",
          "khq": "khq",
          "ki": "ki",
          "kj": "kj",
          "kk": "ཀ་ཛགས་ཁ",
          "kkj": "kkj",
          "kl": "kl",
          "kln": "kln",
          "km": "ཁེ་མེར་ཁ",
          "kmb": "kmb",
          "kn": "ཀ་ན་ཌ་ཁ",
          "ko": "ཀོ་རི་ཡཱན་ཁ",
          "kok": "kok",
          "kpe": "kpe",
          "kr": "kr",
          "krc": "krc",
          "krl": "krl",
          "kru": "kru",
          "ks": "ཀཱཤ་མི་རི་ཁ",
          "ksb": "ksb",
          "ksf": "ksf",
          "ksh": "ksh",
          "ku": "ཀར་ཌིཤ་ཁ",
          "kum": "kum",
          "kv": "kv",
          "kw": "kw",
          "ky": "ཀིར་གིས་ཁ",
          "la": "ལེ་ཊིན་ཁ",
          "lad": "lad",
          "lag": "lag",
          "lb": "ལག་ཛམ་བོརྒ་ཁ",
          "lez": "lez",
          "lg": "lg",
          "li": "li",
          "lkt": "lkt",
          "ln": "ln",
          "lo": "ལཱ་ཝོས་ཁ",
          "lou": "lou",
          "loz": "loz",
          "lrc": "lrc",
          "lt": "ལི་ཐུ་ཝེ་ནི་ཡཱན་ཁ",
          "lu": "lu",
          "lua": "lua",
          "lun": "lun",
          "luo": "luo",
          "lus": "lus",
          "luy": "luy",
          "lv": "ལཊ་བི་ཡཱན་ཁ",
          "mad": "mad",
          "mag": "mag",
          "mai": "mai",
          "mak": "mak",
          "mas": "mas",
          "mdf": "mdf",
          "men": "men",
          "mer": "mer",
          "mfe": "mfe",
          "mg": "མ་ལ་ག་སི་ཁ",
          "mgh": "mgh",
          "mgo": "mgo",
          "mh": "mh",
          "mi": "མ་ཨོ་རི་ཁ",
          "mic": "mic",
          "min": "min",
          "mk": "མ་སེ་ཌོ་ནི་ཡཱན་ཁ",
          "ml": "མ་ལ་ཡ་ལམ་ཁ",
          "mn": "mn",
          "mnc": "མན་ཇུ་ཁ",
          "mni": "mni",
          "moh": "moh",
          "mos": "mos",
          "mr": "མ་ར་ཐི་ཁ",
          "ms": "མ་ལེ་ཁ",
          "mt": "མཱལ་ཊ་ཁ",
          "mua": "mua",
          "mul": "mul",
          "mus": "mus",
          "mwl": "mwl",
          "my": "བར་མིས་ཁ",
          "myv": "myv",
          "mzn": "mzn",
          "na": "na",
          "nan": "nan",
          "nap": "nap",
          "naq": "naq",
          "nb": "ནོར་ཝེ་ཇི་ཡཱན་བོཀ་མཱལ་ཁ",
          "nd": "nd",
          "nds-NL": "nds། (ནེ་དར་ལནཌས྄།)",
          "ne": "ནེ་པཱལི་ཁ",
          "new": "new",
          "ng": "ng",
          "nia": "nia",
          "niu": "niu",
          "nl": "ཌཆ་ཁ",
          "nl-BE": "ཕྷེལེ་མིཤ་ཁ",
          "nmg": "nmg",
          "nn": "ནོར་ཝེ་ཇི་ཡཱན་ནོརསཀ་ཁ",
          "nnh": "nnh",
          "no": "ནོར་ཝི་ཇི་ཡན་ཁ",
          "nog": "nog",
          "nqo": "nqo",
          "nr": "nr",
          "nso": "nso",
          "nus": "nus",
          "nv": "nv",
          "ny": "ny",
          "nyn": "nyn",
          "oc": "oc",
          "om": "om",
          "or": "ཨོ་རི་ཡ་ཁ",
          "os": "os",
          "pa": "པཱན་ཇ་བི་ཁ",
          "pag": "pag",
          "pam": "pam",
          "pap": "pap",
          "pau": "pau",
          "pcm": "pcm",
          "pl": "པོ་ལིཤ་ཁ",
          "prg": "prg",
          "ps": "པཱཤ་ཏོ་ཁ",
          "pt": "པོར་ཅུ་གིས་ཁ",
          "pt-BR": "བྲ་ཛི་ལི་ཡཱན་པོར་ཅུ་གིས་ཁ",
          "pt-PT": "ཨི་བེ་རི་ཡཱན་པོར་ཅུ་གིས་ཁ",
          "qu": "ཀྭེ་ཆུ་ཨ་ཁ",
          "quc": "quc",
          "rap": "rap",
          "rar": "rar",
          "rm": "རོ་མེ་ནིཤ་ཁ",
          "rn": "rn",
          "ro": "རོ་མེ་ནི་ཡཱན་ཁ",
          "ro-MD": "རོ་མེ་ནི་ཡཱན་ཁ། (མོལ་དོ་བཱ།)",
          "rof": "rof",
          "root": "root",
          "ru": "ཨུ་རུ་སུའི་ཁ",
          "rup": "rup",
          "rw": "rw",
          "rwk": "rwk",
          "sa": "སཾསྐྲྀཏ་ཁ",
          "sad": "sad",
          "sah": "sah",
          "saq": "saq",
          "sat": "sat",
          "sba": "sba",
          "sbp": "sbp",
          "sc": "sc",
          "scn": "scn",
          "sco": "sco",
          "sd": "སིན་དཱི་ཁ",
          "se": "se",
          "seh": "seh",
          "ses": "ses",
          "sg": "sg",
          "shi": "shi",
          "shn": "ཤཱན་ཁ",
          "si": "སིང་ཧ་ལ་ཁ",
          "sk": "སུ་ལོ་བཱཀ་ཁ",
          "sl": "སུ་ལོ་བི་ནི་ཡཱན་ཁ",
          "sm": "sm",
          "sma": "sma",
          "smj": "smj",
          "smn": "smn",
          "sms": "sms",
          "sn": "sn",
          "snk": "snk",
          "so": "སོ་མ་ལི་ཁ",
          "sq": "ཨཱལ་བེ་ནི་ཡཱན་ཁ",
          "sr": "སཱར་བྷི་ཡཱན་ཁ",
          "srn": "srn",
          "ss": "ss",
          "ssy": "ssy",
          "st": "st",
          "su": "སཱུན་ད་ནིས་ཁ",
          "suk": "suk",
          "sv": "སུའི་ཌིཤ་ཁ",
          "sw": "སྭཱ་ཧི་ལི་ཁ",
          "sw-CD": "སྭཱ་ཧི་ལི་ཁ། (ཀོང་གྷོ ཀིན་ཤ་ས།)",
          "swb": "swb",
          "syr": "syr",
          "ta": "ཏ་མིལ་ཁ",
          "te": "ཏེ་ལུ་གུ་ཁ",
          "tem": "tem",
          "teo": "teo",
          "tet": "tet",
          "tg": "ཏ་ཇིཀ་ཁ",
          "th": "ཐཱའི་ཁ",
          "ti": "ཏིག་རི་ཉ་ཁ",
          "tig": "tig",
          "tk": "ཊཱརཀ་མེན་ཁ",
          "tlh": "tlh",
          "tn": "tn",
          "to": "ཊོང་གྷན་ཁ",
          "tpi": "tpi",
          "tr": "ཊཱར་ཀིཤ་ཁ",
          "trv": "trv",
          "ts": "ts",
          "tt": "ཊ་ཊར་ཁ",
          "tum": "tum",
          "tvl": "tvl",
          "twq": "twq",
          "ty": "ty",
          "tyv": "tyv",
          "tzm": "tzm",
          "udm": "udm",
          "ug": "ཝི་གུར་ཁ",
          "uk": "ཡུ་ཀེ་རེ་ནི་ཡཱན་ཁ",
          "umb": "umb",
          "und": "ཁ་ངོ་མ་ཤེསཔ",
          "ur": "ཨུར་དུ་ཁ",
          "uz": "ཨུས་བེཀ་ཁ",
          "vai": "vai",
          "ve": "ve",
          "vi": "བེཊ་ནཱ་མིས་ཁ",
          "vo": "vo",
          "vun": "vun",
          "wa": "wa",
          "wae": "wae",
          "wal": "wal",
          "war": "war",
          "wo": "ཝོ་ལོཕ་ཁ",
          "wuu": "wuu",
          "xal": "xal",
          "xh": "ཞོ་ས་ཁ",
          "xog": "xog",
          "yav": "yav",
          "ybb": "ybb",
          "yi": "yi",
          "yo": "ཡོ་རུ་བ་ཁ",
          "yue": "yue",
          "zgh": "zgh",
          "zh": "རྒྱ་མི་ཁ",
          "zh-Hans": "རྒྱ་མི་ཁ་འཇམ་སངམ",
          "zh-Hant": "སྔ་དུས་ཀྱི་རྒྱ་མི་ཁ",
          "zu": "ཟུ་ལུ་ཁ",
          "zun": "zun",
          "zxx": "སྐད་རིག་ནང་དོན་མེདཔ",
          "zza": "zza"
        }
      }
    }
  }
}
